Employee_ID,Name,Gender,Age,Department,Designation,Location,Employment_Type,Joining_Date,Status,Exit_Date,Exit_Reason,Performance_Rating,Annual_Salary,Leaves_Taken,Joining_year,Joining_month,Joining_day,End_Date,Tenure_year
EMP00001,Suresh Sharma,Male,30,Admin,Office Manager,Mumbai,Full-Time,2020-07-03,Active,,,3,672407,17,2020,July,3,2026-09-03 19:40:19.193988,6.168377823408624
EMP00002,Vijay Chopra,Male,27,Sales,Sales Manager,Delhi,Full-Time,2018-05-03,Active,,,4,946927,0,2018,May,3,2026-09-03 19:40:19.193988,8.336755646817249
EMP00003,Karan Mishra,Male,56,Operations,Team Lead,Chennai,Full-Time,2025-11-12,Active,,,5,720778,8,2025,November,12,2026-09-03 19:40:19.193988,0.8076659822039699
EMP00004,Priya Yadav,Female,31,IT,QA Analyst,Bangalore,Full-Time,2021-02-12,Active,,,2,635468,3,2021,February,12,2026-09-03 19:40:19.193988,5.555099247091033
EMP00005,Vijay Chauhan,Male,38,Finance,Accountant,Bangalore,Full-Time,2021-11-09,Active,,,3,570946,17,2021,November,9,2026-09-03 19:40:19.193988,4.815879534565366
EMP00006,Suresh Chauhan,Male,45,Sales,Sales Executive,Hyderabad,Full-Time,2021-04-15,Active,,,3,452731,1,2021,April,15,2026-09-03 19:40:19.193988,5.385352498288843
EMP00007,Deepak Reddy,Male,28,Operations,Operations Executive,Noida,Full-Time,2020-08-11,Active,,,3,433172,11,2020,August,11,2026-09-03 19:40:19.193988,6.061601642710472
EMP00008,Anil Iyer,Male,39,Sales,Sales Manager,Mumbai,Full-Time,2025-07-08,Active,,,2,1011077,2,2025,July,8,2026-09-03 19:40:19.193988,1.1553730321697468
EMP00009,Gaurav Yadav,Male,46,Customer Support,Support Executive,Mumbai,Intern,2023-03-09,Active,,,4,427054,22,2023,March,9,2026-09-03 19:40:19.193988,3.488021902806297
EMP00010,Karan Joshi,Male,25,Sales,Regional Sales Head,Bangalore,Full-Time,2026-08-14,Active,,,3,1553112,10,2026,August,14,2026-09-03 19:40:19.193988,0.05475701574264202
EMP00011,Arun Patel,Male,42,Finance,Accountant,Mumbai,Full-Time,2024-05-12,Active,,,5,524846,20,2024,May,12,2026-09-03 19:40:19.193988,2.3107460643394937
EMP00012,Sunil Kumar,Male,57,Marketing,Marketing Manager,Mumbai,Full-Time,2020-10-07,Active,,,3,1091365,13,2020,October,7,2026-09-03 19:40:19.193988,5.905544147843942
EMP00013,Nikhil Chauhan,Male,54,Sales,Sales Manager,Mumbai,Intern,2019-07-21,Active,,,4,1037081,3,2019,July,21,2026-09-03 19:40:19.193988,7.121149897330596
EMP00014,Kavita Yadav,Female,46,Customer Support,Support Team Lead,Hyderabad,Full-Time,2018-09-18,Active,,,5,749069,16,2018,September,18,2026-09-03 19:40:19.193988,7.958932238193018
EMP00015,Manoj Bansal,Male,29,Sales,Sales Executive,Chennai,Full-Time,2026-01-31,Active,,,3,425915,8,2026,January,31,2026-09-03 19:40:19.193988,0.5886379192334018
EMP00016,Rajesh Singh,Male,51,IT,IT Manager,Pune,Full-Time,2019-10-10,Inactive,2022-11-21,Retirement,3,2309569,16,2019,October,10,2022-11-21 00:00:00.000000,3.1156741957563314
EMP00017,Suresh Reddy,Male,34,Finance,Financial Analyst,Hyderabad,Full-Time,2024-10-30,Inactive,2025-06-12,Retirement,4,800409,16,2024,October,30,2025-06-12 00:00:00.000000,0.6160164271047228
EMP00018,Amit Desai,Male,29,Admin,Office Manager,Pune,Full-Time,2018-03-21,Active,,,2,720893,9,2018,March,21,2026-09-03 19:40:19.193988,8.454483230663929
EMP00019,Deepak Verma,Male,27,Operations,Operations Executive,Hyderabad,Full-Time,2018-11-19,Active,,,4,494091,24,2018,November,19,2026-09-03 19:40:19.193988,7.789185489390828
EMP00020,Snehal Kumar,Female,57,Sales,Sales Executive,Chennai,Full-Time,2023-05-01,Inactive,2026-06-14,Health Issues,2,437055,6,2023,May,1,2026-06-14 00:00:00.000000,3.1211498973305956
EMP00021,Snehal Mishra,Female,45,Marketing,Content Specialist,Bangalore,Full-Time,2022-06-23,Active,,,2,528515,3,2022,June,23,2026-09-03 19:40:19.193988,4.1971252566735116
EMP00022,Deepak Joshi,Male,57,IT,Software Engineer,Bangalore,Full-Time,2018-03-28,Active,,,4,656660,2,2018,March,28,2026-09-03 19:40:19.193988,8.435318275154003
EMP00023,Neha Joshi,Female,26,Finance,Accountant,Delhi,Full-Time,2021-09-15,Active,,,4,480695,15,2021,September,15,2026-09-03 19:40:19.193988,4.9664613278576315
EMP00024,Meena Bansal,Female,58,Marketing,Marketing Executive,Chennai,Full-Time,2024-05-27,Active,,,3,523731,13,2024,May,27,2026-09-03 19:40:19.193988,2.269678302532512
EMP00025,Sanjay Singh,Male,44,HR,HR Executive,Chennai,Full-Time,2022-11-01,Active,,,2,414723,23,2022,November,1,2026-09-03 19:40:19.193988,3.838466803559206
EMP00026,Rahul Singh,Male,43,Marketing,Marketing Executive,Pune,Full-Time,2026-03-02,Active,,,3,402168,6,2026,March,2,2026-09-03 19:40:19.193988,0.5065023956194388
EMP00027,Meena Bansal,Female,33,IT,QA Analyst,Mumbai,Full-Time,2022-09-25,Active,,,4,522457,2,2022,September,25,2026-09-03 19:40:19.193988,3.9397672826830936
EMP00028,Sunil Bansal,Male,56,Sales,Sales Executive,Delhi,Full-Time,2025-04-25,Active,,,2,495039,24,2025,April,25,2026-09-03 19:40:19.193988,1.3579739904175223
EMP00029,Rekha Yadav,Female,35,Operations,Operations Manager,Pune,Full-Time,2023-05-26,Active,,,4,1089879,5,2023,May,26,2026-09-03 19:40:19.193988,3.274469541409993
EMP00030,Divya Sharma,Female,40,Sales,Sales Manager,Bangalore,Contract,2023-02-07,Active,,,3,1109634,17,2023,February,7,2026-09-03 19:40:19.193988,3.57015742642026
EMP00031,Kiran Kumar,Female,25,Customer Support,Support Executive,Bangalore,Full-Time,2020-06-10,Active,,,2,373407,23,2020,June,10,2026-09-03 19:40:19.193988,6.231348391512663
EMP00032,Rajesh Verma,Male,54,HR,HR Executive,Hyderabad,Full-Time,2023-05-07,Active,,,4,424980,1,2023,May,7,2026-09-03 19:40:19.193988,3.326488706365503
EMP00033,Rohit Gupta,Male,26,Finance,Accountant,Delhi,Full-Time,2024-09-03,Active,,,3,472040,3,2024,September,3,2026-09-03 19:40:19.193988,1.998631074606434
EMP00034,Nikhil Joshi,Male,48,IT,Software Engineer,Hyderabad,Contract,2018-12-02,Active,,,3,753263,10,2018,December,2,2026-09-03 19:40:19.193988,7.753593429158111
EMP00035,Manoj Mishra,Male,37,Operations,Team Lead,Chennai,Full-Time,2021-07-10,Active,,,5,631645,20,2021,July,10,2026-09-03 19:40:19.193988,5.149897330595483
EMP00036,Ritu Malhotra,Female,22,IT,IT Manager,Noida,Full-Time,2018-10-25,Active,,,3,2498763,3,2018,October,25,2026-09-03 19:40:19.193988,7.857631759069131
EMP00037,Vijay Bansal,Male,30,Sales,Sales Executive,Hyderabad,Full-Time,2020-12-22,Active,,,3,480938,7,2020,December,22,2026-09-03 19:40:19.193988,5.6974674880219025
EMP00038,Vikas Reddy,Male,41,IT,Senior Engineer,Pune,Contract,2024-02-04,Active,,,3,1618361,20,2024,February,4,2026-09-03 19:40:19.193988,2.5790554414784395
EMP00039,Rohit Sharma,Male,41,Finance,Financial Analyst,Noida,Intern,2024-03-21,Active,,,3,579432,4,2024,March,21,2026-09-03 19:40:19.193988,2.4531143052703626
EMP00040,Shreya Singh,Female,31,Operations,Operations Executive,Chennai,Full-Time,2024-03-16,Active,,,4,458611,22,2024,March,16,2026-09-03 19:40:19.193988,2.4668035592060233
EMP00041,Rajesh Mishra,Male,54,Marketing,Content Specialist,Chennai,Full-Time,2020-12-17,Active,,,3,606067,1,2020,December,17,2026-09-03 19:40:19.193988,5.711156741957564
EMP00042,Vijay Rathore,Male,43,Customer Support,Support Team Lead,Delhi,Full-Time,2018-01-15,Active,,,2,662907,8,2018,January,15,2026-09-03 19:40:19.193988,8.632443531827516
EMP00043,Anil Malhotra,Male,57,Marketing,Content Specialist,Chennai,Full-Time,2022-10-18,Inactive,2023-05-20,Higher Studies,1,605785,17,2022,October,18,2023-05-20 00:00:00.000000,0.5859000684462696
EMP00044,Rahul Iyer,Male,24,IT,Senior Engineer,Pune,Full-Time,2019-06-07,Active,,,2,1572470,1,2019,June,7,2026-09-03 19:40:19.193988,7.241615331964408
EMP00045,Suman Mishra,Female,28,HR,Recruiter,Mumbai,Contract,2025-06-24,Active,,,2,483279,13,2025,June,24,2026-09-03 19:40:19.193988,1.1937029431895962
EMP00046,Gaurav Kumar,Male,33,Sales,Sales Executive,Noida,Contract,2019-10-28,Active,,,4,343965,23,2019,October,28,2026-09-03 19:40:19.193988,6.850102669404517
EMP00047,Rajesh Rathore,Male,37,Marketing,Content Specialist,Noida,Full-Time,2026-03-30,Active,,,3,582474,3,2026,March,30,2026-09-03 19:40:19.193988,0.42984257357973993
EMP00048,Arun Verma,Male,51,IT,QA Analyst,Mumbai,Full-Time,2020-03-28,Active,,,4,648018,7,2020,March,28,2026-09-03 19:40:19.193988,6.433949349760438
EMP00049,Rekha Sharma,Female,43,Marketing,Content Specialist,Mumbai,Full-Time,2022-06-21,Active,,,3,438884,24,2022,June,21,2026-09-03 19:40:19.193988,4.202600958247776
EMP00050,Shreya Iyer,Female,43,Customer Support,Support Team Lead,Chennai,Contract,2024-01-06,Active,,,4,537682,8,2024,January,6,2026-09-03 19:40:19.193988,2.6584531143052703
EMP00051,Sunita Chopra,Female,49,Sales,Sales Manager,Delhi,Full-Time,2019-03-21,Active,,,4,1048114,13,2019,March,21,2026-09-03 19:40:19.193988,7.455167693360712
EMP00052,Gaurav Agarwal,Male,34,Sales,Sales Executive,Pune,Full-Time,2024-06-19,Active,,,4,453405,0,2024,June,19,2026-09-03 19:40:19.193988,2.206707734428474
EMP00053,Rohit Bansal,Male,34,Sales,Regional Sales Head,Chennai,Full-Time,2026-04-28,Active,,,4,1580381,21,2026,April,28,2026-09-03 19:40:19.193988,0.35044490075290896
EMP00054,Anita Desai,Female,41,IT,IT Manager,Chennai,Full-Time,2019-05-26,Active,,,3,2233514,10,2019,May,26,2026-09-03 19:40:19.193988,7.274469541409993
EMP00055,Arun Reddy,Male,48,Operations,Team Lead,Mumbai,Full-Time,2020-02-25,Active,,,4,701160,23,2020,February,25,2026-09-03 19:40:19.193988,6.521560574948666
EMP00056,Sunita Desai,Female,57,Marketing,Content Specialist,Bangalore,Full-Time,2022-07-22,Active,,,3,485774,6,2022,July,22,2026-09-03 19:40:19.193988,4.117727583846681
EMP00057,Naveen Chopra,Male,50,IT,IT Manager,Pune,Intern,2022-12-15,Active,,,3,2108939,23,2022,December,15,2026-09-03 19:40:19.193988,3.7180013689253935
EMP00058,Sunita Gupta,Female,43,Marketing,Marketing Manager,Hyderabad,Full-Time,2025-06-12,Inactive,2026-08-30,Personal Reasons,3,1063162,7,2025,June,12,2026-08-30 00:00:00.000000,1.215605749486653
EMP00059,Sanjay Kumar,Male,52,Finance,Accountant,Delhi,Full-Time,2020-09-29,Active,,,4,578697,14,2020,September,29,2026-09-03 19:40:19.193988,5.927446954141
EMP00060,Naveen Chopra,Male,46,Sales,Sales Executive,Chennai,Full-Time,2025-10-23,Active,,,2,379037,20,2025,October,23,2026-09-03 19:40:19.193988,0.8624229979466119
EMP00061,Priya Singh,Female,55,Admin,Office Manager,Mumbai,Contract,2019-12-22,Active,,,3,643777,3,2019,December,22,2026-09-03 19:40:19.193988,6.699520876112252
EMP00062,Sunil Kumar,Male,57,Customer Support,Support Team Lead,Chennai,Full-Time,2023-12-16,Active,,,5,738009,14,2023,December,16,2026-09-03 19:40:19.193988,2.7159479808350446
EMP00063,Aarti Agarwal,Female,50,Customer Support,Support Team Lead,Noida,Full-Time,2024-02-23,Active,,,3,688477,15,2024,February,23,2026-09-03 19:40:19.193988,2.5270362765229293
EMP00064,Nisha Patel,Female,39,IT,Senior Engineer,Noida,Full-Time,2025-02-24,Active,,,3,1376075,20,2025,February,24,2026-09-03 19:40:19.193988,1.5222450376454484
EMP00065,Rekha Patel,Female,40,Operations,Operations Manager,Delhi,Full-Time,2026-01-01,Active,,,2,885905,17,2026,January,1,2026-09-03 19:40:19.193988,0.6707734428473648
EMP00066,Vijay Kumar,Male,31,Admin,Admin Executive,Mumbai,Full-Time,2022-04-18,Active,,,3,306492,13,2022,April,18,2026-09-03 19:40:19.193988,4.37782340862423
EMP00067,Anita Bansal,Female,35,Operations,Operations Manager,Pune,Full-Time,2018-09-13,Active,,,4,905211,24,2018,September,13,2026-09-03 19:40:19.193988,7.972621492128679
EMP00068,Nikhil Sharma,Male,44,IT,QA Analyst,Pune,Full-Time,2018-01-25,Active,,,4,553297,13,2018,January,25,2026-09-03 19:40:19.193988,8.605065023956195
EMP00069,Snehal Bansal,Female,39,Customer Support,Support Executive,Pune,Full-Time,2020-06-17,Active,,,3,301563,10,2020,June,17,2026-09-03 19:40:19.193988,6.2121834360027375
EMP00070,Divya Yadav,Female,56,Marketing,Marketing Manager,Mumbai,Full-Time,2024-12-23,Inactive,2026-03-31,Retirement,4,1021968,0,2024,December,23,2026-03-31 00:00:00.000000,1.267624914442163
EMP00071,Pooja Rathore,Female,33,IT,Senior Engineer,Noida,Full-Time,2023-03-07,Inactive,2025-06-20,Relocation,2,1215063,10,2023,March,7,2025-06-20 00:00:00.000000,2.2888432580424367
EMP00072,Rajesh Chauhan,Male,38,Sales,Sales Manager,Noida,Full-Time,2022-09-23,Active,,,3,934310,23,2022,September,23,2026-09-03 19:40:19.193988,3.9452429842573578
EMP00073,Karan Verma,Male,26,Marketing,Marketing Manager,Mumbai,Full-Time,2025-04-16,Active,,,1,1055166,24,2025,April,16,2026-09-03 19:40:19.193988,1.3826146475017111
EMP00074,Priya Joshi,Female,31,IT,Senior Engineer,Noida,Full-Time,2018-03-25,Active,,,3,1351251,3,2018,March,25,2026-09-03 19:40:19.193988,8.4435318275154
EMP00075,Isha Mishra,Female,45,IT,QA Analyst,Chennai,Full-Time,2020-11-15,Inactive,2022-04-28,Health Issues,2,647746,9,2020,November,15,2022-04-28 00:00:00.000000,1.4483230663928817
EMP00076,Suresh Chopra,Male,46,Finance,Accountant,Bangalore,Full-Time,2024-06-16,Active,,,4,568002,2,2024,June,16,2026-09-03 19:40:19.193988,2.21492128678987
EMP00077,Isha Joshi,Female,41,Admin,Admin Executive,Chennai,Full-Time,2026-08-31,Active,,,3,381557,3,2026,August,31,2026-09-03 19:40:19.193988,0.008213552361396304
EMP00078,Isha Verma,Female,45,IT,IT Manager,Hyderabad,Full-Time,2022-10-21,Inactive,2026-08-07,Relocation,2,1710121,13,2022,October,21,2026-08-07 00:00:00.000000,3.7946611909650922
EMP00079,Praveen Singh,Male,51,Admin,Office Manager,Bangalore,Full-Time,2025-02-16,Active,,,4,614516,23,2025,February,16,2026-09-03 19:40:19.193988,1.5441478439425051
EMP00080,Rohit Patel,Male,52,Sales,Regional Sales Head,Noida,Full-Time,2024-01-14,Active,,,3,2124528,18,2024,January,14,2026-09-03 19:40:19.193988,2.6365503080082138
EMP00081,Manoj Nair,Male,39,Operations,Operations Executive,Noida,Full-Time,2018-12-21,Active,,,3,397969,14,2018,December,21,2026-09-03 19:40:19.193988,7.701574264202601
EMP00082,Isha Desai,Female,23,Operations,Team Lead,Pune,Full-Time,2021-10-09,Active,,,4,686003,15,2021,October,9,2026-09-03 19:40:19.193988,4.900752908966461
EMP00083,Sanjay Iyer,Male,39,IT,IT Manager,Bangalore,Full-Time,2021-02-19,Active,,,4,2113301,6,2021,February,19,2026-09-03 19:40:19.193988,5.535934291581109
EMP00084,Vijay Joshi,Male,57,Sales,Regional Sales Head,Pune,Full-Time,2023-06-25,Active,,,1,2027238,20,2023,June,25,2026-09-03 19:40:19.193988,3.19233401779603
EMP00085,Kiran Malhotra,Female,36,Operations,Operations Executive,Delhi,Full-Time,2021-04-20,Active,,,2,397875,21,2021,April,20,2026-09-03 19:40:19.193988,5.371663244353183
EMP00086,Nikhil Iyer,Male,44,Finance,Finance Manager,Hyderabad,Full-Time,2023-12-15,Active,,,3,1263211,10,2023,December,15,2026-09-03 19:40:19.193988,2.7186858316221767
EMP00087,Vikas Malhotra,Male,36,Marketing,Marketing Manager,Bangalore,Full-Time,2020-10-26,Inactive,2023-02-21,Relocation,1,852930,17,2020,October,26,2023-02-21 00:00:00.000000,2.321697467488022
EMP00088,Anil Mishra,Male,39,Marketing,Marketing Executive,Chennai,Full-Time,2023-06-07,Active,,,4,558289,16,2023,June,7,2026-09-03 19:40:19.193988,3.241615331964408
EMP00089,Aarti Reddy,Female,40,Sales,Sales Executive,Noida,Full-Time,2020-03-06,Active,,,4,368710,0,2020,March,6,2026-09-03 19:40:19.193988,6.494182067077344
EMP00090,Karan Kumar,Male,57,Marketing,Marketing Manager,Delhi,Contract,2018-08-12,Active,,,3,1166254,20,2018,August,12,2026-09-03 19:40:19.193988,8.060232717316905
EMP00091,Praveen Singh,Male,52,Marketing,Marketing Executive,Hyderabad,Full-Time,2021-03-10,Active,,,3,443827,1,2021,March,10,2026-09-03 19:40:19.193988,5.4839151266255985
EMP00092,Shreya Kapoor,Female,47,HR,HR Executive,Noida,Intern,2018-09-25,Active,,,5,432323,21,2018,September,25,2026-09-03 19:40:19.193988,7.939767282683094
EMP00093,Rahul Kumar,Male,41,Sales,Sales Executive,Noida,Full-Time,2024-04-24,Inactive,2025-03-04,Better Opportunity,1,429291,13,2024,April,24,2025-03-04 00:00:00.000000,0.8596851471594799
EMP00094,Gaurav Desai,Male,46,Operations,Team Lead,Mumbai,Full-Time,2023-11-11,Active,,,3,718961,18,2023,November,11,2026-09-03 19:40:19.193988,2.811772758384668
EMP00095,Swati Reddy,Female,28,Sales,Regional Sales Head,Hyderabad,Full-Time,2018-09-04,Active,,,3,1679607,6,2018,September,4,2026-09-03 19:40:19.193988,7.997262149212868
EMP00096,Manoj Gupta,Male,57,Operations,Operations Executive,Mumbai,Full-Time,2019-12-13,Inactive,2020-02-21,Performance Issue,4,432684,19,2019,December,13,2020-02-21 00:00:00.000000,0.19164955509924708
EMP00097,Kiran Reddy,Female,40,Operations,Operations Executive,Mumbai,Full-Time,2021-03-26,Active,,,2,433277,21,2021,March,26,2026-09-03 19:40:19.193988,5.4401095140314855
EMP00098,Rekha Patel,Female,34,Operations,Team Lead,Hyderabad,Intern,2025-06-01,Active,,,3,747477,20,2025,June,1,2026-09-03 19:40:19.193988,1.2566735112936345
EMP00099,Ravi Patel,Male,32,Operations,Operations Executive,Delhi,Full-Time,2018-09-02,Active,,,5,456967,18,2018,September,2,2026-09-03 19:40:19.193988,8.002737850787133
EMP00100,Ritu Malhotra,Female,41,HR,HR Executive,Pune,Full-Time,2025-09-21,Active,,,4,490828,16,2025,September,21,2026-09-03 19:40:19.193988,0.9500342231348392
EMP00101,Karan Kapoor,Male,24,Customer Support,Support Team Lead,Delhi,Full-Time,2024-09-15,Active,,,4,686288,19,2024,September,15,2026-09-03 19:40:19.193988,1.9657768651608487
EMP00102,Manoj Sharma,Male,58,Customer Support,Support Executive,Mumbai,Full-Time,2025-07-24,Active,,,1,300404,24,2025,July,24,2026-09-03 19:40:19.193988,1.111567419575633
EMP00103,Shreya Chopra,Female,33,Sales,Sales Executive,Noida,Full-Time,2026-06-25,Active,,,5,444241,8,2026,June,25,2026-09-03 19:40:19.193988,0.19164955509924708
EMP00104,Sunita Chopra,Female,27,Marketing,Marketing Manager,Chennai,Full-Time,2023-07-08,Active,,,3,962672,10,2023,July,8,2026-09-03 19:40:19.193988,3.156741957563313
EMP00105,Suresh Yadav,Male,53,IT,IT Manager,Pune,Full-Time,2025-10-12,Active,,,4,2456154,24,2025,October,12,2026-09-03 19:40:19.193988,0.892539356605065
EMP00106,Snehal Verma,Female,38,Operations,Operations Manager,Delhi,Full-Time,2021-07-12,Active,,,3,1114266,12,2021,July,12,2026-09-03 19:40:19.193988,5.144421629021219
EMP00107,Rohit Sharma,Male,51,Finance,Financial Analyst,Noida,Full-Time,2024-02-01,Active,,,4,601271,11,2024,February,1,2026-09-03 19:40:19.193988,2.5872689938398357
EMP00108,Gaurav Kapoor,Male,25,Sales,Regional Sales Head,Pune,Full-Time,2026-07-10,Active,,,4,1925438,9,2026,July,10,2026-09-03 19:40:19.193988,0.15058179329226556
EMP00109,Sunil Kapoor,Male,37,Sales,Sales Executive,Delhi,Full-Time,2025-01-24,Active,,,4,389720,0,2025,January,24,2026-09-03 19:40:19.193988,1.6071184120465434
EMP00110,Karan Rathore,Male,51,Operations,Operations Executive,Mumbai,Full-Time,2019-04-10,Active,,,2,465815,4,2019,April,10,2026-09-03 19:40:19.193988,7.40041067761807
EMP00111,Praveen Reddy,Male,52,Admin,Office Manager,Pune,Full-Time,2023-05-31,Active,,,3,642303,12,2023,May,31,2026-09-03 19:40:19.193988,3.260780287474333
EMP00112,Meena Desai,Female,39,Customer Support,Support Executive,Noida,Intern,2018-10-13,Active,,,4,417117,10,2018,October,13,2026-09-03 19:40:19.193988,7.8904859685147155
EMP00113,Rohit Patel,Male,41,Sales,Sales Executive,Bangalore,Full-Time,2026-02-21,Active,,,3,432787,21,2026,February,21,2026-09-03 19:40:19.193988,0.5311430527036276
EMP00114,Praveen Kumar,Male,44,Customer Support,Support Team Lead,Hyderabad,Full-Time,2023-06-07,Active,,,3,693089,12,2023,June,7,2026-09-03 19:40:19.193988,3.241615331964408
EMP00115,Sunil Nair,Male,58,Finance,Accountant,Chennai,Full-Time,2020-09-05,Active,,,2,596202,13,2020,September,5,2026-09-03 19:40:19.193988,5.993155373032169
EMP00116,Rahul Nair,Male,46,Marketing,Content Specialist,Pune,Full-Time,2025-11-28,Active,,,3,557737,20,2025,November,28,2026-09-03 19:40:19.193988,0.7638603696098563
EMP00117,Kavita Kapoor,Female,43,IT,Software Engineer,Mumbai,Full-Time,2023-08-20,Active,,,4,839773,14,2023,August,20,2026-09-03 19:40:19.193988,3.0390143737166326
EMP00118,Suresh Agarwal,Male,31,Admin,Office Manager,Delhi,Full-Time,2026-02-07,Active,,,5,667147,4,2026,February,7,2026-09-03 19:40:19.193988,0.5694729637234771
EMP00119,Vijay Kapoor,Male,47,Customer Support,Support Team Lead,Bangalore,Full-Time,2024-12-27,Active,,,5,714423,21,2024,December,27,2026-09-03 19:40:19.193988,1.6837782340862424
EMP00120,Karan Chauhan,Male,53,Finance,Finance Manager,Chennai,Intern,2026-01-22,Active,,,3,950795,2,2026,January,22,2026-09-03 19:40:19.193988,0.6132785763175906
EMP00121,Rekha Reddy,Female,49,Operations,Operations Executive,Chennai,Full-Time,2019-01-06,Active,,,4,484742,22,2019,January,6,2026-09-03 19:40:19.193988,7.657768651608487
EMP00122,Suresh Malhotra,Male,23,Customer Support,Support Executive,Chennai,Full-Time,2021-05-11,Inactive,2025-12-26,Better Opportunity,3,338571,11,2021,May,11,2025-12-26 00:00:00.000000,4.6269678302532515
EMP00123,Swati Kumar,Female,58,Customer Support,Support Executive,Hyderabad,Full-Time,2022-08-15,Active,,,4,322707,5,2022,August,15,2026-09-03 19:40:19.193988,4.05201916495551
EMP00124,Vijay Desai,Male,37,Sales,Sales Manager,Hyderabad,Full-Time,2025-08-30,Active,,,3,974936,7,2025,August,30,2026-09-03 19:40:19.193988,1.0102669404517455
EMP00125,Sunil Patel,Male,22,Sales,Sales Manager,Bangalore,Intern,2025-06-24,Active,,,5,932491,9,2025,June,24,2026-09-03 19:40:19.193988,1.1937029431895962
EMP00126,Snehal Yadav,Female,41,Finance,Accountant,Pune,Full-Time,2021-11-16,Active,,,4,509861,8,2021,November,16,2026-09-03 19:40:19.193988,4.7967145790554415
EMP00127,Nisha Reddy,Female,28,Sales,Sales Executive,Pune,Contract,2023-06-03,Active,,,4,431507,18,2023,June,3,2026-09-03 19:40:19.193988,3.252566735112936
EMP00128,Ritu Reddy,Female,47,Operations,Operations Executive,Noida,Full-Time,2025-05-20,Active,,,3,452076,21,2025,May,20,2026-09-03 19:40:19.193988,1.2895277207392197
EMP00129,Neha Desai,Female,36,Customer Support,Support Team Lead,Noida,Full-Time,2021-03-18,Active,,,1,594557,20,2021,March,18,2026-09-03 19:40:19.193988,5.462012320328542
EMP00130,Sanjay Desai,Male,30,Operations,Operations Manager,Chennai,Intern,2026-06-22,Active,,,2,1090225,20,2026,June,22,2026-09-03 19:40:19.193988,0.1998631074606434
EMP00131,Rahul Reddy,Male,45,HR,HR Manager,Delhi,Intern,2024-07-01,Active,,,4,797448,9,2024,July,1,2026-09-03 19:40:19.193988,2.1738535249828885
EMP00132,Anita Rathore,Female,56,Finance,Accountant,Mumbai,Full-Time,2019-06-26,Active,,,3,498171,16,2019,June,26,2026-09-03 19:40:19.193988,7.189596167008898
EMP00133,Manoj Yadav,Male,40,Customer Support,Support Team Lead,Noida,Full-Time,2023-05-28,Active,,,5,591291,3,2023,May,28,2026-09-03 19:40:19.193988,3.268993839835729
EMP00134,Nisha Gupta,Female,47,Finance,Accountant,Noida,Full-Time,2020-07-13,Active,,,5,585917,11,2020,July,13,2026-09-03 19:40:19.193988,6.140999315537303
EMP00135,Pooja Chauhan,Female,29,IT,Software Engineer,Bangalore,Full-Time,2024-01-07,Active,,,2,783391,21,2024,January,7,2026-09-03 19:40:19.193988,2.6557152635181382
EMP00136,Shreya Chopra,Female,45,Marketing,Marketing Manager,Noida,Full-Time,2025-02-28,Inactive,2025-08-26,Performance Issue,4,817009,17,2025,February,28,2025-08-26 00:00:00.000000,0.49007529089664614
EMP00137,Rajesh Desai,Male,51,IT,Senior Engineer,Chennai,Full-Time,2018-09-16,Active,,,4,1262138,13,2018,September,16,2026-09-03 19:40:19.193988,7.964407939767283
EMP00138,Suresh Kumar,Male,53,Operations,Operations Executive,Delhi,Full-Time,2021-05-31,Inactive,2022-11-22,Retirement,4,379791,14,2021,May,31,2022-11-22 00:00:00.000000,1.4784394250513346
EMP00139,Vikas Bansal,Male,31,Marketing,Marketing Manager,Hyderabad,Contract,2026-04-29,Active,,,3,1056370,15,2026,April,29,2026-09-03 19:40:19.193988,0.34770704996577684
EMP00140,Gaurav Rathore,Male,45,Sales,Sales Manager,Delhi,Full-Time,2025-09-28,Active,,,4,925090,7,2025,September,28,2026-09-03 19:40:19.193988,0.9308692676249144
EMP00141,Suman Singh,Female,44,IT,IT Manager,Hyderabad,Full-Time,2025-03-26,Inactive,2025-10-13,Personal Reasons,1,2474565,14,2025,March,26,2025-10-13 00:00:00.000000,0.5503080082135524
EMP00142,Vijay Mishra,Male,23,Marketing,Content Specialist,Chennai,Full-Time,2024-09-11,Inactive,2025-10-17,Personal Reasons,3,622764,18,2024,September,11,2025-10-17 00:00:00.000000,1.0978781656399725
EMP00143,Meena Gupta,Female,36,IT,Senior Engineer,Hyderabad,Full-Time,2020-06-03,Active,,,4,1181728,19,2020,June,3,2026-09-03 19:40:19.193988,6.250513347022587
EMP00144,Amit Patel,Male,38,Marketing,Marketing Executive,Mumbai,Contract,2024-01-22,Active,,,5,402286,0,2024,January,22,2026-09-03 19:40:19.193988,2.614647501711157
EMP00145,Ravi Sharma,Male,42,Customer Support,Support Team Lead,Noida,Full-Time,2020-09-01,Inactive,2023-10-22,Better Opportunity,3,540422,13,2020,September,1,2023-10-22 00:00:00.000000,3.137577002053388
EMP00146,Rohit Singh,Male,45,Admin,Admin Executive,Pune,Full-Time,2023-01-11,Active,,,3,312767,16,2023,January,11,2026-09-03 19:40:19.193988,3.6440793976728267
EMP00147,Rekha Desai,Female,55,IT,Software Engineer,Chennai,Full-Time,2025-05-22,Active,,,2,775135,0,2025,May,22,2026-09-03 19:40:19.193988,1.2840520191649556
EMP00148,Rahul Kapoor,Male,28,Sales,Sales Manager,Pune,Full-Time,2025-09-11,Active,,,4,1092492,2,2025,September,11,2026-09-03 19:40:19.193988,0.9774127310061602
EMP00149,Vijay Nair,Male,39,IT,Senior Engineer,Delhi,Contract,2019-06-01,Active,,,3,1409389,22,2019,June,1,2026-09-03 19:40:19.193988,7.258042436687201
EMP00150,Anita Chauhan,Female,51,Sales,Regional Sales Head,Hyderabad,Full-Time,2021-04-22,Active,,,1,1839743,22,2021,April,22,2026-09-03 19:40:19.193988,5.366187542778919
EMP00151,Suresh Bansal,Male,36,IT,Senior Engineer,Pune,Full-Time,2023-01-24,Active,,,2,1535257,12,2023,January,24,2026-09-03 19:40:19.193988,3.6084873374401094
EMP00152,Naveen Singh,Male,38,Finance,Finance Manager,Pune,Full-Time,2021-07-04,Active,,,3,1002161,15,2021,July,4,2026-09-03 19:40:19.193988,5.166324435318275
EMP00153,Vijay Gupta,Male,28,Operations,Operations Executive,Delhi,Full-Time,2022-11-04,Active,,,4,419604,4,2022,November,4,2026-09-03 19:40:19.193988,3.8302532511978096
EMP00154,Snehal Verma,Female,43,Sales,Regional Sales Head,Hyderabad,Contract,2024-04-19,Active,,,5,1825782,21,2024,April,19,2026-09-03 19:40:19.193988,2.3737166324435317
EMP00155,Naveen Verma,Male,44,IT,IT Manager,Hyderabad,Full-Time,2021-07-03,Inactive,2024-07-06,Personal Reasons,4,1823784,15,2021,July,3,2024-07-06 00:00:00.000000,3.0088980150581794
EMP00156,Deepak Singh,Male,45,IT,IT Manager,Noida,Full-Time,2024-03-28,Inactive,2025-03-08,Retirement,3,1880927,13,2024,March,28,2025-03-08 00:00:00.000000,0.944558521560575
EMP00157,Karan Desai,Male,39,IT,Software Engineer,Hyderabad,Full-Time,2025-05-18,Inactive,2025-12-03,Higher Studies,4,808474,10,2025,May,18,2025-12-03 00:00:00.000000,0.5448323066392882
EMP00158,Vikas Sharma,Male,58,IT,Senior Engineer,Noida,Full-Time,2019-08-10,Active,,,4,1141184,23,2019,August,10,2026-09-03 19:40:19.193988,7.066392881587953
EMP00159,Amit Gupta,Male,46,Finance,Financial Analyst,Hyderabad,Full-Time,2020-05-31,Active,,,3,641132,11,2020,May,31,2026-09-03 19:40:19.193988,6.2587268993839835
EMP00160,Ashok Nair,Male,32,IT,Software Engineer,Delhi,Full-Time,2019-09-30,Active,,,3,608933,2,2019,September,30,2026-09-03 19:40:19.193988,6.926762491444216
EMP00161,Manoj Malhotra,Male,50,IT,QA Analyst,Pune,Full-Time,2024-10-22,Active,,,3,514925,16,2024,October,22,2026-09-03 19:40:19.193988,1.864476386036961
EMP00162,Suresh Iyer,Male,53,Customer Support,Support Team Lead,Delhi,Full-Time,2021-03-06,Active,,,4,584020,7,2021,March,6,2026-09-03 19:40:19.193988,5.494866529774128
EMP00163,Divya Desai,Female,41,Finance,Accountant,Delhi,Full-Time,2020-04-17,Active,,,3,578469,24,2020,April,17,2026-09-03 19:40:19.193988,6.379192334017796
EMP00164,Manoj Reddy,Male,53,Operations,Operations Manager,Delhi,Full-Time,2018-02-01,Active,,,2,828250,12,2018,February,1,2026-09-03 19:40:19.193988,8.58590006844627
EMP00165,Karan Joshi,Male,24,IT,IT Manager,Delhi,Full-Time,2022-06-15,Active,,,3,2067803,2,2022,June,15,2026-09-03 19:40:19.193988,4.219028062970568
EMP00166,Rajesh Chopra,Male,48,Admin,Office Manager,Hyderabad,Full-Time,2022-07-15,Active,,,3,607207,10,2022,July,15,2026-09-03 19:40:19.193988,4.136892539356605
EMP00167,Anil Desai,Male,45,Sales,Sales Manager,Noida,Full-Time,2025-09-25,Inactive,2026-01-17,Personal Reasons,2,921843,12,2025,September,25,2026-01-17 00:00:00.000000,0.31211498973305957
EMP00168,Rohit Gupta,Male,43,IT,QA Analyst,Noida,Full-Time,2021-06-24,Active,,,4,638905,2,2021,June,24,2026-09-03 19:40:19.193988,5.193702943189596
EMP00169,Rohit Singh,Male,44,Finance,Financial Analyst,Hyderabad,Full-Time,2020-03-05,Active,,,5,801638,20,2020,March,5,2026-09-03 19:40:19.193988,6.496919917864476
EMP00170,Ravi Joshi,Male,34,HR,HR Executive,Mumbai,Intern,2020-11-14,Inactive,2022-10-01,Health Issues,4,461464,2,2020,November,14,2022-10-01 00:00:00.000000,1.8781656399726214
EMP00171,Sunita Kapoor,Female,50,IT,QA Analyst,Noida,Full-Time,2024-04-28,Active,,,4,661550,20,2024,April,28,2026-09-03 19:40:19.193988,2.349075975359343
EMP00172,Aarti Nair,Female,50,Finance,Financial Analyst,Bangalore,Full-Time,2019-09-11,Inactive,2024-10-25,Higher Studies,3,631233,8,2019,September,11,2024-10-25 00:00:00.000000,5.122518822724161
EMP00173,Isha Verma,Female,41,Sales,Sales Manager,Hyderabad,Full-Time,2018-10-31,Active,,,3,778538,11,2018,October,31,2026-09-03 19:40:19.193988,7.841204654346338
EMP00174,Ashok Gupta,Male,54,IT,Software Engineer,Hyderabad,Full-Time,2024-08-30,Active,,,4,757492,23,2024,August,30,2026-09-03 19:40:19.193988,2.0095824777549622
EMP00175,Rahul Malhotra,Male,42,Marketing,Content Specialist,Chennai,Full-Time,2020-02-11,Active,,,3,525273,1,2020,February,11,2026-09-03 19:40:19.193988,6.5598904859685145
EMP00176,Sunil Singh,Male,54,Sales,Sales Manager,Chennai,Full-Time,2018-12-12,Active,,,2,779091,22,2018,December,12,2026-09-03 19:40:19.193988,7.72621492128679
EMP00177,Sunil Malhotra,Male,40,Admin,Admin Executive,Bangalore,Full-Time,2022-03-08,Active,,,4,405925,21,2022,March,8,2026-09-03 19:40:19.193988,4.490075290896646
EMP00178,Gaurav Verma,Male,26,Operations,Team Lead,Chennai,Full-Time,2021-10-02,Active,,,3,751229,12,2021,October,2,2026-09-03 19:40:19.193988,4.919917864476386
EMP00179,Ashok Patel,Male,31,HR,Recruiter,Noida,Full-Time,2025-05-13,Active,,,5,487393,4,2025,May,13,2026-09-03 19:40:19.193988,1.3086926762491444
EMP00180,Suman Reddy,Female,27,Admin,Office Manager,Mumbai,Full-Time,2024-09-03,Active,,,4,600403,10,2024,September,3,2026-09-03 19:40:19.193988,1.998631074606434
EMP00181,Kavita Agarwal,Female,49,Sales,Sales Executive,Chennai,Full-Time,2025-07-09,Active,,,4,342916,9,2025,July,9,2026-09-03 19:40:19.193988,1.1526351813826146
EMP00182,Anil Mishra,Male,34,Customer Support,Support Team Lead,Noida,Full-Time,2023-06-15,Active,,,4,543015,2,2023,June,15,2026-09-03 19:40:19.193988,3.2197125256673513
EMP00183,Ashok Singh,Male,55,Sales,Regional Sales Head,Noida,Full-Time,2024-01-20,Inactive,2025-02-27,Health Issues,4,1974982,19,2024,January,20,2025-02-27 00:00:00.000000,1.106091718001369
EMP00184,Divya Kumar,Female,32,Finance,Accountant,Mumbai,Full-Time,2025-10-08,Active,,,4,433738,11,2025,October,8,2026-09-03 19:40:19.193988,0.9034907597535934
EMP00185,Deepak Malhotra,Male,50,Operations,Team Lead,Bangalore,Full-Time,2026-06-09,Active,,,3,661967,15,2026,June,9,2026-09-03 19:40:19.193988,0.23545516769336072
EMP00186,Sanjay Iyer,Male,40,IT,QA Analyst,Pune,Full-Time,2026-08-18,Active,,,3,578139,13,2026,August,18,2026-09-03 19:40:19.193988,0.04380561259411362
EMP00187,Anil Mishra,Male,25,Customer Support,Support Executive,Noida,Full-Time,2020-10-21,Active,,,3,419876,17,2020,October,21,2026-09-03 19:40:19.193988,5.867214236824093
EMP00188,Anjali Agarwal,Female,32,Marketing,Marketing Executive,Bangalore,Full-Time,2018-12-10,Active,,,5,545455,4,2018,December,10,2026-09-03 19:40:19.193988,7.731690622861054
EMP00189,Swati Gupta,Female,44,IT,Senior Engineer,Noida,Full-Time,2023-01-22,Active,,,4,1320746,12,2023,January,22,2026-09-03 19:40:19.193988,3.6139630390143735
EMP00190,Preeti Iyer,Female,45,Finance,Accountant,Pune,Contract,2018-12-01,Active,,,4,488736,3,2018,December,1,2026-09-03 19:40:19.193988,7.756331279945243
EMP00191,Rajesh Kumar,Male,52,IT,Senior Engineer,Delhi,Full-Time,2021-03-21,Active,,,4,1177172,22,2021,March,21,2026-09-03 19:40:19.193988,5.453798767967146
EMP00192,Praveen Malhotra,Male,23,Marketing,Content Specialist,Delhi,Full-Time,2018-11-21,Active,,,4,591992,17,2018,November,21,2026-09-03 19:40:19.193988,7.783709787816564
EMP00193,Gaurav Agarwal,Male,37,Operations,Operations Manager,Delhi,Full-Time,2021-03-26,Active,,,4,782189,13,2021,March,26,2026-09-03 19:40:19.193988,5.4401095140314855
EMP00194,Gaurav Malhotra,Male,56,HR,HR Executive,Delhi,Full-Time,2023-08-10,Inactive,2026-08-29,Retirement,2,378710,4,2023,August,10,2026-08-29 00:00:00.000000,3.052703627652293
EMP00195,Ashok Rathore,Male,37,Operations,Operations Executive,Hyderabad,Full-Time,2021-12-16,Active,,,4,388468,21,2021,December,16,2026-09-03 19:40:19.193988,4.714579055441479
EMP00196,Pooja Agarwal,Female,56,Finance,Finance Manager,Delhi,Full-Time,2023-11-25,Active,,,3,1369865,17,2023,November,25,2026-09-03 19:40:19.193988,2.7734428473648185
EMP00197,Amit Chauhan,Male,46,Customer Support,Support Team Lead,Delhi,Full-Time,2025-02-16,Active,,,3,570876,0,2025,February,16,2026-09-03 19:40:19.193988,1.5441478439425051
EMP00198,Vikas Gupta,Male,28,Customer Support,Support Team Lead,Mumbai,Full-Time,2026-03-22,Active,,,3,686444,10,2026,March,22,2026-09-03 19:40:19.193988,0.4517453798767967
EMP00199,Ravi Verma,Male,33,Marketing,Marketing Manager,Hyderabad,Full-Time,2021-10-18,Active,,,4,1067679,22,2021,October,18,2026-09-03 19:40:19.193988,4.876112251882272
EMP00200,Kiran Yadav,Female,51,Marketing,Marketing Executive,Delhi,Full-Time,2026-01-11,Inactive,2026-05-02,Better Opportunity,5,524899,1,2026,January,11,2026-05-02 00:00:00.000000,0.30390143737166325
EMP00201,Anita Reddy,Female,52,Sales,Regional Sales Head,Pune,Full-Time,2024-02-03,Active,,,4,2072369,6,2024,February,3,2026-09-03 19:40:19.193988,2.5817932922655715
EMP00202,Ashok Iyer,Male,43,Operations,Operations Executive,Noida,Contract,2025-05-09,Active,,,5,491289,13,2025,May,9,2026-09-03 19:40:19.193988,1.319644079397673
EMP00203,Arun Malhotra,Male,53,Sales,Sales Manager,Bangalore,Intern,2020-02-05,Active,,,4,897244,16,2020,February,5,2026-09-03 19:40:19.193988,6.576317590691307
EMP00204,Manoj Gupta,Male,33,Customer Support,Support Team Lead,Delhi,Contract,2022-10-30,Active,,,3,587090,2,2022,October,30,2026-09-03 19:40:19.193988,3.8439425051334704
EMP00205,Rajesh Reddy,Male,49,HR,HR Manager,Pune,Full-Time,2024-10-04,Inactive,2026-03-02,Relocation,3,925966,23,2024,October,4,2026-03-02 00:00:00.000000,1.4072553045859
EMP00206,Suman Desai,Female,25,Sales,Sales Manager,Bangalore,Full-Time,2025-03-04,Inactive,2026-03-25,Performance Issue,3,895792,23,2025,March,4,2026-03-25 00:00:00.000000,1.056810403832991
EMP00207,Anil Sharma,Male,50,Customer Support,Support Executive,Noida,Full-Time,2024-10-24,Inactive,2025-03-01,Personal Reasons,3,406492,11,2024,October,24,2025-03-01 00:00:00.000000,0.35044490075290896
EMP00208,Suman Chauhan,Female,31,HR,Recruiter,Delhi,Full-Time,2024-10-14,Active,,,3,553288,11,2024,October,14,2026-09-03 19:40:19.193988,1.8863791923340179
EMP00209,Sunil Gupta,Male,45,Sales,Regional Sales Head,Mumbai,Full-Time,2023-12-09,Active,,,3,1997683,7,2023,December,9,2026-09-03 19:40:19.193988,2.735112936344969
EMP00210,Anjali Sharma,Female,46,IT,Senior Engineer,Pune,Full-Time,2023-10-22,Active,,,4,1166235,24,2023,October,22,2026-09-03 19:40:19.193988,2.86652977412731
EMP00211,Manoj Malhotra,Male,53,Marketing,Marketing Executive,Hyderabad,Full-Time,2021-03-15,Active,,,5,406931,2,2021,March,15,2026-09-03 19:40:19.193988,5.470225872689938
EMP00212,Sunil Yadav,Male,42,HR,Recruiter,Pune,Full-Time,2018-12-26,Active,,,5,510217,17,2018,December,26,2026-09-03 19:40:19.193988,7.687885010266941
EMP00213,Karan Reddy,Male,33,Marketing,Marketing Manager,Noida,Full-Time,2019-10-08,Active,,,4,1000827,3,2019,October,8,2026-09-03 19:40:19.193988,6.9048596851471595
EMP00214,Sanjay Kumar,Male,23,Customer Support,Support Executive,Noida,Full-Time,2023-07-17,Active,,,2,377618,14,2023,July,17,2026-09-03 19:40:19.193988,3.132101300479124
EMP00215,Karan Kumar,Male,41,Finance,Financial Analyst,Delhi,Full-Time,2018-09-27,Active,,,2,738902,15,2018,September,27,2026-09-03 19:40:19.193988,7.9342915811088295
EMP00216,Preeti Rathore,Female,26,HR,HR Manager,Noida,Full-Time,2024-06-12,Inactive,2025-07-01,Higher Studies,3,791699,14,2024,June,12,2025-07-01 00:00:00.000000,1.051334702258727
EMP00217,Rohit Iyer,Male,33,Finance,Accountant,Noida,Full-Time,2024-03-08,Active,,,2,450806,16,2024,March,8,2026-09-03 19:40:19.193988,2.48870636550308
EMP00218,Neha Singh,Female,32,Customer Support,Support Executive,Bangalore,Full-Time,2019-11-06,Active,,,3,396806,11,2019,November,6,2026-09-03 19:40:19.193988,6.825462012320329
EMP00219,Preeti Reddy,Female,57,HR,HR Executive,Bangalore,Full-Time,2020-03-15,Active,,,2,440003,19,2020,March,15,2026-09-03 19:40:19.193988,6.469541409993155
EMP00220,Snehal Gupta,Female,31,Marketing,Content Specialist,Chennai,Full-Time,2019-11-22,Inactive,2023-11-03,Health Issues,3,609785,1,2019,November,22,2023-11-03 00:00:00.000000,3.9479808350444903
EMP00221,Amit Gupta,Male,58,Marketing,Marketing Executive,Chennai,Full-Time,2026-08-25,Active,,,2,420445,18,2026,August,25,2026-09-03 19:40:19.193988,0.024640657084188913
EMP00222,Swati Desai,Female,56,Sales,Regional Sales Head,Delhi,Full-Time,2023-08-02,Active,,,3,2218788,15,2023,August,2,2026-09-03 19:40:19.193988,3.0882956878850103
EMP00223,Deepak Chauhan,Male,25,IT,IT Manager,Pune,Full-Time,2018-10-26,Inactive,2023-08-23,Performance Issue,4,2071553,10,2018,October,26,2023-08-23 00:00:00.000000,4.824093086926762
EMP00224,Aarti Kumar,Female,42,HR,HR Manager,Noida,Full-Time,2026-01-21,Active,,,3,1074879,12,2026,January,21,2026-09-03 19:40:19.193988,0.6160164271047228
EMP00225,Ravi Iyer,Male,51,Customer Support,Support Executive,Bangalore,Full-Time,2020-09-17,Inactive,2025-12-01,Personal Reasons,2,317222,1,2020,September,17,2025-12-01 00:00:00.000000,5.204654346338125
EMP00226,Ashok Chauhan,Male,32,Sales,Regional Sales Head,Pune,Full-Time,2020-10-13,Active,,,3,2202301,23,2020,October,13,2026-09-03 19:40:19.193988,5.88911704312115
EMP00227,Rajesh Mishra,Male,51,Customer Support,Support Executive,Pune,Full-Time,2023-10-10,Active,,,3,340695,0,2023,October,10,2026-09-03 19:40:19.193988,2.8993839835728954
EMP00228,Vijay Chauhan,Male,44,IT,QA Analyst,Mumbai,Full-Time,2020-05-31,Inactive,2023-09-25,Performance Issue,3,598954,20,2020,May,31,2023-09-25 00:00:00.000000,3.3182751540041067
EMP00229,Kiran Reddy,Female,49,HR,Recruiter,Delhi,Full-Time,2019-03-17,Inactive,2022-05-03,Higher Studies,3,448339,12,2019,March,17,2022-05-03 00:00:00.000000,3.1293634496919918
EMP00230,Vikas Verma,Male,57,Customer Support,Support Team Lead,Delhi,Full-Time,2024-05-24,Active,,,2,642773,2,2024,May,24,2026-09-03 19:40:19.193988,2.2778918548939084
EMP00231,Divya Agarwal,Female,39,Finance,Finance Manager,Noida,Contract,2024-03-02,Active,,,4,1209226,19,2024,March,2,2026-09-03 19:40:19.193988,2.5051334702258727
EMP00232,Suresh Kumar,Male,43,Sales,Sales Executive,Pune,Full-Time,2022-03-09,Active,,,3,398497,4,2022,March,9,2026-09-03 19:40:19.193988,4.487337440109514
EMP00233,Meena Desai,Female,24,IT,QA Analyst,Hyderabad,Full-Time,2018-06-14,Inactive,2026-08-13,Relocation,4,644372,16,2018,June,14,2026-08-13 00:00:00.000000,8.164271047227926
EMP00234,Nisha Kumar,Female,42,Finance,Financial Analyst,Hyderabad,Full-Time,2019-07-27,Active,,,3,635317,12,2019,July,27,2026-09-03 19:40:19.193988,7.104722792607803
EMP00235,Gaurav Reddy,Male,56,Customer Support,Support Team Lead,Hyderabad,Full-Time,2023-09-19,Active,,,3,645101,15,2023,September,19,2026-09-03 19:40:19.193988,2.9568788501026693
EMP00236,Amit Iyer,Male,48,Finance,Finance Manager,Chennai,Full-Time,2019-03-25,Active,,,4,1285572,23,2019,March,25,2026-09-03 19:40:19.193988,7.444216290212183
EMP00237,Amit Desai,Male,58,Sales,Sales Manager,Bangalore,Full-Time,2025-05-09,Active,,,5,783487,15,2025,May,9,2026-09-03 19:40:19.193988,1.319644079397673
EMP00238,Sunita Agarwal,Female,46,Marketing,Content Specialist,Chennai,Full-Time,2024-12-13,Inactive,2025-10-17,Better Opportunity,4,539514,22,2024,December,13,2025-10-17 00:00:00.000000,0.8432580424366872
EMP00239,Suresh Mishra,Male,48,Customer Support,Support Executive,Pune,Full-Time,2021-07-08,Inactive,2025-07-21,Personal Reasons,3,354952,24,2021,July,8,2025-07-21 00:00:00.000000,4.035592060232717
EMP00240,Gaurav Kapoor,Male,30,Sales,Regional Sales Head,Chennai,Full-Time,2018-09-13,Active,,,4,1933838,21,2018,September,13,2026-09-03 19:40:19.193988,7.972621492128679
EMP00241,Praveen Agarwal,Male,51,Marketing,Marketing Manager,Bangalore,Full-Time,2019-12-11,Active,,,3,937584,11,2019,December,11,2026-09-03 19:40:19.193988,6.729637234770705
EMP00242,Manoj Desai,Male,39,IT,QA Analyst,Mumbai,Full-Time,2020-10-06,Active,,,3,516970,9,2020,October,6,2026-09-03 19:40:19.193988,5.908281998631074
EMP00243,Ashok Mishra,Male,42,Finance,Financial Analyst,Chennai,Full-Time,2023-06-26,Active,,,5,698226,23,2023,June,26,2026-09-03 19:40:19.193988,3.189596167008898
EMP00244,Shreya Reddy,Female,56,IT,Software Engineer,Hyderabad,Full-Time,2025-08-03,Active,,,3,869444,11,2025,August,3,2026-09-03 19:40:19.193988,1.0841889117043122
EMP00245,Ravi Reddy,Male,27,Sales,Sales Executive,Bangalore,Full-Time,2026-01-04,Active,,,3,410780,8,2026,January,4,2026-09-03 19:40:19.193988,0.6625598904859685
EMP00246,Praveen Mishra,Male,39,Operations,Operations Executive,Noida,Full-Time,2024-01-16,Active,,,2,473956,4,2024,January,16,2026-09-03 19:40:19.193988,2.631074606433949
EMP00247,Anjali Desai,Female,37,Finance,Financial Analyst,Hyderabad,Full-Time,2020-09-07,Inactive,2023-05-19,Higher Studies,3,613037,3,2020,September,7,2023-05-19 00:00:00.000000,2.6940451745379876
EMP00248,Naveen Nair,Male,30,Operations,Team Lead,Pune,Full-Time,2019-02-16,Inactive,2025-06-18,Personal Reasons,4,708934,15,2019,February,16,2025-06-18 00:00:00.000000,6.335386721423682
EMP00249,Praveen Mishra,Male,25,Marketing,Marketing Manager,Bangalore,Full-Time,2021-03-15,Active,,,2,841495,18,2021,March,15,2026-09-03 19:40:19.193988,5.470225872689938
EMP00250,Rekha Bansal,Female,33,Sales,Regional Sales Head,Chennai,Intern,2018-06-02,Active,,,3,2133075,1,2018,June,2,2026-09-03 19:40:19.193988,8.254620123203285
EMP00251,Arun Kapoor,Male,24,Finance,Accountant,Chennai,Contract,2021-03-31,Inactive,2024-08-05,Retirement,4,446460,10,2021,March,31,2024-08-05 00:00:00.000000,3.34839151266256
EMP00252,Ritu Malhotra,Female,53,Marketing,Content Specialist,Hyderabad,Full-Time,2023-11-18,Active,,,4,451839,16,2023,November,18,2026-09-03 19:40:19.193988,2.7926078028747434
EMP00253,Sunil Patel,Male,43,Finance,Accountant,Noida,Full-Time,2019-04-07,Inactive,2024-07-28,Higher Studies,5,476452,5,2019,April,7,2024-07-28 00:00:00.000000,5.308692676249144
EMP00254,Priya Nair,Female,34,Sales,Sales Manager,Hyderabad,Full-Time,2025-07-25,Inactive,2026-08-16,Performance Issue,5,1062716,16,2025,July,25,2026-08-16 00:00:00.000000,1.0595482546201231
EMP00255,Rajesh Gupta,Male,33,Marketing,Marketing Manager,Chennai,Contract,2019-01-26,Active,,,1,988932,7,2019,January,26,2026-09-03 19:40:19.193988,7.603011635865846
EMP00256,Priya Patel,Female,39,IT,QA Analyst,Mumbai,Contract,2023-01-04,Active,,,5,533928,23,2023,January,4,2026-09-03 19:40:19.193988,3.6632443531827517
EMP00257,Isha Sharma,Female,37,Finance,Finance Manager,Chennai,Contract,2022-01-12,Inactive,2022-11-10,Performance Issue,4,1069994,12,2022,January,12,2022-11-10 00:00:00.000000,0.8268309377138946
EMP00258,Rohit Reddy,Male,40,Operations,Team Lead,Delhi,Full-Time,2025-03-01,Active,,,3,656837,4,2025,March,1,2026-09-03 19:40:19.193988,1.5085557837097878
EMP00259,Praveen Kumar,Male,45,Sales,Sales Manager,Chennai,Full-Time,2024-10-17,Active,,,4,962724,15,2024,October,17,2026-09-03 19:40:19.193988,1.8781656399726214
EMP00260,Karan Mishra,Male,27,Operations,Operations Executive,Chennai,Full-Time,2026-06-19,Active,,,3,445733,11,2026,June,19,2026-09-03 19:40:19.193988,0.2080766598220397
EMP00261,Vijay Chopra,Male,54,Operations,Operations Executive,Delhi,Full-Time,2024-02-22,Active,,,4,447158,5,2024,February,22,2026-09-03 19:40:19.193988,2.529774127310062
EMP00262,Anita Agarwal,Female,35,Marketing,Marketing Manager,Delhi,Full-Time,2025-08-18,Active,,,1,993254,16,2025,August,18,2026-09-03 19:40:19.193988,1.0431211498973305
EMP00263,Nisha Verma,Female,48,Sales,Sales Manager,Mumbai,Contract,2023-10-04,Active,,,3,785785,14,2023,October,4,2026-09-03 19:40:19.193988,2.915811088295688
EMP00264,Ritu Sharma,Female,35,Operations,Operations Manager,Bangalore,Intern,2018-01-13,Active,,,3,781304,11,2018,January,13,2026-09-03 19:40:19.193988,8.63791923340178
EMP00265,Pooja Bansal,Female,24,HR,HR Executive,Delhi,Full-Time,2023-04-18,Active,,,4,368797,4,2023,April,18,2026-09-03 19:40:19.193988,3.378507871321013
EMP00266,Swati Iyer,Female,46,Admin,Office Manager,Pune,Full-Time,2022-03-27,Inactive,2026-02-09,Health Issues,3,639432,20,2022,March,27,2026-02-09 00:00:00.000000,3.8740588637919235
EMP00267,Vikas Singh,Male,55,Operations,Operations Executive,Hyderabad,Full-Time,2022-05-29,Inactive,2023-10-27,Health Issues,2,357583,0,2022,May,29,2023-10-27 00:00:00.000000,1.4127310061601643
EMP00268,Ashok Malhotra,Male,36,IT,QA Analyst,Hyderabad,Full-Time,2022-04-03,Active,,,3,543655,8,2022,April,3,2026-09-03 19:40:19.193988,4.418891170431212
EMP00269,Sanjay Singh,Male,48,Sales,Sales Executive,Noida,Intern,2025-05-28,Active,,,3,489798,0,2025,May,28,2026-09-03 19:40:19.193988,1.267624914442163
EMP00270,Deepak Mishra,Male,24,Marketing,Marketing Executive,Delhi,Full-Time,2024-08-29,Active,,,5,503464,1,2024,August,29,2026-09-03 19:40:19.193988,2.0123203285420943
EMP00271,Rekha Verma,Female,56,Sales,Sales Manager,Pune,Full-Time,2020-08-17,Active,,,4,1075942,1,2020,August,17,2026-09-03 19:40:19.193988,6.04517453798768
EMP00272,Kavita Agarwal,Female,58,Finance,Finance Manager,Mumbai,Full-Time,2026-03-16,Active,,,2,1198083,21,2026,March,16,2026-09-03 19:40:19.193988,0.4681724845995893
EMP00273,Anita Joshi,Female,55,IT,IT Manager,Mumbai,Contract,2025-05-28,Active,,,4,1940400,1,2025,May,28,2026-09-03 19:40:19.193988,1.267624914442163
EMP00274,Karan Chopra,Male,49,Finance,Financial Analyst,Mumbai,Full-Time,2025-01-08,Active,,,2,564689,11,2025,January,8,2026-09-03 19:40:19.193988,1.6509240246406571
EMP00275,Arun Agarwal,Male,48,Sales,Sales Manager,Chennai,Full-Time,2022-09-02,Inactive,2024-12-10,Personal Reasons,3,1036589,15,2022,September,2,2024-12-10 00:00:00.000000,2.272416153319644
EMP00276,Deepak Joshi,Male,31,Admin,Office Manager,Noida,Contract,2025-12-08,Active,,,5,729537,17,2025,December,8,2026-09-03 19:40:19.193988,0.7364818617385352
EMP00277,Swati Rathore,Female,46,Sales,Regional Sales Head,Hyderabad,Full-Time,2019-07-04,Active,,,4,1676402,20,2019,July,4,2026-09-03 19:40:19.193988,7.167693360711842
EMP00278,Pooja Malhotra,Female,34,Sales,Sales Manager,Delhi,Full-Time,2024-01-03,Inactive,2025-03-24,Higher Studies,3,982789,1,2024,January,3,2025-03-24 00:00:00.000000,1.2210814510609171
EMP00279,Vijay Mishra,Male,57,Finance,Financial Analyst,Chennai,Full-Time,2025-07-13,Active,,,3,606811,10,2025,July,13,2026-09-03 19:40:19.193988,1.1416837782340863
EMP00280,Ashok Sharma,Male,29,Customer Support,Support Executive,Mumbai,Full-Time,2026-04-26,Active,,,2,403106,7,2026,April,26,2026-09-03 19:40:19.193988,0.35592060232717315
EMP00281,Aarti Mishra,Female,42,Admin,Office Manager,Mumbai,Contract,2024-03-11,Active,,,4,601358,17,2024,March,11,2026-09-03 19:40:19.193988,2.4804928131416837
EMP00282,Suman Reddy,Female,53,Finance,Finance Manager,Bangalore,Full-Time,2023-10-02,Active,,,3,1288239,23,2023,October,2,2026-09-03 19:40:19.193988,2.921286789869952
EMP00283,Praveen Nair,Male,48,IT,Senior Engineer,Bangalore,Full-Time,2021-07-05,Inactive,2026-07-08,Personal Reasons,3,1490451,0,2021,July,5,2026-07-08 00:00:00.000000,5.007529089664613
EMP00284,Manoj Bansal,Male,34,IT,QA Analyst,Bangalore,Full-Time,2019-09-17,Active,,,2,551064,7,2019,September,17,2026-09-03 19:40:19.193988,6.962354551676934
EMP00285,Kiran Bansal,Female,38,Finance,Financial Analyst,Chennai,Full-Time,2021-10-14,Active,,,3,679541,23,2021,October,14,2026-09-03 19:40:19.193988,4.887063655030801
EMP00286,Kiran Malhotra,Female,32,IT,Senior Engineer,Chennai,Full-Time,2021-12-13,Inactive,2025-03-06,Performance Issue,3,1200704,17,2021,December,13,2025-03-06 00:00:00.000000,3.2279260780287475
EMP00287,Rahul Agarwal,Male,25,Customer Support,Support Executive,Noida,Full-Time,2018-11-01,Active,,,4,355234,20,2018,November,1,2026-09-03 19:40:19.193988,7.838466803559206
EMP00288,Rekha Gupta,Female,54,Customer Support,Support Executive,Delhi,Full-Time,2020-06-14,Active,,,4,305963,20,2020,June,14,2026-09-03 19:40:19.193988,6.220396988364135
EMP00289,Aarti Kapoor,Female,22,Operations,Team Lead,Pune,Full-Time,2018-03-06,Active,,,4,710174,0,2018,March,6,2026-09-03 19:40:19.193988,8.49555099247091
EMP00290,Rohit Patel,Male,49,Customer Support,Support Team Lead,Delhi,Contract,2023-08-20,Active,,,1,728345,3,2023,August,20,2026-09-03 19:40:19.193988,3.0390143737166326
EMP00291,Anjali Agarwal,Female,55,Sales,Sales Executive,Mumbai,Full-Time,2020-02-26,Active,,,4,396710,12,2020,February,26,2026-09-03 19:40:19.193988,6.5188227241615335
EMP00292,Vijay Iyer,Male,37,Operations,Operations Manager,Pune,Full-Time,2024-05-03,Active,,,3,846308,21,2024,May,3,2026-09-03 19:40:19.193988,2.3353867214236823
EMP00293,Vijay Verma,Male,46,IT,Software Engineer,Pune,Full-Time,2022-04-03,Active,,,5,610712,0,2022,April,3,2026-09-03 19:40:19.193988,4.418891170431212
EMP00294,Sunita Gupta,Female,43,IT,QA Analyst,Noida,Full-Time,2022-11-13,Active,,,3,656251,3,2022,November,13,2026-09-03 19:40:19.193988,3.805612594113621
EMP00295,Preeti Verma,Female,58,Sales,Sales Executive,Mumbai,Full-Time,2025-10-06,Active,,,3,347449,2,2025,October,6,2026-09-03 19:40:19.193988,0.9089664613278576
EMP00296,Shreya Bansal,Female,23,IT,Software Engineer,Mumbai,Full-Time,2021-07-12,Active,,,5,759370,24,2021,July,12,2026-09-03 19:40:19.193988,5.144421629021219
EMP00297,Arun Gupta,Male,37,Customer Support,Support Team Lead,Mumbai,Full-Time,2024-04-28,Active,,,2,713866,21,2024,April,28,2026-09-03 19:40:19.193988,2.349075975359343
EMP00298,Karan Nair,Male,30,Operations,Operations Manager,Noida,Full-Time,2026-04-18,Active,,,3,1013151,2,2026,April,18,2026-09-03 19:40:19.193988,0.37782340862423
EMP00299,Rohit Iyer,Male,36,Marketing,Marketing Executive,Delhi,Full-Time,2022-11-26,Active,,,4,443806,24,2022,November,26,2026-09-03 19:40:19.193988,3.7700205338809036
EMP00300,Aarti Desai,Female,23,Admin,Office Manager,Noida,Full-Time,2021-08-29,Active,,,2,698051,14,2021,August,29,2026-09-03 19:40:19.193988,5.0130047912388775
EMP00301,Kiran Joshi,Female,49,Sales,Sales Manager,Hyderabad,Full-Time,2022-03-18,Active,,,3,975915,12,2022,March,18,2026-09-03 19:40:19.193988,4.462696783025325
EMP00302,Vijay Desai,Male,26,Operations,Operations Manager,Noida,Full-Time,2020-10-06,Inactive,2022-08-28,Performance Issue,3,1021203,20,2020,October,6,2022-08-28 00:00:00.000000,1.891854893908282
EMP00303,Ravi Chauhan,Male,27,Admin,Office Manager,Bangalore,Full-Time,2019-03-13,Inactive,2022-10-25,Performance Issue,3,596380,8,2019,March,13,2022-10-25 00:00:00.000000,3.619438740588638
EMP00304,Suresh Kumar,Male,50,Operations,Operations Executive,Mumbai,Full-Time,2022-11-01,Active,,,3,443090,3,2022,November,1,2026-09-03 19:40:19.193988,3.838466803559206
EMP00305,Amit Gupta,Male,42,Operations,Operations Manager,Hyderabad,Full-Time,2019-01-17,Active,,,3,769442,13,2019,January,17,2026-09-03 19:40:19.193988,7.627652292950034
EMP00306,Divya Gupta,Female,58,Sales,Regional Sales Head,Hyderabad,Full-Time,2020-09-21,Active,,,5,2023427,5,2020,September,21,2026-09-03 19:40:19.193988,5.949349760438056
EMP00307,Ravi Patel,Male,31,Marketing,Marketing Manager,Bangalore,Full-Time,2023-07-13,Inactive,2026-02-17,Relocation,3,967518,15,2023,July,13,2026-02-17 00:00:00.000000,2.6009582477754964
EMP00308,Pooja Iyer,Female,53,HR,HR Manager,Mumbai,Contract,2026-01-31,Active,,,3,835397,3,2026,January,31,2026-09-03 19:40:19.193988,0.5886379192334018
EMP00309,Ravi Reddy,Male,46,Sales,Sales Executive,Pune,Full-Time,2021-09-22,Active,,,3,392726,10,2021,September,22,2026-09-03 19:40:19.193988,4.947296372347707
EMP00310,Swati Desai,Female,34,Finance,Accountant,Bangalore,Intern,2021-08-06,Active,,,2,460527,12,2021,August,6,2026-09-03 19:40:19.193988,5.075975359342916
EMP00311,Anita Reddy,Female,53,Operations,Team Lead,Chennai,Full-Time,2025-02-05,Active,,,4,813952,10,2025,February,5,2026-09-03 19:40:19.193988,1.5742642026009583
EMP00312,Divya Patel,Female,58,Marketing,Marketing Manager,Bangalore,Full-Time,2019-04-12,Active,,,1,1186460,5,2019,April,12,2026-09-03 19:40:19.193988,7.394934976043806
EMP00313,Snehal Sharma,Female,35,Marketing,Content Specialist,Pune,Full-Time,2025-12-11,Active,,,3,483266,22,2025,December,11,2026-09-03 19:40:19.193988,0.7282683093771389
EMP00314,Vijay Rathore,Male,41,Sales,Regional Sales Head,Pune,Full-Time,2019-07-25,Active,,,3,2004237,22,2019,July,25,2026-09-03 19:40:19.193988,7.110198494182067
EMP00315,Naveen Chauhan,Male,52,Finance,Accountant,Pune,Full-Time,2024-09-15,Active,,,3,531873,22,2024,September,15,2026-09-03 19:40:19.193988,1.9657768651608487
EMP00316,Naveen Bansal,Male,56,Operations,Operations Executive,Noida,Full-Time,2022-01-12,Active,,,3,510619,3,2022,January,12,2026-09-03 19:40:19.193988,4.640657084188912
EMP00317,Deepak Iyer,Male,24,Sales,Sales Executive,Chennai,Full-Time,2024-11-14,Active,,,3,443204,20,2024,November,14,2026-09-03 19:40:19.193988,1.8015058179329226
EMP00318,Arun Nair,Male,28,IT,QA Analyst,Delhi,Full-Time,2018-02-13,Active,,,4,579848,16,2018,February,13,2026-09-03 19:40:19.193988,8.553045859000685
EMP00319,Snehal Chopra,Female,50,Sales,Regional Sales Head,Hyderabad,Full-Time,2020-06-24,Active,,,2,1863405,21,2020,June,24,2026-09-03 19:40:19.193988,6.193018480492813
EMP00320,Nikhil Agarwal,Male,52,Admin,Admin Executive,Bangalore,Full-Time,2018-04-11,Inactive,2023-02-07,Better Opportunity,3,313749,23,2018,April,11,2023-02-07 00:00:00.000000,4.826830937713894
EMP00321,Ravi Iyer,Male,35,Operations,Operations Manager,Bangalore,Full-Time,2023-02-09,Active,,,1,890388,3,2023,February,9,2026-09-03 19:40:19.193988,3.564681724845996
EMP00322,Sunil Malhotra,Male,24,Finance,Finance Manager,Delhi,Full-Time,2021-05-14,Active,,,3,985637,10,2021,May,14,2026-09-03 19:40:19.193988,5.305954825462012
EMP00323,Suresh Yadav,Male,33,Sales,Regional Sales Head,Mumbai,Full-Time,2023-10-15,Active,,,2,1768312,13,2023,October,15,2026-09-03 19:40:19.193988,2.8856947296372346
EMP00324,Sunil Joshi,Male,33,Operations,Operations Manager,Chennai,Full-Time,2020-01-26,Active,,,3,920568,0,2020,January,26,2026-09-03 19:40:19.193988,6.6036960985626285
EMP00325,Gaurav Mishra,Male,46,Sales,Sales Manager,Hyderabad,Full-Time,2022-10-26,Inactive,2024-03-08,Personal Reasons,4,865204,22,2022,October,26,2024-03-08 00:00:00.000000,1.3661875427789185
EMP00326,Vijay Chopra,Male,33,Customer Support,Support Executive,Noida,Full-Time,2024-01-09,Active,,,3,325090,3,2024,January,9,2026-09-03 19:40:19.193988,2.650239561943874
EMP00327,Shreya Kapoor,Female,47,Customer Support,Support Team Lead,Hyderabad,Full-Time,2022-05-11,Active,,,4,593501,14,2022,May,11,2026-09-03 19:40:19.193988,4.314852840520191
EMP00328,Gaurav Yadav,Male,27,Operations,Team Lead,Chennai,Full-Time,2021-05-03,Active,,,4,682692,7,2021,May,3,2026-09-03 19:40:19.193988,5.336071184120465
EMP00329,Ashok Singh,Male,31,Operations,Operations Executive,Bangalore,Full-Time,2025-10-11,Active,,,4,427264,4,2025,October,11,2026-09-03 19:40:19.193988,0.8952772073921971
EMP00330,Nikhil Chauhan,Male,56,Operations,Operations Manager,Mumbai,Full-Time,2023-06-17,Active,,,2,997293,5,2023,June,17,2026-09-03 19:40:19.193988,3.2142368240930868
EMP00331,Karan Yadav,Male,33,Sales,Sales Manager,Bangalore,Contract,2019-07-29,Active,,,3,927360,1,2019,July,29,2026-09-03 19:40:19.193988,7.099247091033539
EMP00332,Suman Sharma,Female,46,IT,QA Analyst,Mumbai,Full-Time,2020-03-10,Active,,,4,578696,15,2020,March,10,2026-09-03 19:40:19.193988,6.483230663928816
EMP00333,Swati Kapoor,Female,53,Finance,Finance Manager,Chennai,Full-Time,2022-12-24,Inactive,2026-04-24,Better Opportunity,4,1285187,7,2022,December,24,2026-04-24 00:00:00.000000,3.3319644079397674
EMP00334,Ashok Verma,Male,40,Admin,Office Manager,Mumbai,Intern,2024-01-12,Inactive,2025-06-23,Retirement,4,688204,24,2024,January,12,2025-06-23 00:00:00.000000,1.4455852156057496
EMP00335,Praveen Bansal,Male,29,Operations,Team Lead,Delhi,Full-Time,2024-06-03,Active,,,1,747069,11,2024,June,3,2026-09-03 19:40:19.193988,2.2505133470225873
EMP00336,Karan Verma,Male,35,Finance,Financial Analyst,Pune,Contract,2024-02-16,Active,,,4,579128,20,2024,February,16,2026-09-03 19:40:19.193988,2.546201232032854
EMP00337,Rekha Reddy,Female,44,HR,HR Executive,Pune,Full-Time,2020-12-12,Active,,,3,353917,3,2020,December,12,2026-09-03 19:40:19.193988,5.724845995893224
EMP00338,Rekha Mishra,Female,44,Sales,Regional Sales Head,Hyderabad,Contract,2025-09-23,Active,,,3,1969388,13,2025,September,23,2026-09-03 19:40:19.193988,0.944558521560575
EMP00339,Anil Desai,Male,35,Operations,Operations Executive,Noida,Full-Time,2020-04-26,Active,,,4,452772,17,2020,April,26,2026-09-03 19:40:19.193988,6.354551676933607
EMP00340,Shreya Desai,Female,40,HR,Recruiter,Mumbai,Full-Time,2021-08-18,Active,,,3,430621,16,2021,August,18,2026-09-03 19:40:19.193988,5.04312114989733
EMP00341,Anjali Kumar,Female,30,IT,QA Analyst,Delhi,Full-Time,2021-02-09,Active,,,4,496691,4,2021,February,9,2026-09-03 19:40:19.193988,5.563312799452429
EMP00342,Anita Joshi,Female,31,Sales,Regional Sales Head,Pune,Full-Time,2023-06-28,Active,,,5,1723476,13,2023,June,28,2026-09-03 19:40:19.193988,3.184120465434634
EMP00343,Arun Malhotra,Male,27,IT,Software Engineer,Chennai,Intern,2026-08-16,Active,,,2,804944,22,2026,August,16,2026-09-03 19:40:19.193988,0.049281314168377825
EMP00344,Suman Malhotra,Female,22,Finance,Finance Manager,Bangalore,Full-Time,2024-07-11,Active,,,4,1307753,2,2024,July,11,2026-09-03 19:40:19.193988,2.1464750171115674
EMP00345,Sunil Iyer,Male,47,Finance,Accountant,Noida,Full-Time,2023-12-30,Active,,,3,510928,6,2023,December,30,2026-09-03 19:40:19.193988,2.6776180698151952
EMP00346,Praveen Patel,Male,43,HR,HR Manager,Noida,Intern,2021-03-07,Active,,,3,812013,15,2021,March,7,2026-09-03 19:40:19.193988,5.492128678986996
EMP00347,Anita Verma,Female,51,IT,Software Engineer,Delhi,Full-Time,2025-01-08,Inactive,2025-08-17,Performance Issue,2,722825,13,2025,January,8,2025-08-17 00:00:00.000000,0.6050650239561944
EMP00348,Meena Kumar,Female,39,HR,Recruiter,Bangalore,Full-Time,2019-10-14,Inactive,2023-12-28,Relocation,2,397335,21,2019,October,14,2023-12-28 00:00:00.000000,4.205338809034908
EMP00349,Anil Verma,Male,36,Finance,Finance Manager,Chennai,Full-Time,2021-06-05,Active,,,4,975127,3,2021,June,5,2026-09-03 19:40:19.193988,5.245722108145106
EMP00350,Amit Mishra,Male,36,IT,QA Analyst,Delhi,Full-Time,2019-06-28,Active,,,4,565414,0,2019,June,28,2026-09-03 19:40:19.193988,7.184120465434634
EMP00351,Rajesh Singh,Male,52,Sales,Sales Manager,Chennai,Full-Time,2019-06-26,Inactive,2023-12-11,Better Opportunity,4,1028074,3,2019,June,26,2023-12-11 00:00:00.000000,4.459958932238193
EMP00352,Anjali Nair,Female,46,Finance,Finance Manager,Bangalore,Full-Time,2019-07-16,Active,,,4,1266389,4,2019,July,16,2026-09-03 19:40:19.193988,7.134839151266256
EMP00353,Ravi Gupta,Male,32,Customer Support,Support Executive,Hyderabad,Full-Time,2025-04-16,Active,,,2,398640,20,2025,April,16,2026-09-03 19:40:19.193988,1.3826146475017111
EMP00354,Ravi Rathore,Male,35,Sales,Regional Sales Head,Chennai,Full-Time,2022-12-18,Inactive,2023-09-09,Personal Reasons,5,2071760,18,2022,December,18,2023-09-09 00:00:00.000000,0.7255304585900069
EMP00355,Arun Iyer,Male,37,Sales,Sales Manager,Bangalore,Full-Time,2019-07-27,Active,,,5,795329,17,2019,July,27,2026-09-03 19:40:19.193988,7.104722792607803
EMP00356,Gaurav Desai,Male,23,Finance,Financial Analyst,Hyderabad,Full-Time,2021-03-13,Active,,,2,723685,9,2021,March,13,2026-09-03 19:40:19.193988,5.475701574264202
EMP00357,Meena Agarwal,Female,40,Admin,Admin Executive,Chennai,Full-Time,2022-05-24,Active,,,5,407232,7,2022,May,24,2026-09-03 19:40:19.193988,4.2792607802874745
EMP00358,Kiran Chauhan,Female,26,Customer Support,Support Executive,Mumbai,Full-Time,2023-08-09,Active,,,3,434377,11,2023,August,9,2026-09-03 19:40:19.193988,3.0691307323750854
EMP00359,Rajesh Kumar,Male,48,Marketing,Marketing Manager,Noida,Full-Time,2024-05-17,Active,,,1,1067017,24,2024,May,17,2026-09-03 19:40:19.193988,2.297056810403833
EMP00360,Praveen Gupta,Male,22,Operations,Operations Executive,Hyderabad,Full-Time,2018-10-04,Active,,,4,363690,1,2018,October,4,2026-09-03 19:40:19.193988,7.915126625598905
EMP00361,Divya Agarwal,Female,54,Sales,Sales Manager,Chennai,Full-Time,2025-12-28,Active,,,3,917487,12,2025,December,28,2026-09-03 19:40:19.193988,0.6817248459958932
EMP00362,Pooja Bansal,Female,39,Sales,Regional Sales Head,Hyderabad,Full-Time,2019-09-18,Inactive,2020-10-05,Retirement,4,2193065,4,2019,September,18,2020-10-05 00:00:00.000000,1.0485968514715949
EMP00363,Snehal Nair,Female,26,Operations,Operations Manager,Hyderabad,Full-Time,2025-02-11,Active,,,4,922494,7,2025,February,11,2026-09-03 19:40:19.193988,1.5578370978781657
EMP00364,Neha Joshi,Female,51,Marketing,Marketing Executive,Pune,Full-Time,2019-04-21,Active,,,5,392405,21,2019,April,21,2026-09-03 19:40:19.193988,7.370294318959616
EMP00365,Sunita Singh,Female,22,Marketing,Marketing Executive,Chennai,Full-Time,2019-07-17,Inactive,2023-08-05,Retirement,4,475600,23,2019,July,17,2023-08-05 00:00:00.000000,4.05201916495551
EMP00366,Manoj Yadav,Male,39,Marketing,Marketing Manager,Mumbai,Full-Time,2026-05-30,Active,,,4,852361,0,2026,May,30,2026-09-03 19:40:19.193988,0.26283367556468173
EMP00367,Anita Rathore,Female,38,Sales,Sales Manager,Hyderabad,Intern,2018-09-19,Active,,,3,972594,2,2018,September,19,2026-09-03 19:40:19.193988,7.956194387405886
EMP00368,Kiran Malhotra,Female,53,Operations,Team Lead,Bangalore,Full-Time,2018-08-16,Active,,,4,641726,5,2018,August,16,2026-09-03 19:40:19.193988,8.049281314168377
EMP00369,Shreya Singh,Female,29,HR,Recruiter,Chennai,Full-Time,2026-02-08,Active,,,4,474088,1,2026,February,8,2026-09-03 19:40:19.193988,0.5667351129363449
EMP00370,Priya Joshi,Female,46,Operations,Operations Executive,Pune,Full-Time,2022-01-30,Active,,,3,387065,1,2022,January,30,2026-09-03 19:40:19.193988,4.591375770020534
EMP00371,Snehal Rathore,Female,48,Sales,Sales Executive,Bangalore,Full-Time,2020-10-13,Active,,,1,391189,2,2020,October,13,2026-09-03 19:40:19.193988,5.88911704312115
EMP00372,Nikhil Iyer,Male,25,IT,Software Engineer,Hyderabad,Full-Time,2025-07-20,Inactive,2026-06-09,Better Opportunity,4,862142,2,2025,July,20,2026-06-09 00:00:00.000000,0.8870636550308009
EMP00373,Sunil Reddy,Male,57,HR,HR Manager,Bangalore,Full-Time,2018-12-20,Active,,,3,897810,9,2018,December,20,2026-09-03 19:40:19.193988,7.704312114989733
EMP00374,Nikhil Reddy,Male,51,Sales,Regional Sales Head,Hyderabad,Full-Time,2020-09-20,Active,,,4,2229737,24,2020,September,20,2026-09-03 19:40:19.193988,5.952087611225188
EMP00375,Sanjay Bansal,Male,48,Finance,Accountant,Mumbai,Full-Time,2018-01-27,Inactive,2024-04-23,Relocation,4,552188,22,2018,January,27,2024-04-23 00:00:00.000000,6.236824093086927
EMP00376,Amit Nair,Male,46,Finance,Accountant,Noida,Full-Time,2025-05-16,Active,,,3,570443,3,2025,May,16,2026-09-03 19:40:19.193988,1.3004791238877482
EMP00377,Sanjay Agarwal,Male,25,HR,HR Executive,Pune,Full-Time,2023-07-09,Active,,,3,362779,8,2023,July,9,2026-09-03 19:40:19.193988,3.154004106776181
EMP00378,Vijay Verma,Male,48,Operations,Operations Executive,Noida,Full-Time,2023-10-30,Active,,,4,419578,23,2023,October,30,2026-09-03 19:40:19.193988,2.844626967830253
EMP00379,Pooja Chopra,Female,47,Sales,Sales Executive,Hyderabad,Full-Time,2019-07-01,Inactive,2026-01-10,Better Opportunity,1,409597,4,2019,July,1,2026-01-10 00:00:00.000000,6.529774127310062
EMP00380,Rekha Reddy,Female,47,Customer Support,Support Team Lead,Noida,Full-Time,2021-07-14,Active,,,5,686484,10,2021,July,14,2026-09-03 19:40:19.193988,5.138945927446954
EMP00381,Sunil Patel,Male,30,Customer Support,Support Executive,Delhi,Full-Time,2020-04-10,Active,,,2,379359,4,2020,April,10,2026-09-03 19:40:19.193988,6.398357289527721
EMP00382,Suresh Yadav,Male,48,IT,QA Analyst,Pune,Full-Time,2021-07-10,Inactive,2023-09-11,Health Issues,3,513179,9,2021,July,10,2023-09-11 00:00:00.000000,2.1711156741957565
EMP00383,Nisha Patel,Female,41,Finance,Accountant,Delhi,Full-Time,2019-10-08,Active,,,4,564375,1,2019,October,8,2026-09-03 19:40:19.193988,6.9048596851471595
EMP00384,Meena Nair,Female,37,IT,Senior Engineer,Delhi,Full-Time,2025-12-22,Active,,,2,1311047,1,2025,December,22,2026-09-03 19:40:19.193988,0.6981519507186859
EMP00385,Ashok Patel,Male,50,Operations,Operations Executive,Delhi,Full-Time,2022-07-15,Active,,,3,449420,3,2022,July,15,2026-09-03 19:40:19.193988,4.136892539356605
EMP00386,Nisha Singh,Female,25,Sales,Sales Executive,Delhi,Full-Time,2018-02-18,Active,,,3,497210,4,2018,February,18,2026-09-03 19:40:19.193988,8.539356605065024
EMP00387,Meena Chauhan,Female,27,Finance,Finance Manager,Chennai,Full-Time,2025-01-25,Active,,,3,1048881,2,2025,January,25,2026-09-03 19:40:19.193988,1.6043805612594113
EMP00388,Amit Gupta,Male,30,Marketing,Marketing Executive,Chennai,Intern,2022-12-22,Inactive,2024-12-30,Better Opportunity,4,390185,14,2022,December,22,2024-12-30 00:00:00.000000,2.023271731690623
EMP00389,Neha Yadav,Female,47,Customer Support,Support Team Lead,Noida,Full-Time,2026-02-15,Active,,,3,601855,13,2026,February,15,2026-09-03 19:40:19.193988,0.5475701574264202
EMP00390,Anil Iyer,Male,39,HR,HR Executive,Mumbai,Full-Time,2021-01-31,Active,,,5,363781,19,2021,January,31,2026-09-03 19:40:19.193988,5.587953456536619
EMP00391,Gaurav Desai,Male,53,IT,Senior Engineer,Chennai,Full-Time,2021-04-23,Active,,,3,1391358,1,2021,April,23,2026-09-03 19:40:19.193988,5.363449691991787
EMP00392,Pooja Patel,Female,34,HR,HR Manager,Mumbai,Full-Time,2022-09-14,Active,,,2,1051991,7,2022,September,14,2026-09-03 19:40:19.193988,3.969883641341547
EMP00393,Snehal Sharma,Female,44,HR,HR Manager,Noida,Full-Time,2025-12-31,Active,,,2,1046316,11,2025,December,31,2026-09-03 19:40:19.193988,0.6735112936344969
EMP00394,Isha Agarwal,Female,33,Customer Support,Support Team Lead,Pune,Full-Time,2021-01-12,Inactive,2024-07-17,Personal Reasons,2,517032,24,2021,January,12,2024-07-17 00:00:00.000000,3.509924709103354
EMP00395,Manoj Verma,Male,36,Marketing,Marketing Manager,Hyderabad,Full-Time,2022-01-04,Active,,,3,845551,21,2022,January,4,2026-09-03 19:40:19.193988,4.662559890485968
EMP00396,Deepak Patel,Male,25,HR,Recruiter,Noida,Full-Time,2026-04-07,Active,,,3,553104,18,2026,April,7,2026-09-03 19:40:19.193988,0.4079397672826831
EMP00397,Divya Iyer,Female,42,Sales,Sales Executive,Mumbai,Full-Time,2020-08-26,Active,,,3,451620,18,2020,August,26,2026-09-03 19:40:19.193988,6.020533880903491
EMP00398,Amit Iyer,Male,58,Operations,Team Lead,Hyderabad,Full-Time,2019-08-06,Active,,,5,829275,15,2019,August,6,2026-09-03 19:40:19.193988,7.077344284736482
EMP00399,Karan Reddy,Male,27,Sales,Sales Executive,Pune,Full-Time,2018-06-05,Inactive,2025-05-03,Personal Reasons,3,343188,15,2018,June,5,2025-05-03 00:00:00.000000,6.910335386721424
EMP00400,Amit Nair,Male,43,Sales,Regional Sales Head,Mumbai,Full-Time,2019-06-19,Active,,,4,2191522,10,2019,June,19,2026-09-03 19:40:19.193988,7.208761122518823
EMP00401,Rahul Sharma,Male,31,IT,Senior Engineer,Hyderabad,Full-Time,2025-11-26,Active,,,3,1545170,11,2025,November,26,2026-09-03 19:40:19.193988,0.7693360711841205
EMP00402,Vijay Iyer,Male,28,Finance,Financial Analyst,Chennai,Full-Time,2022-06-09,Active,,,4,636376,5,2022,June,9,2026-09-03 19:40:19.193988,4.2354551676933605
EMP00403,Naveen Kapoor,Male,57,Finance,Financial Analyst,Bangalore,Contract,2019-12-15,Active,,,4,793999,11,2019,December,15,2026-09-03 19:40:19.193988,6.718685831622176
EMP00404,Deepak Chopra,Male,40,IT,Senior Engineer,Pune,Full-Time,2021-06-10,Inactive,2025-09-09,Better Opportunity,4,1598369,18,2021,June,10,2025-09-09 00:00:00.000000,4.249144421629021
EMP00405,Divya Chopra,Female,42,Marketing,Marketing Executive,Mumbai,Full-Time,2024-10-03,Active,,,4,556655,7,2024,October,3,2026-09-03 19:40:19.193988,1.9164955509924708
EMP00406,Nikhil Singh,Male,26,Sales,Sales Manager,Mumbai,Full-Time,2021-09-18,Active,,,5,1118656,5,2021,September,18,2026-09-03 19:40:19.193988,4.958247775496235
EMP00407,Vijay Nair,Male,35,Operations,Operations Manager,Delhi,Full-Time,2020-12-22,Active,,,3,789406,8,2020,December,22,2026-09-03 19:40:19.193988,5.6974674880219025
EMP00408,Suresh Sharma,Male,48,HR,HR Executive,Pune,Full-Time,2022-11-30,Active,,,3,481528,15,2022,November,30,2026-09-03 19:40:19.193988,3.759069130732375
EMP00409,Divya Iyer,Female,52,Operations,Team Lead,Pune,Contract,2019-02-20,Active,,,3,756855,24,2019,February,20,2026-09-03 19:40:19.193988,7.534565366187543
EMP00410,Deepak Yadav,Male,40,Sales,Sales Manager,Delhi,Intern,2018-05-17,Inactive,2021-06-19,Better Opportunity,5,791712,5,2018,May,17,2021-06-19 00:00:00.000000,3.0910335386721424
EMP00411,Arun Yadav,Male,43,Customer Support,Support Executive,Hyderabad,Full-Time,2019-01-17,Active,,,4,383410,15,2019,January,17,2026-09-03 19:40:19.193988,7.627652292950034
EMP00412,Amit Rathore,Male,49,Operations,Team Lead,Mumbai,Full-Time,2024-10-23,Inactive,2025-04-04,Relocation,4,652554,6,2024,October,23,2025-04-04 00:00:00.000000,0.4462696783025325
EMP00413,Swati Bansal,Female,38,Operations,Team Lead,Chennai,Full-Time,2024-01-22,Active,,,3,678272,3,2024,January,22,2026-09-03 19:40:19.193988,2.614647501711157
EMP00414,Rahul Chauhan,Male,45,IT,QA Analyst,Mumbai,Full-Time,2018-08-12,Inactive,2019-10-04,Relocation,5,648757,20,2018,August,12,2019-10-04 00:00:00.000000,1.1444216290212184
EMP00415,Gaurav Kapoor,Male,35,IT,Senior Engineer,Delhi,Full-Time,2018-04-16,Inactive,2021-09-22,Better Opportunity,3,1351256,3,2018,April,16,2021-09-22 00:00:00.000000,3.436002737850787
EMP00416,Ashok Chauhan,Male,38,Finance,Finance Manager,Pune,Contract,2025-05-31,Inactive,2026-05-04,Performance Issue,3,1016347,12,2025,May,31,2026-05-04 00:00:00.000000,0.9253935660506503
EMP00417,Suman Yadav,Female,50,Customer Support,Support Team Lead,Delhi,Full-Time,2020-12-14,Active,,,5,564298,8,2020,December,14,2026-09-03 19:40:19.193988,5.71937029431896
EMP00418,Nikhil Verma,Male,28,Operations,Operations Executive,Noida,Full-Time,2025-10-23,Inactive,2026-03-20,Health Issues,4,447963,24,2025,October,23,2026-03-20 00:00:00.000000,0.405201916495551
EMP00419,Isha Joshi,Female,55,Operations,Team Lead,Delhi,Full-Time,2022-05-05,Active,,,3,744944,15,2022,May,5,2026-09-03 19:40:19.193988,4.331279945242985
EMP00420,Nikhil Joshi,Male,47,HR,HR Manager,Bangalore,Full-Time,2018-11-20,Active,,,4,1022150,16,2018,November,20,2026-09-03 19:40:19.193988,7.786447638603696
EMP00421,Nikhil Agarwal,Male,50,Admin,Admin Executive,Delhi,Full-Time,2026-06-29,Inactive,2026-08-29,Personal Reasons,4,410684,4,2026,June,29,2026-08-29 00:00:00.000000,0.16700889801505817
EMP00422,Rahul Rathore,Male,34,Customer Support,Support Executive,Chennai,Contract,2022-11-19,Active,,,3,385311,19,2022,November,19,2026-09-03 19:40:19.193988,3.789185489390828
EMP00423,Manoj Nair,Male,27,Operations,Team Lead,Noida,Full-Time,2018-10-02,Active,,,3,706259,10,2018,October,2,2026-09-03 19:40:19.193988,7.920602327173169
EMP00424,Manoj Agarwal,Male,55,Sales,Sales Manager,Noida,Full-Time,2018-02-20,Active,,,2,805506,4,2018,February,20,2026-09-03 19:40:19.193988,8.53388090349076
EMP00425,Ravi Chopra,Male,28,Sales,Regional Sales Head,Hyderabad,Intern,2026-07-04,Active,,,3,1935132,3,2026,July,4,2026-09-03 19:40:19.193988,0.16700889801505817
EMP00426,Ritu Bansal,Female,46,HR,HR Manager,Pune,Full-Time,2020-12-17,Active,,,3,970928,15,2020,December,17,2026-09-03 19:40:19.193988,5.711156741957564
EMP00427,Rahul Yadav,Male,47,Sales,Sales Manager,Pune,Full-Time,2019-08-13,Inactive,2023-06-30,Higher Studies,3,850528,23,2019,August,13,2023-06-30 00:00:00.000000,3.8795345653661877
EMP00428,Praveen Patel,Male,41,Marketing,Marketing Manager,Delhi,Full-Time,2021-10-15,Active,,,2,1127781,22,2021,October,15,2026-09-03 19:40:19.193988,4.884325804243669
EMP00429,Anjali Joshi,Female,50,HR,HR Executive,Bangalore,Full-Time,2026-05-05,Active,,,5,391338,23,2026,May,5,2026-09-03 19:40:19.193988,0.33127994524298426
EMP00430,Naveen Desai,Male,50,Operations,Team Lead,Delhi,Intern,2020-02-09,Active,,,3,825711,23,2020,February,9,2026-09-03 19:40:19.193988,6.565366187542779
EMP00431,Praveen Agarwal,Male,54,Sales,Sales Manager,Noida,Full-Time,2018-08-19,Active,,,2,788622,22,2018,August,19,2026-09-03 19:40:19.193988,8.041067761806982
EMP00432,Preeti Chauhan,Female,58,Sales,Sales Executive,Noida,Full-Time,2023-11-18,Inactive,2024-08-01,Health Issues,5,372116,1,2023,November,18,2024-08-01 00:00:00.000000,0.70362765229295
EMP00433,Rekha Verma,Female,34,Marketing,Marketing Manager,Delhi,Full-Time,2022-01-16,Active,,,4,1120432,16,2022,January,16,2026-09-03 19:40:19.193988,4.629705681040384
EMP00434,Arun Singh,Male,45,HR,Recruiter,Delhi,Full-Time,2020-09-17,Active,,,4,462798,15,2020,September,17,2026-09-03 19:40:19.193988,5.960301163586585
EMP00435,Nikhil Bansal,Male,38,Sales,Sales Manager,Bangalore,Full-Time,2019-11-01,Active,,,3,1012986,9,2019,November,1,2026-09-03 19:40:19.193988,6.839151266255989
EMP00436,Priya Chauhan,Female,35,Operations,Operations Executive,Mumbai,Full-Time,2024-06-01,Active,,,1,465759,21,2024,June,1,2026-09-03 19:40:19.193988,2.2559890485968515
EMP00437,Sanjay Patel,Male,23,Finance,Financial Analyst,Pune,Full-Time,2023-10-04,Active,,,3,803955,21,2023,October,4,2026-09-03 19:40:19.193988,2.915811088295688
EMP00438,Priya Kapoor,Female,22,Sales,Sales Executive,Chennai,Full-Time,2019-12-11,Active,,,3,437335,9,2019,December,11,2026-09-03 19:40:19.193988,6.729637234770705
EMP00439,Manoj Rathore,Male,51,IT,QA Analyst,Noida,Intern,2021-11-29,Active,,,4,570173,21,2021,November,29,2026-09-03 19:40:19.193988,4.761122518822724
EMP00440,Preeti Desai,Female,22,Finance,Finance Manager,Hyderabad,Full-Time,2019-02-24,Active,,,3,1226436,11,2019,February,24,2026-09-03 19:40:19.193988,7.523613963039014
EMP00441,Karan Desai,Male,28,Customer Support,Support Team Lead,Bangalore,Full-Time,2025-09-04,Active,,,3,590708,8,2025,September,4,2026-09-03 19:40:19.193988,0.9965776865160849
EMP00442,Rajesh Patel,Male,41,IT,IT Manager,Chennai,Full-Time,2025-12-22,Active,,,3,2113834,7,2025,December,22,2026-09-03 19:40:19.193988,0.6981519507186859
EMP00443,Rahul Desai,Male,30,HR,HR Manager,Chennai,Full-Time,2021-08-02,Active,,,4,1000944,9,2021,August,2,2026-09-03 19:40:19.193988,5.086926762491444
EMP00444,Shreya Rathore,Female,24,Admin,Office Manager,Pune,Full-Time,2026-04-06,Active,,,3,748740,6,2026,April,6,2026-09-03 19:40:19.193988,0.4106776180698152
EMP00445,Anita Joshi,Female,52,HR,Recruiter,Hyderabad,Full-Time,2025-02-27,Active,,,4,503436,16,2025,February,27,2026-09-03 19:40:19.193988,1.514031485284052
EMP00446,Ashok Yadav,Male,52,Customer Support,Support Executive,Bangalore,Full-Time,2019-02-04,Inactive,2022-02-27,Higher Studies,4,410668,24,2019,February,4,2022-02-27 00:00:00.000000,3.0636550308008212
EMP00447,Sunita Nair,Female,36,Customer Support,Support Executive,Mumbai,Full-Time,2021-12-26,Active,,,4,340491,10,2021,December,26,2026-09-03 19:40:19.193988,4.687200547570157
EMP00448,Vikas Patel,Male,29,Finance,Financial Analyst,Bangalore,Full-Time,2023-03-15,Active,,,4,777762,18,2023,March,15,2026-09-03 19:40:19.193988,3.4715947980835042
EMP00449,Nikhil Desai,Male,54,Operations,Operations Executive,Pune,Full-Time,2020-03-07,Inactive,2024-08-16,Retirement,2,407123,1,2020,March,7,2024-08-16 00:00:00.000000,4.4435318275154
EMP00450,Kavita Kumar,Female,58,Sales,Sales Executive,Bangalore,Full-Time,2022-08-04,Active,,,1,497863,4,2022,August,4,2026-09-03 19:40:19.193988,4.082135523613963
EMP00451,Anita Yadav,Female,33,Operations,Operations Executive,Pune,Full-Time,2021-09-24,Active,,,3,366746,14,2021,September,24,2026-09-03 19:40:19.193988,4.941820670773443
EMP00452,Manoj Mishra,Male,32,Operations,Operations Executive,Hyderabad,Full-Time,2026-07-29,Active,,,2,485279,2,2026,July,29,2026-09-03 19:40:19.193988,0.09856262833675565
EMP00453,Ravi Desai,Male,47,Sales,Sales Manager,Chennai,Full-Time,2022-10-25,Active,,,4,936864,0,2022,October,25,2026-09-03 19:40:19.193988,3.8576317590691307
EMP00454,Rahul Bansal,Male,22,Sales,Sales Executive,Chennai,Full-Time,2022-03-09,Active,,,5,461095,16,2022,March,9,2026-09-03 19:40:19.193988,4.487337440109514
EMP00455,Sanjay Sharma,Male,37,Operations,Team Lead,Delhi,Full-Time,2025-01-10,Active,,,3,840555,9,2025,January,10,2026-09-03 19:40:19.193988,1.6454483230663928
EMP00456,Ravi Singh,Male,41,Sales,Sales Manager,Hyderabad,Full-Time,2024-08-08,Inactive,2024-11-22,Relocation,4,1106446,14,2024,August,8,2024-11-22 00:00:00.000000,0.29021218343600275
EMP00457,Preeti Desai,Female,30,Finance,Financial Analyst,Bangalore,Full-Time,2022-11-12,Active,,,5,786859,11,2022,November,12,2026-09-03 19:40:19.193988,3.808350444900753
EMP00458,Meena Yadav,Female,36,IT,QA Analyst,Delhi,Intern,2020-07-24,Active,,,4,496365,23,2020,July,24,2026-09-03 19:40:19.193988,6.11088295687885
EMP00459,Amit Chopra,Male,45,Operations,Team Lead,Mumbai,Full-Time,2019-05-20,Active,,,4,816795,12,2019,May,20,2026-09-03 19:40:19.193988,7.2908966461327855
EMP00460,Manoj Bansal,Male,28,IT,Software Engineer,Hyderabad,Contract,2018-07-16,Active,,,3,600527,22,2018,July,16,2026-09-03 19:40:19.193988,8.134154688569472
EMP00461,Suresh Rathore,Male,57,HR,HR Manager,Pune,Full-Time,2019-05-22,Active,,,4,1017672,6,2019,May,22,2026-09-03 19:40:19.193988,7.285420944558521
EMP00462,Priya Reddy,Female,55,IT,QA Analyst,Chennai,Full-Time,2019-02-18,Active,,,2,600739,4,2019,February,18,2026-09-03 19:40:19.193988,7.540041067761807
EMP00463,Swati Singh,Female,29,Marketing,Content Specialist,Chennai,Full-Time,2024-12-05,Active,,,4,581952,15,2024,December,5,2026-09-03 19:40:19.193988,1.7440109514031485
EMP00464,Meena Desai,Female,55,Customer Support,Support Executive,Noida,Contract,2020-12-13,Active,,,3,347609,13,2020,December,13,2026-09-03 19:40:19.193988,5.722108145106092
EMP00465,Ritu Yadav,Female,35,Finance,Accountant,Hyderabad,Full-Time,2023-07-27,Active,,,4,521132,7,2023,July,27,2026-09-03 19:40:19.193988,3.1047227926078027
EMP00466,Priya Sharma,Female,58,Marketing,Content Specialist,Delhi,Full-Time,2019-03-29,Active,,,3,454828,2,2019,March,29,2026-09-03 19:40:19.193988,7.433264887063655
EMP00467,Preeti Gupta,Female,36,Customer Support,Support Executive,Bangalore,Full-Time,2025-03-24,Active,,,2,434320,8,2025,March,24,2026-09-03 19:40:19.193988,1.4455852156057496
EMP00468,Sunil Verma,Male,24,Operations,Operations Executive,Noida,Full-Time,2019-12-17,Active,,,3,417516,21,2019,December,17,2026-09-03 19:40:19.193988,6.713210130047912
EMP00469,Rajesh Rathore,Male,24,Customer Support,Support Executive,Delhi,Full-Time,2026-07-03,Inactive,2026-09-01,Higher Studies,3,388107,10,2026,July,3,2026-09-01 00:00:00.000000,0.16427104722792607
EMP00470,Vikas Malhotra,Male,27,Finance,Financial Analyst,Bangalore,Full-Time,2026-03-22,Active,,,3,641607,3,2026,March,22,2026-09-03 19:40:19.193988,0.4517453798767967
EMP00471,Divya Chauhan,Female,52,Customer Support,Support Team Lead,Bangalore,Full-Time,2022-04-29,Active,,,4,665723,5,2022,April,29,2026-09-03 19:40:19.193988,4.347707049965777
EMP00472,Suresh Kumar,Male,32,Finance,Financial Analyst,Chennai,Full-Time,2018-08-29,Inactive,2025-06-12,Performance Issue,3,761088,21,2018,August,29,2025-06-12 00:00:00.000000,6.787132101300479
EMP00473,Nisha Yadav,Female,23,Admin,Office Manager,Noida,Full-Time,2022-01-08,Active,,,3,721188,23,2022,January,8,2026-09-03 19:40:19.193988,4.65160848733744
EMP00474,Kavita Kapoor,Female,50,IT,QA Analyst,Delhi,Full-Time,2022-08-12,Inactive,2024-03-29,Higher Studies,4,536632,22,2022,August,12,2024-03-29 00:00:00.000000,1.6290212183436004
EMP00475,Rohit Chopra,Male,43,Sales,Regional Sales Head,Hyderabad,Full-Time,2020-07-06,Active,,,4,2025533,19,2020,July,6,2026-09-03 19:40:19.193988,6.160164271047228
EMP00476,Suresh Rathore,Male,52,Sales,Regional Sales Head,Chennai,Full-Time,2020-10-15,Active,,,1,2016932,12,2020,October,15,2026-09-03 19:40:19.193988,5.883641341546886
EMP00477,Kavita Bansal,Female,32,IT,Software Engineer,Delhi,Intern,2025-03-20,Active,,,3,726400,15,2025,March,20,2026-09-03 19:40:19.193988,1.4565366187542779
EMP00478,Anil Gupta,Male,43,Sales,Sales Manager,Bangalore,Full-Time,2020-09-13,Active,,,4,783126,7,2020,September,13,2026-09-03 19:40:19.193988,5.971252566735113
EMP00479,Snehal Chauhan,Female,27,IT,QA Analyst,Noida,Full-Time,2020-08-20,Active,,,4,643777,14,2020,August,20,2026-09-03 19:40:19.193988,6.036960985626283
EMP00480,Pooja Kapoor,Female,53,Marketing,Marketing Manager,Bangalore,Full-Time,2019-05-02,Active,,,3,814252,12,2019,May,2,2026-09-03 19:40:19.193988,7.340177960301164
EMP00481,Swati Verma,Female,27,Sales,Regional Sales Head,Hyderabad,Full-Time,2018-01-01,Active,,,3,2223483,20,2018,January,1,2026-09-03 19:40:19.193988,8.670773442847365
EMP00482,Ritu Agarwal,Female,51,Sales,Regional Sales Head,Mumbai,Full-Time,2025-05-05,Active,,,3,1791606,1,2025,May,5,2026-09-03 19:40:19.193988,1.3305954825462012
EMP00483,Rekha Malhotra,Female,52,Sales,Sales Manager,Hyderabad,Full-Time,2026-08-10,Active,,,3,895786,14,2026,August,10,2026-09-03 19:40:19.193988,0.06570841889117043
EMP00484,Suresh Singh,Male,43,Marketing,Content Specialist,Mumbai,Full-Time,2018-01-09,Active,,,4,551732,9,2018,January,9,2026-09-03 19:40:19.193988,8.648870636550308
EMP00485,Karan Agarwal,Male,24,Operations,Operations Manager,Chennai,Full-Time,2019-03-12,Active,,,2,942271,22,2019,March,12,2026-09-03 19:40:19.193988,7.479808350444901
EMP00486,Naveen Singh,Male,34,IT,IT Manager,Hyderabad,Full-Time,2020-03-13,Inactive,2024-10-07,Personal Reasons,4,2065636,6,2020,March,13,2024-10-07 00:00:00.000000,4.569472963723477
EMP00487,Anita Singh,Female,29,Finance,Finance Manager,Delhi,Full-Time,2025-02-06,Active,,,2,1133222,21,2025,February,6,2026-09-03 19:40:19.193988,1.571526351813826
EMP00488,Nikhil Agarwal,Male,55,HR,HR Executive,Pune,Full-Time,2018-01-18,Active,,,3,428516,13,2018,January,18,2026-09-03 19:40:19.193988,8.624229979466119
EMP00489,Nikhil Kapoor,Male,33,Operations,Team Lead,Noida,Intern,2019-12-27,Active,,,5,630946,12,2019,December,27,2026-09-03 19:40:19.193988,6.685831622176591
EMP00490,Aarti Desai,Female,48,HR,HR Manager,Hyderabad,Full-Time,2022-04-25,Active,,,4,1094727,24,2022,April,25,2026-09-03 19:40:19.193988,4.358658453114305
EMP00491,Deepak Patel,Male,50,HR,HR Manager,Bangalore,Full-Time,2021-04-19,Active,,,3,814744,19,2021,April,19,2026-09-03 19:40:19.193988,5.374401095140315
EMP00492,Rohit Reddy,Male,57,Marketing,Content Specialist,Hyderabad,Full-Time,2021-07-09,Active,,,3,465177,19,2021,July,9,2026-09-03 19:40:19.193988,5.152635181382615
EMP00493,Ashok Iyer,Male,33,Sales,Regional Sales Head,Mumbai,Full-Time,2025-12-19,Active,,,4,2029904,10,2025,December,19,2026-09-03 19:40:19.193988,0.7063655030800822
EMP00494,Suresh Iyer,Male,58,Finance,Financial Analyst,Pune,Full-Time,2024-07-15,Active,,,5,737132,21,2024,July,15,2026-09-03 19:40:19.193988,2.135523613963039
EMP00495,Karan Reddy,Male,55,HR,HR Manager,Noida,Contract,2018-02-22,Inactive,2022-07-31,Personal Reasons,4,784103,1,2018,February,22,2022-07-31 00:00:00.000000,4.435318275154004
EMP00496,Sanjay Patel,Male,38,Operations,Operations Executive,Bangalore,Full-Time,2025-08-31,Inactive,2025-11-30,Higher Studies,3,488772,6,2025,August,31,2025-11-30 00:00:00.000000,0.24914442162902123
EMP00497,Karan Verma,Male,28,Sales,Sales Manager,Noida,Full-Time,2023-01-28,Active,,,3,1008189,17,2023,January,28,2026-09-03 19:40:19.193988,3.597535934291581
EMP00498,Deepak Bansal,Male,40,Operations,Operations Manager,Mumbai,Full-Time,2023-09-24,Active,,,2,781912,12,2023,September,24,2026-09-03 19:40:19.193988,2.943189596167009
EMP00499,Arun Rathore,Male,25,Sales,Regional Sales Head,Bangalore,Full-Time,2024-03-11,Inactive,2025-01-22,Personal Reasons,4,1976804,24,2024,March,11,2025-01-22 00:00:00.000000,0.8678986995208761
EMP00500,Nisha Joshi,Female,45,Sales,Regional Sales Head,Chennai,Full-Time,2025-12-16,Active,,,3,1923562,19,2025,December,16,2026-09-03 19:40:19.193988,0.7145790554414785
EMP00501,Sanjay Mishra,Male,26,IT,IT Manager,Pune,Contract,2019-12-28,Active,,,3,1839036,16,2019,December,28,2026-09-03 19:40:19.193988,6.683093771389459
EMP00502,Suresh Chauhan,Male,57,Operations,Operations Executive,Pune,Full-Time,2021-02-17,Active,,,4,384036,8,2021,February,17,2026-09-03 19:40:19.193988,5.541409993155373
EMP00503,Amit Nair,Male,24,Finance,Finance Manager,Chennai,Full-Time,2019-09-27,Inactive,2023-07-09,Retirement,2,957376,20,2019,September,27,2023-07-09 00:00:00.000000,3.780971937029432
EMP00504,Aarti Reddy,Female,57,Sales,Sales Manager,Noida,Full-Time,2024-06-03,Active,,,3,1047251,10,2024,June,3,2026-09-03 19:40:19.193988,2.2505133470225873
EMP00505,Rohit Joshi,Male,54,Customer Support,Support Executive,Hyderabad,Full-Time,2018-10-07,Inactive,2025-01-07,Retirement,4,353978,11,2018,October,7,2025-01-07 00:00:00.000000,6.253251197809719
EMP00506,Rekha Mishra,Female,45,Marketing,Content Specialist,Bangalore,Contract,2021-09-18,Active,,,2,615061,19,2021,September,18,2026-09-03 19:40:19.193988,4.958247775496235
EMP00507,Rohit Kapoor,Male,44,IT,Software Engineer,Delhi,Full-Time,2025-07-02,Active,,,5,848259,19,2025,July,2,2026-09-03 19:40:19.193988,1.1718001368925393
EMP00508,Gaurav Joshi,Male,46,Marketing,Marketing Executive,Chennai,Full-Time,2021-08-07,Active,,,3,552597,12,2021,August,7,2026-09-03 19:40:19.193988,5.073237508555784
EMP00509,Manoj Bansal,Male,45,Admin,Office Manager,Delhi,Full-Time,2023-10-19,Active,,,3,632096,15,2023,October,19,2026-09-03 19:40:19.193988,2.8747433264887063
EMP00510,Rahul Reddy,Male,54,Sales,Regional Sales Head,Mumbai,Full-Time,2021-08-05,Inactive,2022-04-18,Personal Reasons,3,2229572,24,2021,August,5,2022-04-18 00:00:00.000000,0.7008898015058179
EMP00511,Snehal Bansal,Female,35,Marketing,Marketing Executive,Chennai,Full-Time,2018-09-26,Active,,,2,521744,21,2018,September,26,2026-09-03 19:40:19.193988,7.9370294318959616
EMP00512,Swati Singh,Female,49,Operations,Operations Executive,Hyderabad,Full-Time,2025-11-18,Active,,,4,514878,23,2025,November,18,2026-09-03 19:40:19.193988,0.7912388774811773
EMP00513,Ravi Sharma,Male,24,Sales,Sales Manager,Chennai,Full-Time,2021-09-20,Inactive,2022-03-10,Personal Reasons,3,1050917,17,2021,September,20,2022-03-10 00:00:00.000000,0.4681724845995893
EMP00514,Vijay Chopra,Male,46,Customer Support,Support Executive,Bangalore,Full-Time,2022-07-28,Active,,,4,354122,10,2022,July,28,2026-09-03 19:40:19.193988,4.101300479123887
EMP00515,Amit Chauhan,Male,22,HR,Recruiter,Delhi,Full-Time,2023-12-31,Active,,,3,493802,24,2023,December,31,2026-09-03 19:40:19.193988,2.674880219028063
EMP00516,Nikhil Verma,Male,44,Finance,Financial Analyst,Noida,Full-Time,2018-10-25,Active,,,3,580095,21,2018,October,25,2026-09-03 19:40:19.193988,7.857631759069131
EMP00517,Ashok Desai,Male,50,Operations,Operations Executive,Bangalore,Full-Time,2026-08-01,Active,,,3,495116,0,2026,August,1,2026-09-03 19:40:19.193988,0.09034907597535935
EMP00518,Praveen Yadav,Male,47,IT,Senior Engineer,Mumbai,Full-Time,2026-05-17,Active,,,3,1546723,9,2026,May,17,2026-09-03 19:40:19.193988,0.29842573579739906
EMP00519,Ravi Reddy,Male,57,Customer Support,Support Team Lead,Delhi,Contract,2024-03-17,Inactive,2024-06-27,Better Opportunity,4,647452,12,2024,March,17,2024-06-27 00:00:00.000000,0.2792607802874743
EMP00520,Karan Bansal,Male,44,HR,HR Executive,Bangalore,Intern,2020-05-10,Active,,,4,484900,16,2020,May,10,2026-09-03 19:40:19.193988,6.316221765913758
EMP00521,Ravi Yadav,Male,38,Sales,Sales Executive,Mumbai,Full-Time,2024-12-01,Active,,,5,369017,18,2024,December,1,2026-09-03 19:40:19.193988,1.754962354551677
EMP00522,Rahul Bansal,Male,26,Finance,Finance Manager,Chennai,Full-Time,2024-03-01,Active,,,4,964639,3,2024,March,1,2026-09-03 19:40:19.193988,2.507871321013005
EMP00523,Meena Chopra,Female,30,HR,HR Manager,Bangalore,Full-Time,2022-01-02,Active,,,5,849431,9,2022,January,2,2026-09-03 19:40:19.193988,4.6680355920602326
EMP00524,Gaurav Gupta,Male,50,Finance,Accountant,Bangalore,Full-Time,2023-06-14,Active,,,4,556884,22,2023,June,14,2026-09-03 19:40:19.193988,3.2224503764544834
EMP00525,Nikhil Kumar,Male,42,Marketing,Content Specialist,Hyderabad,Full-Time,2022-02-01,Active,,,3,458727,10,2022,February,1,2026-09-03 19:40:19.193988,4.58590006844627
EMP00526,Rekha Joshi,Female,49,Finance,Financial Analyst,Chennai,Full-Time,2025-03-09,Active,,,4,645966,21,2025,March,9,2026-09-03 19:40:19.193988,1.486652977412731
EMP00527,Anita Kapoor,Female,41,IT,QA Analyst,Pune,Contract,2022-01-09,Active,,,5,491443,20,2022,January,9,2026-09-03 19:40:19.193988,4.648870636550308
EMP00528,Gaurav Gupta,Male,56,Admin,Office Manager,Noida,Full-Time,2019-07-28,Active,,,3,686050,20,2019,July,28,2026-09-03 19:40:19.193988,7.101984941820671
EMP00529,Vijay Gupta,Male,23,Customer Support,Support Executive,Noida,Full-Time,2023-09-09,Active,,,2,378546,24,2023,September,9,2026-09-03 19:40:19.193988,2.9842573579739904
EMP00530,Nikhil Mishra,Male,56,Marketing,Marketing Executive,Hyderabad,Full-Time,2020-12-03,Active,,,4,479641,20,2020,December,3,2026-09-03 19:40:19.193988,5.749486652977413
EMP00531,Kavita Iyer,Female,40,Finance,Finance Manager,Mumbai,Intern,2026-08-29,Active,,,3,1155494,2,2026,August,29,2026-09-03 19:40:19.193988,0.013689253935660506
EMP00532,Divya Iyer,Female,37,Marketing,Content Specialist,Delhi,Full-Time,2025-06-07,Active,,,2,586308,19,2025,June,7,2026-09-03 19:40:19.193988,1.2402464065708418
EMP00533,Sunita Agarwal,Female,33,HR,HR Executive,Pune,Full-Time,2019-10-15,Active,,,1,430530,4,2019,October,15,2026-09-03 19:40:19.193988,6.885694729637235
EMP00534,Praveen Iyer,Male,53,Finance,Accountant,Mumbai,Full-Time,2026-07-16,Active,,,4,477871,7,2026,July,16,2026-09-03 19:40:19.193988,0.13415468856947296
EMP00535,Rahul Mishra,Male,46,Operations,Team Lead,Noida,Full-Time,2022-01-19,Active,,,4,722300,1,2022,January,19,2026-09-03 19:40:19.193988,4.621492128678987
EMP00536,Neha Nair,Female,39,Finance,Accountant,Chennai,Full-Time,2023-11-06,Active,,,3,477663,17,2023,November,6,2026-09-03 19:40:19.193988,2.8254620123203287
EMP00537,Nikhil Yadav,Male,45,Operations,Operations Manager,Chennai,Full-Time,2022-03-31,Active,,,3,1088361,2,2022,March,31,2026-09-03 19:40:19.193988,4.427104722792608
EMP00538,Rohit Patel,Male,47,Operations,Operations Manager,Mumbai,Full-Time,2023-10-17,Active,,,2,1077378,15,2023,October,17,2026-09-03 19:40:19.193988,2.8802190280629705
EMP00539,Kiran Desai,Female,50,Operations,Operations Executive,Hyderabad,Full-Time,2019-07-24,Inactive,2020-08-02,Retirement,3,465104,6,2019,July,24,2020-08-02 00:00:00.000000,1.0266940451745379
EMP00540,Ravi Yadav,Male,29,IT,Senior Engineer,Bangalore,Full-Time,2024-10-01,Active,,,4,1320599,10,2024,October,1,2026-09-03 19:40:19.193988,1.9219712525667352
EMP00541,Anjali Kapoor,Female,35,Marketing,Content Specialist,Pune,Full-Time,2023-05-17,Active,,,4,554451,13,2023,May,17,2026-09-03 19:40:19.193988,3.299110198494182
EMP00542,Amit Joshi,Male,32,Admin,Admin Executive,Mumbai,Full-Time,2024-06-07,Inactive,2026-01-12,Better Opportunity,2,422211,4,2024,June,7,2026-01-12 00:00:00.000000,1.5989048596851472
EMP00543,Neha Yadav,Female,47,IT,IT Manager,Mumbai,Full-Time,2023-10-18,Active,,,2,2150883,0,2023,October,18,2026-09-03 19:40:19.193988,2.8774811772758384
EMP00544,Ashok Gupta,Male,52,Customer Support,Support Executive,Pune,Full-Time,2024-10-20,Active,,,4,321379,13,2024,October,20,2026-09-03 19:40:19.193988,1.8699520876112252
EMP00545,Gaurav Kumar,Male,33,Marketing,Content Specialist,Noida,Full-Time,2026-08-10,Active,,,3,527160,5,2026,August,10,2026-09-03 19:40:19.193988,0.06570841889117043
EMP00546,Rajesh Malhotra,Male,46,IT,Software Engineer,Mumbai,Full-Time,2022-03-30,Inactive,2022-07-01,Personal Reasons,3,741359,16,2022,March,30,2022-07-01 00:00:00.000000,0.2546201232032854
EMP00547,Swati Kumar,Female,24,Customer Support,Support Executive,Mumbai,Contract,2023-05-04,Active,,,4,371900,24,2023,May,4,2026-09-03 19:40:19.193988,3.3347022587268995
EMP00548,Anjali Gupta,Female,56,Marketing,Marketing Manager,Chennai,Full-Time,2019-06-18,Active,,,5,1148348,24,2019,June,18,2026-09-03 19:40:19.193988,7.211498973305955
EMP00549,Swati Agarwal,Female,55,Marketing,Marketing Manager,Bangalore,Full-Time,2018-06-27,Active,,,3,1164100,15,2018,June,27,2026-09-03 19:40:19.193988,8.186173853524982
EMP00550,Arun Iyer,Male,38,Customer Support,Support Executive,Pune,Full-Time,2019-07-03,Active,,,3,330051,2,2019,July,3,2026-09-03 19:40:19.193988,7.170431211498974
EMP00551,Ritu Desai,Female,34,Sales,Regional Sales Head,Pune,Full-Time,2020-11-21,Inactive,2021-02-18,Retirement,1,1906229,16,2020,November,21,2021-02-18 00:00:00.000000,0.243668720054757
EMP00552,Priya Chauhan,Female,48,Customer Support,Support Executive,Chennai,Full-Time,2021-07-17,Active,,,4,319169,20,2021,July,17,2026-09-03 19:40:19.193988,5.130732375085558
EMP00553,Nikhil Patel,Male,49,Customer Support,Support Team Lead,Noida,Full-Time,2024-01-05,Active,,,4,656851,21,2024,January,5,2026-09-03 19:40:19.193988,2.6611909650924024
EMP00554,Arun Mishra,Male,52,Admin,Office Manager,Hyderabad,Full-Time,2024-04-02,Inactive,2025-12-25,Retirement,3,626102,9,2024,April,2,2025-12-25 00:00:00.000000,1.730321697467488
EMP00555,Isha Iyer,Female,29,IT,QA Analyst,Chennai,Contract,2019-07-20,Active,,,2,565750,22,2019,July,20,2026-09-03 19:40:19.193988,7.123887748117728
EMP00556,Sunita Singh,Female,43,Finance,Accountant,Hyderabad,Full-Time,2022-06-29,Active,,,3,547805,21,2022,June,29,2026-09-03 19:40:19.193988,4.180698151950718
EMP00557,Rahul Yadav,Male,27,Finance,Finance Manager,Chennai,Full-Time,2018-01-22,Active,,,3,1142534,19,2018,January,22,2026-09-03 19:40:19.193988,8.61327857631759
EMP00558,Naveen Gupta,Male,45,IT,Software Engineer,Bangalore,Full-Time,2020-06-27,Inactive,2021-01-27,Higher Studies,1,702611,12,2020,June,27,2021-01-27 00:00:00.000000,0.5859000684462696
EMP00559,Aarti Agarwal,Female,25,Customer Support,Support Team Lead,Chennai,Full-Time,2024-09-13,Active,,,3,706854,20,2024,September,13,2026-09-03 19:40:19.193988,1.9712525667351128
EMP00560,Kiran Malhotra,Female,55,Sales,Sales Executive,Mumbai,Full-Time,2025-05-14,Active,,,3,345377,19,2025,May,14,2026-09-03 19:40:19.193988,1.3059548254620124
EMP00561,Preeti Agarwal,Female,32,Sales,Regional Sales Head,Mumbai,Full-Time,2024-11-24,Active,,,5,1789012,20,2024,November,24,2026-09-03 19:40:19.193988,1.7741273100616017
EMP00562,Priya Yadav,Female,44,Finance,Accountant,Bangalore,Full-Time,2022-06-25,Active,,,4,506090,6,2022,June,25,2026-09-03 19:40:19.193988,4.191649555099247
EMP00563,Rohit Sharma,Male,27,Sales,Regional Sales Head,Chennai,Full-Time,2018-10-09,Active,,,5,2052819,17,2018,October,9,2026-09-03 19:40:19.193988,7.901437371663245
EMP00564,Isha Iyer,Female,36,Operations,Operations Manager,Noida,Contract,2021-02-06,Active,,,3,835029,12,2021,February,6,2026-09-03 19:40:19.193988,5.5715263518138265
EMP00565,Nikhil Sharma,Male,54,HR,HR Manager,Mumbai,Full-Time,2022-07-26,Inactive,2023-02-19,Retirement,3,870930,3,2022,July,26,2023-02-19 00:00:00.000000,0.5694729637234771
EMP00566,Preeti Patel,Female,38,Marketing,Content Specialist,Noida,Contract,2024-06-12,Active,,,3,618211,18,2024,June,12,2026-09-03 19:40:19.193988,2.2258726899383983
EMP00567,Praveen Joshi,Male,51,Marketing,Marketing Manager,Noida,Full-Time,2023-02-23,Active,,,4,1135068,15,2023,February,23,2026-09-03 19:40:19.193988,3.5263518138261465
EMP00568,Suresh Patel,Male,36,Finance,Accountant,Pune,Full-Time,2025-02-08,Active,,,3,470986,10,2025,February,8,2026-09-03 19:40:19.193988,1.566050650239562
EMP00569,Naveen Iyer,Male,38,Marketing,Content Specialist,Hyderabad,Intern,2018-02-09,Active,,,4,443601,21,2018,February,9,2026-09-03 19:40:19.193988,8.563997262149213
EMP00570,Anita Gupta,Female,42,Finance,Financial Analyst,Mumbai,Full-Time,2023-05-06,Active,,,2,785022,8,2023,May,6,2026-09-03 19:40:19.193988,3.3292265571526354
EMP00571,Anil Mishra,Male,37,IT,QA Analyst,Chennai,Full-Time,2020-03-28,Active,,,1,659503,6,2020,March,28,2026-09-03 19:40:19.193988,6.433949349760438
EMP00572,Deepak Mishra,Male,44,IT,Senior Engineer,Noida,Intern,2024-12-08,Inactive,2025-05-26,Better Opportunity,3,1583497,21,2024,December,8,2025-05-26 00:00:00.000000,0.46269678302532513
EMP00573,Praveen Desai,Male,24,Sales,Sales Executive,Noida,Full-Time,2024-01-27,Active,,,3,399391,10,2024,January,27,2026-09-03 19:40:19.193988,2.6009582477754964
EMP00574,Praveen Chopra,Male,54,Finance,Finance Manager,Pune,Full-Time,2020-01-20,Active,,,1,1032720,18,2020,January,20,2026-09-03 19:40:19.193988,6.620123203285421
EMP00575,Ravi Verma,Male,52,Sales,Regional Sales Head,Noida,Full-Time,2022-09-30,Active,,,3,1553445,11,2022,September,30,2026-09-03 19:40:19.193988,3.9260780287474333
EMP00576,Divya Yadav,Female,55,Marketing,Marketing Manager,Delhi,Full-Time,2025-10-31,Active,,,3,1069400,0,2025,October,31,2026-09-03 19:40:19.193988,0.840520191649555
EMP00577,Meena Chauhan,Female,45,HR,Recruiter,Delhi,Full-Time,2021-08-25,Active,,,4,429246,17,2021,August,25,2026-09-03 19:40:19.193988,5.023956194387406
EMP00578,Manoj Joshi,Male,43,IT,IT Manager,Pune,Full-Time,2024-11-16,Active,,,4,2099016,6,2024,November,16,2026-09-03 19:40:19.193988,1.7960301163586585
EMP00579,Naveen Iyer,Male,39,Operations,Operations Manager,Noida,Intern,2022-06-29,Active,,,2,970707,18,2022,June,29,2026-09-03 19:40:19.193988,4.180698151950718
EMP00580,Deepak Singh,Male,57,HR,Recruiter,Bangalore,Full-Time,2020-08-23,Active,,,3,451059,4,2020,August,23,2026-09-03 19:40:19.193988,6.028747433264887
EMP00581,Kavita Kapoor,Female,53,Operations,Operations Executive,Mumbai,Full-Time,2022-09-23,Inactive,2026-06-05,Retirement,3,446709,10,2022,September,23,2026-06-05 00:00:00.000000,3.698836413415469
EMP00582,Kiran Reddy,Female,25,Admin,Office Manager,Hyderabad,Full-Time,2024-05-14,Active,,,1,675730,1,2024,May,14,2026-09-03 19:40:19.193988,2.305270362765229
EMP00583,Meena Patel,Female,28,Sales,Sales Manager,Noida,Full-Time,2025-01-23,Active,,,2,885476,11,2025,January,23,2026-09-03 19:40:19.193988,1.6098562628336757
EMP00584,Vikas Bansal,Male,44,Operations,Team Lead,Noida,Full-Time,2020-11-21,Inactive,2022-05-31,Relocation,3,837863,19,2020,November,21,2022-05-31 00:00:00.000000,1.5222450376454484
EMP00585,Sanjay Chopra,Male,44,IT,Senior Engineer,Noida,Full-Time,2021-03-11,Active,,,3,1370431,24,2021,March,11,2026-09-03 19:40:19.193988,5.4811772758384665
EMP00586,Nisha Gupta,Female,51,Sales,Sales Manager,Hyderabad,Full-Time,2021-03-19,Active,,,3,817145,5,2021,March,19,2026-09-03 19:40:19.193988,5.45927446954141
EMP00587,Anita Rathore,Female,47,Marketing,Content Specialist,Hyderabad,Full-Time,2024-05-30,Active,,,3,439268,5,2024,May,30,2026-09-03 19:40:19.193988,2.2614647501711156
EMP00588,Rajesh Joshi,Male,40,Sales,Sales Manager,Bangalore,Full-Time,2025-04-28,Active,,,5,982938,12,2025,April,28,2026-09-03 19:40:19.193988,1.3497604380561259
EMP00589,Manoj Malhotra,Male,55,Customer Support,Support Team Lead,Chennai,Full-Time,2024-08-01,Active,,,2,609357,5,2024,August,1,2026-09-03 19:40:19.193988,2.088980150581793
EMP00590,Priya Kumar,Female,38,Sales,Regional Sales Head,Mumbai,Full-Time,2025-06-04,Active,,,2,2034501,2,2025,June,4,2026-09-03 19:40:19.193988,1.2484599589322383
EMP00591,Sanjay Yadav,Male,26,HR,HR Manager,Delhi,Full-Time,2019-01-27,Active,,,3,935346,1,2019,January,27,2026-09-03 19:40:19.193988,7.600273785078714
EMP00592,Amit Chauhan,Male,28,Sales,Regional Sales Head,Noida,Full-Time,2018-12-07,Active,,,3,1641797,20,2018,December,7,2026-09-03 19:40:19.193988,7.73990417522245
EMP00593,Arun Reddy,Male,40,Operations,Operations Executive,Mumbai,Full-Time,2026-04-10,Active,,,4,378237,16,2026,April,10,2026-09-03 19:40:19.193988,0.3997262149212868
EMP00594,Sunita Sharma,Female,42,HR,HR Executive,Chennai,Full-Time,2022-01-01,Active,,,3,414750,17,2022,January,1,2026-09-03 19:40:19.193988,4.670773442847365
EMP00595,Manoj Bansal,Male,56,Operations,Operations Manager,Mumbai,Full-Time,2025-10-28,Inactive,2026-05-28,Performance Issue,4,992177,20,2025,October,28,2026-05-28 00:00:00.000000,0.5804243668720055
EMP00596,Isha Rathore,Female,56,Customer Support,Support Team Lead,Bangalore,Contract,2023-05-27,Active,,,3,531492,9,2023,May,27,2026-09-03 19:40:19.193988,3.271731690622861
EMP00597,Vikas Rathore,Male,22,Marketing,Marketing Manager,Mumbai,Full-Time,2021-05-28,Inactive,2026-02-20,Health Issues,4,1129719,11,2021,May,28,2026-02-20 00:00:00.000000,4.733744010951403
EMP00598,Ritu Kapoor,Female,53,Operations,Team Lead,Delhi,Full-Time,2025-09-18,Active,,,2,728578,0,2025,September,18,2026-09-03 19:40:19.193988,0.9582477754962354
EMP00599,Naveen Reddy,Male,57,Sales,Regional Sales Head,Mumbai,Contract,2018-01-30,Active,,,3,1826449,17,2018,January,30,2026-09-03 19:40:19.193988,8.591375770020534
EMP00600,Naveen Chauhan,Male,46,Sales,Sales Executive,Mumbai,Full-Time,2026-01-07,Active,,,4,375294,2,2026,January,7,2026-09-03 19:40:19.193988,0.6543463381245722
EMP00601,Naveen Joshi,Male,39,Sales,Regional Sales Head,Noida,Full-Time,2024-11-16,Active,,,3,2064907,8,2024,November,16,2026-09-03 19:40:19.193988,1.7960301163586585
EMP00602,Swati Mishra,Female,40,Marketing,Marketing Executive,Mumbai,Full-Time,2019-07-14,Inactive,2024-10-20,Retirement,3,463998,22,2019,July,14,2024-10-20 00:00:00.000000,5.270362765229295
EMP00603,Aarti Kapoor,Female,31,HR,HR Executive,Bangalore,Full-Time,2018-03-21,Inactive,2024-05-19,Better Opportunity,2,369750,3,2018,March,21,2024-05-19 00:00:00.000000,6.16290212183436
EMP00604,Ashok Patel,Male,22,Sales,Sales Executive,Chennai,Full-Time,2022-12-01,Active,,,5,364109,15,2022,December,1,2026-09-03 19:40:19.193988,3.756331279945243
EMP00605,Sanjay Nair,Male,45,Sales,Sales Manager,Bangalore,Full-Time,2023-08-04,Active,,,3,1049912,10,2023,August,4,2026-09-03 19:40:19.193988,3.082819986310746
EMP00606,Vijay Kumar,Male,26,Sales,Sales Executive,Bangalore,Full-Time,2022-05-27,Active,,,3,369056,8,2022,May,27,2026-09-03 19:40:19.193988,4.271047227926078
EMP00607,Arun Sharma,Male,37,Customer Support,Support Executive,Noida,Full-Time,2026-01-06,Active,,,5,433996,7,2026,January,6,2026-09-03 19:40:19.193988,0.6570841889117043
EMP00608,Rahul Mishra,Male,28,Customer Support,Support Team Lead,Chennai,Full-Time,2026-08-24,Active,,,4,745707,15,2026,August,24,2026-09-03 19:40:19.193988,0.02737850787132101
EMP00609,Divya Reddy,Female,24,IT,IT Manager,Mumbai,Intern,2025-01-21,Active,,,3,2139663,3,2025,January,21,2026-09-03 19:40:19.193988,1.6153319644079398
EMP00610,Manoj Kapoor,Male,25,IT,IT Manager,Mumbai,Full-Time,2022-01-16,Active,,,2,1874230,3,2022,January,16,2026-09-03 19:40:19.193988,4.629705681040384
EMP00611,Deepak Rathore,Male,39,Finance,Finance Manager,Delhi,Full-Time,2019-11-17,Active,,,4,1109155,7,2019,November,17,2026-09-03 19:40:19.193988,6.795345653661875
EMP00612,Amit Verma,Male,31,IT,QA Analyst,Chennai,Full-Time,2024-09-08,Active,,,2,487185,5,2024,September,8,2026-09-03 19:40:19.193988,1.9849418206707734
EMP00613,Praveen Gupta,Male,25,IT,IT Manager,Noida,Full-Time,2025-01-04,Inactive,2025-08-09,Higher Studies,5,2129082,3,2025,January,4,2025-08-09 00:00:00.000000,0.5941136208076659
EMP00614,Ravi Kapoor,Male,44,IT,Senior Engineer,Bangalore,Full-Time,2024-04-06,Active,,,2,1333133,6,2024,April,6,2026-09-03 19:40:19.193988,2.409308692676249
EMP00615,Amit Chauhan,Male,38,Marketing,Marketing Manager,Chennai,Full-Time,2019-07-06,Active,,,3,991914,14,2019,July,6,2026-09-03 19:40:19.193988,7.162217659137577
EMP00616,Snehal Reddy,Female,33,Customer Support,Support Team Lead,Mumbai,Full-Time,2024-05-10,Active,,,3,587683,14,2024,May,10,2026-09-03 19:40:19.193988,2.316221765913758
EMP00617,Shreya Desai,Female,31,IT,Senior Engineer,Delhi,Full-Time,2023-12-16,Active,,,1,1531097,17,2023,December,16,2026-09-03 19:40:19.193988,2.7159479808350446
EMP00618,Vikas Malhotra,Male,54,Finance,Accountant,Noida,Full-Time,2025-02-26,Active,,,5,462106,0,2025,February,26,2026-09-03 19:40:19.193988,1.516769336071184
EMP00619,Aarti Iyer,Female,26,Operations,Team Lead,Mumbai,Full-Time,2021-08-06,Active,,,4,745907,12,2021,August,6,2026-09-03 19:40:19.193988,5.075975359342916
EMP00620,Sanjay Agarwal,Male,57,Operations,Team Lead,Pune,Full-Time,2026-08-03,Active,,,4,674276,13,2026,August,3,2026-09-03 19:40:19.193988,0.08487337440109514
EMP00621,Rajesh Singh,Male,26,Customer Support,Support Executive,Hyderabad,Contract,2025-05-22,Inactive,2025-09-25,Personal Reasons,2,419788,6,2025,May,22,2025-09-25 00:00:00.000000,0.34496919917864477
EMP00622,Suresh Kapoor,Male,58,Admin,Admin Executive,Delhi,Full-Time,2018-05-11,Active,,,4,351903,15,2018,May,11,2026-09-03 19:40:19.193988,8.314852840520192
EMP00623,Rohit Desai,Male,36,IT,IT Manager,Delhi,Full-Time,2022-02-09,Active,,,3,1756699,6,2022,February,9,2026-09-03 19:40:19.193988,4.563997262149213
EMP00624,Kiran Gupta,Female,25,HR,HR Manager,Noida,Full-Time,2025-03-02,Active,,,3,1032651,13,2025,March,2,2026-09-03 19:40:19.193988,1.5058179329226558
EMP00625,Vikas Verma,Male,26,Customer Support,Support Team Lead,Hyderabad,Intern,2018-06-16,Active,,,3,528704,6,2018,June,16,2026-09-03 19:40:19.193988,8.216290212183436
EMP00626,Preeti Singh,Female,56,Operations,Operations Executive,Chennai,Full-Time,2020-08-04,Active,,,5,389444,21,2020,August,4,2026-09-03 19:40:19.193988,6.080766598220397
EMP00627,Deepak Chopra,Male,57,Sales,Regional Sales Head,Mumbai,Contract,2024-04-06,Active,,,3,1605970,20,2024,April,6,2026-09-03 19:40:19.193988,2.409308692676249
EMP00628,Isha Iyer,Female,49,Customer Support,Support Team Lead,Chennai,Full-Time,2025-06-17,Active,,,4,550034,5,2025,June,17,2026-09-03 19:40:19.193988,1.212867898699521
EMP00629,Karan Chauhan,Male,32,Finance,Financial Analyst,Bangalore,Full-Time,2025-05-17,Active,,,5,708478,11,2025,May,17,2026-09-03 19:40:19.193988,1.297741273100616
EMP00630,Rajesh Bansal,Male,48,Finance,Finance Manager,Noida,Full-Time,2022-03-03,Active,,,4,1124458,23,2022,March,3,2026-09-03 19:40:19.193988,4.503764544832307
EMP00631,Anita Desai,Female,35,Sales,Sales Executive,Hyderabad,Full-Time,2024-02-13,Active,,,3,428038,23,2024,February,13,2026-09-03 19:40:19.193988,2.5544147843942504
EMP00632,Shreya Iyer,Female,22,IT,QA Analyst,Pune,Full-Time,2022-06-15,Active,,,5,683750,19,2022,June,15,2026-09-03 19:40:19.193988,4.219028062970568
EMP00633,Amit Agarwal,Male,41,Admin,Admin Executive,Bangalore,Full-Time,2018-01-27,Active,,,4,327575,10,2018,January,27,2026-09-03 19:40:19.193988,8.59958932238193
EMP00634,Amit Patel,Male,58,Sales,Regional Sales Head,Hyderabad,Full-Time,2024-03-28,Active,,,4,1641394,1,2024,March,28,2026-09-03 19:40:19.193988,2.433949349760438
EMP00635,Nisha Iyer,Female,45,Sales,Sales Executive,Mumbai,Full-Time,2020-12-21,Active,,,4,379977,8,2020,December,21,2026-09-03 19:40:19.193988,5.700205338809035
EMP00636,Ritu Gupta,Female,35,Operations,Team Lead,Pune,Full-Time,2024-05-19,Active,,,4,797602,15,2024,May,19,2026-09-03 19:40:19.193988,2.291581108829569
EMP00637,Anil Kapoor,Male,28,Finance,Financial Analyst,Chennai,Full-Time,2024-06-18,Active,,,3,630602,23,2024,June,18,2026-09-03 19:40:19.193988,2.209445585215606
EMP00638,Nikhil Chauhan,Male,43,Sales,Sales Executive,Noida,Full-Time,2018-08-18,Active,,,2,470742,13,2018,August,18,2026-09-03 19:40:19.193988,8.043805612594113
EMP00639,Anjali Joshi,Female,46,Customer Support,Support Executive,Chennai,Full-Time,2025-02-02,Inactive,2025-05-15,Relocation,5,373090,4,2025,February,2,2025-05-15 00:00:00.000000,0.2792607802874743
EMP00640,Rajesh Agarwal,Male,47,IT,Senior Engineer,Mumbai,Full-Time,2018-07-26,Active,,,3,1496476,18,2018,July,26,2026-09-03 19:40:19.193988,8.106776180698152
EMP00641,Preeti Gupta,Female,47,Operations,Operations Executive,Pune,Full-Time,2021-04-01,Inactive,2023-04-19,Better Opportunity,2,436943,23,2021,April,1,2023-04-19 00:00:00.000000,2.0479123887748116
EMP00642,Rahul Bansal,Male,47,IT,QA Analyst,Bangalore,Full-Time,2018-12-15,Active,,,3,637741,4,2018,December,15,2026-09-03 19:40:19.193988,7.7180013689253935
EMP00643,Kavita Kapoor,Female,58,Customer Support,Support Executive,Pune,Full-Time,2022-06-08,Active,,,5,383739,23,2022,June,8,2026-09-03 19:40:19.193988,4.238193018480493
EMP00644,Rohit Joshi,Male,49,Finance,Accountant,Delhi,Full-Time,2020-12-26,Active,,,4,609827,2,2020,December,26,2026-09-03 19:40:19.193988,5.686516084873374
EMP00645,Anjali Rathore,Female,34,Marketing,Marketing Manager,Bangalore,Full-Time,2021-11-27,Active,,,4,1033173,0,2021,November,27,2026-09-03 19:40:19.193988,4.766598220396989
EMP00646,Ashok Yadav,Male,31,Customer Support,Support Team Lead,Hyderabad,Full-Time,2022-12-17,Active,,,3,731811,7,2022,December,17,2026-09-03 19:40:19.193988,3.7125256673511293
EMP00647,Sanjay Iyer,Male,27,Marketing,Marketing Executive,Noida,Full-Time,2026-03-03,Inactive,2026-05-08,Personal Reasons,4,553309,4,2026,March,3,2026-05-08 00:00:00.000000,0.1806981519507187
EMP00648,Ashok Sharma,Male,41,Operations,Operations Manager,Chennai,Full-Time,2019-04-01,Active,,,4,773189,6,2019,April,1,2026-09-03 19:40:19.193988,7.425051334702259
EMP00649,Karan Mishra,Male,38,Finance,Accountant,Hyderabad,Full-Time,2023-11-14,Active,,,4,549608,4,2023,November,14,2026-09-03 19:40:19.193988,2.8035592060232717
EMP00650,Amit Chauhan,Male,24,Finance,Financial Analyst,Chennai,Full-Time,2023-11-28,Active,,,2,568128,6,2023,November,28,2026-09-03 19:40:19.193988,2.7652292950034223
EMP00651,Aarti Patel,Female,22,Sales,Sales Executive,Pune,Full-Time,2025-05-05,Inactive,2026-06-07,Relocation,3,446077,21,2025,May,5,2026-06-07 00:00:00.000000,1.0896646132785763
EMP00652,Vikas Singh,Male,46,Finance,Accountant,Bangalore,Full-Time,2025-04-13,Active,,,3,501140,22,2025,April,13,2026-09-03 19:40:19.193988,1.3908281998631074
EMP00653,Anjali Nair,Female,56,Sales,Sales Manager,Noida,Full-Time,2024-09-11,Inactive,2025-06-01,Retirement,1,1113044,17,2024,September,11,2025-06-01 00:00:00.000000,0.7200547570157426
EMP00654,Amit Verma,Male,43,Operations,Operations Executive,Hyderabad,Full-Time,2021-06-02,Active,,,2,482057,0,2021,June,2,2026-09-03 19:40:19.193988,5.253935660506502
EMP00655,Vikas Iyer,Male,37,IT,IT Manager,Chennai,Full-Time,2021-05-23,Active,,,3,2482870,8,2021,May,23,2026-09-03 19:40:19.193988,5.281314168377824
EMP00656,Neha Patel,Female,57,Customer Support,Support Team Lead,Noida,Full-Time,2018-05-01,Active,,,5,564139,10,2018,May,1,2026-09-03 19:40:19.193988,8.342231348391513
EMP00657,Arun Kumar,Male,55,Admin,Admin Executive,Chennai,Full-Time,2022-04-15,Active,,,4,383242,20,2022,April,15,2026-09-03 19:40:19.193988,4.386036960985626
EMP00658,Deepak Rathore,Male,49,HR,HR Executive,Hyderabad,Full-Time,2019-09-18,Active,,,4,485557,10,2019,September,18,2026-09-03 19:40:19.193988,6.959616700889802
EMP00659,Sunil Bansal,Male,30,Sales,Sales Executive,Mumbai,Full-Time,2025-04-26,Active,,,4,449447,6,2025,April,26,2026-09-03 19:40:19.193988,1.3552361396303902
EMP00660,Kavita Reddy,Female,30,Operations,Team Lead,Chennai,Intern,2023-11-16,Active,,,4,849520,24,2023,November,16,2026-09-03 19:40:19.193988,2.7980835044490076
EMP00661,Ravi Chopra,Male,57,Sales,Sales Executive,Bangalore,Full-Time,2018-10-05,Active,,,4,455110,5,2018,October,5,2026-09-03 19:40:19.193988,7.912388774811773
EMP00662,Rajesh Kumar,Male,48,IT,Software Engineer,Noida,Intern,2021-07-29,Active,,,3,679937,23,2021,July,29,2026-09-03 19:40:19.193988,5.0978781656399725
EMP00663,Manoj Kumar,Male,33,HR,HR Executive,Delhi,Full-Time,2019-06-23,Inactive,2026-07-02,Retirement,3,382698,18,2019,June,23,2026-07-02 00:00:00.000000,7.025325119780972
EMP00664,Gaurav Joshi,Male,23,Sales,Regional Sales Head,Mumbai,Full-Time,2020-08-03,Active,,,3,2025461,15,2020,August,3,2026-09-03 19:40:19.193988,6.083504449007529
EMP00665,Kavita Agarwal,Female,45,Customer Support,Support Team Lead,Chennai,Full-Time,2025-04-14,Active,,,4,602990,15,2025,April,14,2026-09-03 19:40:19.193988,1.3880903490759753
EMP00666,Ravi Yadav,Male,48,Customer Support,Support Executive,Mumbai,Full-Time,2018-05-13,Active,,,4,299601,8,2018,May,13,2026-09-03 19:40:19.193988,8.309377138945928
EMP00667,Naveen Joshi,Male,26,IT,Senior Engineer,Noida,Full-Time,2020-04-17,Inactive,2025-05-20,Health Issues,4,1425870,22,2020,April,17,2025-05-20 00:00:00.000000,5.089664613278576
EMP00668,Anita Malhotra,Female,24,IT,Senior Engineer,Pune,Full-Time,2022-07-17,Active,,,3,1533650,23,2022,July,17,2026-09-03 19:40:19.193988,4.131416837782341
EMP00669,Anita Chauhan,Female,56,Sales,Regional Sales Head,Chennai,Contract,2024-05-31,Active,,,3,2160563,1,2024,May,31,2026-09-03 19:40:19.193988,2.2587268993839835
EMP00670,Rohit Singh,Male,37,Sales,Sales Manager,Pune,Full-Time,2018-06-23,Active,,,3,907420,23,2018,June,23,2026-09-03 19:40:19.193988,8.19712525667351
EMP00671,Rahul Bansal,Male,25,Customer Support,Support Team Lead,Hyderabad,Full-Time,2026-08-01,Active,,,3,615492,9,2026,August,1,2026-09-03 19:40:19.193988,0.09034907597535935
EMP00672,Ashok Malhotra,Male,25,Sales,Sales Executive,Pune,Full-Time,2021-04-20,Active,,,3,484588,14,2021,April,20,2026-09-03 19:40:19.193988,5.371663244353183
EMP00673,Sunil Gupta,Male,33,HR,Recruiter,Hyderabad,Full-Time,2019-04-09,Active,,,3,551311,22,2019,April,9,2026-09-03 19:40:19.193988,7.403148528405202
EMP00674,Karan Kumar,Male,50,Finance,Finance Manager,Pune,Intern,2021-08-17,Inactive,2024-05-02,Retirement,3,1329511,6,2021,August,17,2024-05-02 00:00:00.000000,2.707734428473648
EMP00675,Nisha Gupta,Female,32,IT,IT Manager,Bangalore,Full-Time,2025-10-04,Active,,,4,1798835,3,2025,October,4,2026-09-03 19:40:19.193988,0.9144421629021219
EMP00676,Sunil Iyer,Male,46,Admin,Admin Executive,Hyderabad,Full-Time,2025-12-07,Active,,,1,434026,19,2025,December,7,2026-09-03 19:40:19.193988,0.7392197125256673
EMP00677,Sunita Chauhan,Female,32,Operations,Team Lead,Pune,Full-Time,2018-06-29,Active,,,3,753337,21,2018,June,29,2026-09-03 19:40:19.193988,8.180698151950718
EMP00678,Ravi Yadav,Male,25,IT,Senior Engineer,Mumbai,Full-Time,2026-08-17,Active,,,3,1265949,24,2026,August,17,2026-09-03 19:40:19.193988,0.04654346338124572
EMP00679,Sunil Reddy,Male,34,IT,Senior Engineer,Delhi,Full-Time,2019-06-23,Inactive,2022-06-23,Better Opportunity,3,1343494,15,2019,June,23,2022-06-23 00:00:00.000000,3.0006844626967832
EMP00680,Snehal Sharma,Female,52,Admin,Office Manager,Mumbai,Full-Time,2020-06-07,Active,,,1,616050,19,2020,June,7,2026-09-03 19:40:19.193988,6.239561943874059
EMP00681,Aarti Sharma,Female,57,Operations,Operations Executive,Hyderabad,Full-Time,2021-02-13,Active,,,3,391883,5,2021,February,13,2026-09-03 19:40:19.193988,5.552361396303901
EMP00682,Ravi Verma,Male,24,IT,IT Manager,Delhi,Full-Time,2019-08-19,Active,,,3,2370411,9,2019,August,19,2026-09-03 19:40:19.193988,7.041752224503765
EMP00683,Rajesh Gupta,Male,33,Finance,Accountant,Delhi,Full-Time,2022-09-04,Inactive,2024-06-07,Retirement,3,557184,22,2022,September,4,2024-06-07 00:00:00.000000,1.757700205338809
EMP00684,Gaurav Chopra,Male,45,Admin,Admin Executive,Pune,Contract,2026-05-28,Active,,,4,310537,9,2026,May,28,2026-09-03 19:40:19.193988,0.2683093771389459
EMP00685,Anita Iyer,Female,49,Finance,Finance Manager,Noida,Intern,2018-10-05,Active,,,2,963567,15,2018,October,5,2026-09-03 19:40:19.193988,7.912388774811773
EMP00686,Ravi Singh,Male,48,IT,IT Manager,Bangalore,Full-Time,2023-11-29,Active,,,2,2256663,19,2023,November,29,2026-09-03 19:40:19.193988,2.7624914442162902
EMP00687,Neha Singh,Female,55,Operations,Team Lead,Chennai,Full-Time,2025-01-20,Active,,,2,730425,22,2025,January,20,2026-09-03 19:40:19.193988,1.6180698151950719
EMP00688,Aarti Reddy,Female,38,Marketing,Marketing Manager,Hyderabad,Full-Time,2021-07-20,Active,,,4,1185609,11,2021,July,20,2026-09-03 19:40:19.193988,5.122518822724161
EMP00689,Ravi Desai,Male,53,IT,QA Analyst,Hyderabad,Contract,2026-03-06,Active,,,3,507079,19,2026,March,6,2026-09-03 19:40:19.193988,0.49555099247091033
EMP00690,Deepak Reddy,Male,23,Customer Support,Support Executive,Delhi,Full-Time,2019-04-30,Active,,,2,409042,23,2019,April,30,2026-09-03 19:40:19.193988,7.345653661875428
EMP00691,Sanjay Desai,Male,43,Sales,Sales Manager,Pune,Full-Time,2018-07-06,Active,,,3,1055175,6,2018,July,6,2026-09-03 19:40:19.193988,8.161533196440795
EMP00692,Amit Mishra,Male,41,Admin,Office Manager,Bangalore,Full-Time,2018-10-05,Active,,,3,641998,24,2018,October,5,2026-09-03 19:40:19.193988,7.912388774811773
EMP00693,Amit Singh,Male,47,Marketing,Content Specialist,Bangalore,Full-Time,2021-10-30,Active,,,3,548198,0,2021,October,30,2026-09-03 19:40:19.193988,4.843258042436688
EMP00694,Sunita Mishra,Female,52,HR,HR Manager,Noida,Full-Time,2021-10-16,Active,,,3,1052011,20,2021,October,16,2026-09-03 19:40:19.193988,4.8815879534565365
EMP00695,Ravi Kapoor,Male,56,Sales,Sales Executive,Chennai,Full-Time,2023-03-02,Active,,,3,413995,13,2023,March,2,2026-09-03 19:40:19.193988,3.5071868583162216
EMP00696,Rahul Agarwal,Male,42,Customer Support,Support Team Lead,Hyderabad,Intern,2026-02-17,Active,,,4,514492,18,2026,February,17,2026-09-03 19:40:19.193988,0.5420944558521561
EMP00697,Anita Iyer,Female,23,IT,Software Engineer,Mumbai,Intern,2021-02-22,Active,,,2,700067,17,2021,February,22,2026-09-03 19:40:19.193988,5.5277207392197125
EMP00698,Sunita Chopra,Female,29,Admin,Office Manager,Mumbai,Full-Time,2024-09-03,Active,,,5,690369,22,2024,September,3,2026-09-03 19:40:19.193988,1.998631074606434
EMP00699,Rajesh Verma,Male,53,IT,IT Manager,Pune,Full-Time,2018-12-22,Active,,,3,1997266,9,2018,December,22,2026-09-03 19:40:19.193988,7.698836413415469
EMP00700,Sanjay Agarwal,Male,45,Marketing,Marketing Manager,Mumbai,Intern,2019-04-05,Active,,,2,1103060,2,2019,April,5,2026-09-03 19:40:19.193988,7.41409993155373
EMP00701,Nisha Agarwal,Female,54,Customer Support,Support Executive,Noida,Contract,2023-05-31,Inactive,2025-06-25,Performance Issue,5,400041,16,2023,May,31,2025-06-25 00:00:00.000000,2.0698151950718686
EMP00702,Ashok Nair,Male,55,Admin,Admin Executive,Noida,Full-Time,2019-02-07,Active,,,2,316080,23,2019,February,7,2026-09-03 19:40:19.193988,7.57015742642026
EMP00703,Rahul Malhotra,Male,29,Operations,Operations Manager,Chennai,Full-Time,2023-11-10,Inactive,2026-08-20,Better Opportunity,4,1012338,19,2023,November,10,2026-08-20 00:00:00.000000,2.7761806981519506
EMP00704,Pooja Nair,Female,55,Sales,Sales Manager,Delhi,Full-Time,2019-02-27,Active,,,4,1033399,0,2019,February,27,2026-09-03 19:40:19.193988,7.515400410677618
EMP00705,Nikhil Reddy,Male,34,Sales,Regional Sales Head,Mumbai,Full-Time,2021-08-07,Active,,,3,1729187,10,2021,August,7,2026-09-03 19:40:19.193988,5.073237508555784
EMP00706,Nisha Singh,Female,39,IT,IT Manager,Mumbai,Full-Time,2019-10-08,Inactive,2026-03-17,Retirement,3,1781900,17,2019,October,8,2026-03-17 00:00:00.000000,6.439425051334703
EMP00707,Vikas Bansal,Male,40,Customer Support,Support Team Lead,Bangalore,Full-Time,2019-08-03,Active,,,2,551105,9,2019,August,3,2026-09-03 19:40:19.193988,7.085557837097878
EMP00708,Gaurav Nair,Male,30,Sales,Regional Sales Head,Pune,Full-Time,2018-07-27,Inactive,2026-04-22,Better Opportunity,4,1606267,1,2018,July,27,2026-04-22 00:00:00.000000,7.737166324435318
EMP00709,Vijay Rathore,Male,50,IT,QA Analyst,Mumbai,Full-Time,2025-11-26,Active,,,5,536236,6,2025,November,26,2026-09-03 19:40:19.193988,0.7693360711841205
EMP00710,Snehal Gupta,Female,27,Sales,Sales Manager,Hyderabad,Full-Time,2019-06-24,Active,,,3,1096088,14,2019,June,24,2026-09-03 19:40:19.193988,7.195071868583162
EMP00711,Suresh Malhotra,Male,51,Operations,Operations Manager,Chennai,Contract,2025-03-24,Active,,,5,1106081,4,2025,March,24,2026-09-03 19:40:19.193988,1.4455852156057496
EMP00712,Gaurav Patel,Male,43,IT,IT Manager,Pune,Full-Time,2020-01-22,Active,,,3,2405923,14,2020,January,22,2026-09-03 19:40:19.193988,6.614647501711157
EMP00713,Praveen Sharma,Male,44,IT,Software Engineer,Pune,Full-Time,2019-04-08,Active,,,3,831814,9,2019,April,8,2026-09-03 19:40:19.193988,7.405886379192334
EMP00714,Vikas Desai,Male,47,Customer Support,Support Executive,Hyderabad,Full-Time,2019-02-26,Active,,,3,409046,10,2019,February,26,2026-09-03 19:40:19.193988,7.51813826146475
EMP00715,Karan Gupta,Male,47,Sales,Sales Manager,Hyderabad,Full-Time,2023-03-04,Active,,,2,850887,7,2023,March,4,2026-09-03 19:40:19.193988,3.5017111567419574
EMP00716,Snehal Yadav,Female,43,IT,QA Analyst,Pune,Intern,2018-09-28,Active,,,3,620193,13,2018,September,28,2026-09-03 19:40:19.193988,7.931553730321697
EMP00717,Naveen Chopra,Male,37,Marketing,Marketing Manager,Hyderabad,Full-Time,2025-10-14,Inactive,2026-01-21,Higher Studies,4,1161228,18,2025,October,14,2026-01-21 00:00:00.000000,0.27104722792607805
EMP00718,Praveen Singh,Male,28,IT,QA Analyst,Bangalore,Contract,2024-03-23,Active,,,5,506258,12,2024,March,23,2026-09-03 19:40:19.193988,2.4476386036960984
EMP00719,Pooja Desai,Female,46,HR,HR Executive,Chennai,Full-Time,2024-09-08,Active,,,3,443198,1,2024,September,8,2026-09-03 19:40:19.193988,1.9849418206707734
EMP00720,Vijay Mishra,Male,22,IT,Senior Engineer,Hyderabad,Full-Time,2026-06-20,Active,,,2,1448658,14,2026,June,20,2026-09-03 19:40:19.193988,0.2053388090349076
EMP00721,Karan Reddy,Male,50,Customer Support,Support Team Lead,Hyderabad,Full-Time,2024-06-25,Active,,,2,673564,10,2024,June,25,2026-09-03 19:40:19.193988,2.190280629705681
EMP00722,Ashok Chopra,Male,44,Customer Support,Support Team Lead,Pune,Full-Time,2026-01-19,Active,,,3,649854,19,2026,January,19,2026-09-03 19:40:19.193988,0.621492128678987
EMP00723,Preeti Chauhan,Female,25,Customer Support,Support Executive,Noida,Full-Time,2021-04-19,Active,,,4,374343,1,2021,April,19,2026-09-03 19:40:19.193988,5.374401095140315
EMP00724,Priya Bansal,Female,23,Marketing,Marketing Manager,Delhi,Full-Time,2021-03-01,Active,,,4,1074344,12,2021,March,1,2026-09-03 19:40:19.193988,5.508555783709788
EMP00725,Rajesh Chauhan,Male,56,IT,QA Analyst,Pune,Full-Time,2022-11-18,Active,,,1,505650,4,2022,November,18,2026-09-03 19:40:19.193988,3.79192334017796
EMP00726,Sanjay Bansal,Male,48,Operations,Operations Manager,Noida,Full-Time,2022-01-15,Inactive,2025-12-17,Personal Reasons,3,813339,2,2022,January,15,2025-12-17 00:00:00.000000,3.920602327173169
EMP00727,Amit Kumar,Male,49,Sales,Regional Sales Head,Pune,Intern,2025-05-18,Active,,,3,1627758,4,2025,May,18,2026-09-03 19:40:19.193988,1.2950034223134839
EMP00728,Naveen Malhotra,Male,51,IT,QA Analyst,Hyderabad,Full-Time,2020-01-07,Active,,,1,588951,14,2020,January,7,2026-09-03 19:40:19.193988,6.655715263518139
EMP00729,Divya Iyer,Female,22,Admin,Admin Executive,Mumbai,Full-Time,2022-10-06,Active,,,4,416052,7,2022,October,6,2026-09-03 19:40:19.193988,3.909650924024641
EMP00730,Preeti Patel,Female,45,Customer Support,Support Team Lead,Hyderabad,Full-Time,2024-06-18,Inactive,2024-09-24,Retirement,3,625984,11,2024,June,18,2024-09-24 00:00:00.000000,0.2683093771389459
EMP00731,Suresh Chopra,Male,31,Operations,Operations Manager,Chennai,Full-Time,2018-11-24,Active,,,2,954506,24,2018,November,24,2026-09-03 19:40:19.193988,7.775496235455168
EMP00732,Manoj Malhotra,Male,27,Customer Support,Support Executive,Hyderabad,Full-Time,2024-11-03,Active,,,5,385792,21,2024,November,3,2026-09-03 19:40:19.193988,1.8316221765913758
EMP00733,Pooja Bansal,Female,25,HR,Recruiter,Bangalore,Full-Time,2024-11-16,Active,,,4,478805,0,2024,November,16,2026-09-03 19:40:19.193988,1.7960301163586585
EMP00734,Praveen Malhotra,Male,43,Finance,Financial Analyst,Pune,Full-Time,2024-06-08,Active,,,2,802251,9,2024,June,8,2026-09-03 19:40:19.193988,2.236824093086927
EMP00735,Ritu Yadav,Female,41,Marketing,Marketing Executive,Chennai,Intern,2024-09-13,Active,,,1,483967,1,2024,September,13,2026-09-03 19:40:19.193988,1.9712525667351128
EMP00736,Praveen Chopra,Male,40,Marketing,Marketing Executive,Hyderabad,Full-Time,2018-07-31,Active,,,4,494877,9,2018,July,31,2026-09-03 19:40:19.193988,8.093086926762492
EMP00737,Kiran Gupta,Female,39,Sales,Sales Executive,Hyderabad,Full-Time,2018-11-11,Active,,,3,438527,8,2018,November,11,2026-09-03 19:40:19.193988,7.811088295687885
EMP00738,Manoj Sharma,Male,31,Customer Support,Support Executive,Hyderabad,Full-Time,2019-12-17,Active,,,4,349267,5,2019,December,17,2026-09-03 19:40:19.193988,6.713210130047912
EMP00739,Shreya Joshi,Female,24,Finance,Finance Manager,Mumbai,Contract,2023-12-01,Active,,,4,972136,4,2023,December,1,2026-09-03 19:40:19.193988,2.757015742642026
EMP00740,Aarti Kumar,Female,46,Customer Support,Support Team Lead,Noida,Full-Time,2022-08-19,Active,,,4,615644,20,2022,August,19,2026-09-03 19:40:19.193988,4.041067761806982
EMP00741,Anil Mishra,Male,38,IT,IT Manager,Delhi,Full-Time,2025-03-15,Active,,,5,1792795,5,2025,March,15,2026-09-03 19:40:19.193988,1.4702258726899384
EMP00742,Nisha Chauhan,Female,56,Operations,Operations Manager,Bangalore,Full-Time,2023-05-05,Active,,,3,1011063,12,2023,May,5,2026-09-03 19:40:19.193988,3.3319644079397674
EMP00743,Kiran Patel,Female,22,Finance,Accountant,Hyderabad,Full-Time,2022-11-16,Active,,,2,584461,12,2022,November,16,2026-09-03 19:40:19.193988,3.7973990417522243
EMP00744,Anita Agarwal,Female,56,Operations,Team Lead,Delhi,Full-Time,2019-02-03,Active,,,1,862731,13,2019,February,3,2026-09-03 19:40:19.193988,7.581108829568788
EMP00745,Aarti Patel,Female,28,Sales,Sales Manager,Bangalore,Full-Time,2020-12-29,Active,,,5,975303,14,2020,December,29,2026-09-03 19:40:19.193988,5.678302532511978
EMP00746,Deepak Chopra,Male,33,IT,Senior Engineer,Hyderabad,Full-Time,2021-10-14,Active,,,4,1110500,0,2021,October,14,2026-09-03 19:40:19.193988,4.887063655030801
EMP00747,Vijay Sharma,Male,28,Admin,Office Manager,Delhi,Full-Time,2023-11-22,Active,,,3,594363,23,2023,November,22,2026-09-03 19:40:19.193988,2.7816563997262147
EMP00748,Ritu Patel,Female,27,Customer Support,Support Executive,Delhi,Full-Time,2018-04-08,Inactive,2025-02-03,Higher Studies,4,422655,6,2018,April,8,2025-02-03 00:00:00.000000,6.825462012320329
EMP00749,Gaurav Singh,Male,30,HR,Recruiter,Delhi,Full-Time,2018-12-20,Active,,,4,519994,20,2018,December,20,2026-09-03 19:40:19.193988,7.704312114989733
EMP00750,Nikhil Yadav,Male,38,IT,Software Engineer,Chennai,Full-Time,2020-01-25,Active,,,4,779933,2,2020,January,25,2026-09-03 19:40:19.193988,6.606433949349761
EMP00751,Nisha Patel,Female,42,Operations,Operations Manager,Chennai,Full-Time,2025-06-27,Active,,,4,1046063,8,2025,June,27,2026-09-03 19:40:19.193988,1.1854893908281998
EMP00752,Rahul Chauhan,Male,38,Customer Support,Support Team Lead,Bangalore,Contract,2018-09-04,Active,,,1,573519,14,2018,September,4,2026-09-03 19:40:19.193988,7.997262149212868
EMP00753,Pooja Kapoor,Female,33,Sales,Sales Executive,Hyderabad,Full-Time,2022-05-28,Active,,,3,357348,17,2022,May,28,2026-09-03 19:40:19.193988,4.268309377138946
EMP00754,Naveen Mishra,Male,38,IT,Software Engineer,Pune,Full-Time,2026-01-09,Inactive,2026-03-28,Better Opportunity,3,754976,8,2026,January,9,2026-03-28 00:00:00.000000,0.2135523613963039
EMP00755,Nisha Sharma,Female,22,HR,HR Manager,Mumbai,Full-Time,2025-04-28,Active,,,4,1004258,8,2025,April,28,2026-09-03 19:40:19.193988,1.3497604380561259
EMP00756,Ravi Nair,Male,54,HR,HR Manager,Hyderabad,Full-Time,2018-01-16,Active,,,3,1042556,15,2018,January,16,2026-09-03 19:40:19.193988,8.629705681040383
EMP00757,Naveen Chauhan,Male,22,IT,Software Engineer,Hyderabad,Contract,2020-07-14,Active,,,4,787993,24,2020,July,14,2026-09-03 19:40:19.193988,6.138261464750171
EMP00758,Kiran Singh,Female,43,Marketing,Content Specialist,Hyderabad,Full-Time,2022-01-10,Active,,,3,505122,20,2022,January,10,2026-09-03 19:40:19.193988,4.646132785763176
EMP00759,Pooja Iyer,Female,27,Sales,Regional Sales Head,Noida,Full-Time,2021-10-24,Active,,,3,2077526,9,2021,October,24,2026-09-03 19:40:19.193988,4.85968514715948
EMP00760,Sanjay Yadav,Male,34,Admin,Admin Executive,Pune,Full-Time,2025-05-30,Active,,,3,352114,3,2025,May,30,2026-09-03 19:40:19.193988,1.2621492128678986
EMP00761,Vikas Kapoor,Male,34,Admin,Admin Executive,Chennai,Full-Time,2022-11-29,Inactive,2024-02-27,Better Opportunity,3,398263,18,2022,November,29,2024-02-27 00:00:00.000000,1.2457221081451062
EMP00762,Rekha Kapoor,Female,41,Operations,Operations Manager,Delhi,Full-Time,2024-01-24,Active,,,3,1112383,14,2024,January,24,2026-09-03 19:40:19.193988,2.6091718001368926
EMP00763,Amit Verma,Male,24,IT,IT Manager,Delhi,Full-Time,2021-10-15,Active,,,3,1869342,20,2021,October,15,2026-09-03 19:40:19.193988,4.884325804243669
EMP00764,Rohit Malhotra,Male,36,IT,Senior Engineer,Chennai,Full-Time,2024-07-01,Active,,,5,1124176,4,2024,July,1,2026-09-03 19:40:19.193988,2.1738535249828885
EMP00765,Praveen Sharma,Male,37,Sales,Sales Manager,Hyderabad,Full-Time,2018-07-07,Active,,,5,811993,5,2018,July,7,2026-09-03 19:40:19.193988,8.158795345653662
EMP00766,Rahul Reddy,Male,32,Sales,Sales Executive,Pune,Full-Time,2024-11-08,Active,,,4,350233,3,2024,November,8,2026-09-03 19:40:19.193988,1.8179329226557153
EMP00767,Anjali Kapoor,Female,49,IT,Senior Engineer,Delhi,Full-Time,2020-04-10,Active,,,5,1539665,23,2020,April,10,2026-09-03 19:40:19.193988,6.398357289527721
EMP00768,Arun Nair,Male,56,Marketing,Marketing Executive,Chennai,Full-Time,2024-06-17,Inactive,2025-03-22,Health Issues,4,390705,5,2024,June,17,2025-03-22 00:00:00.000000,0.7611225188227242
EMP00769,Rajesh Gupta,Male,48,IT,Software Engineer,Bangalore,Full-Time,2019-08-02,Inactive,2023-11-24,Retirement,4,641201,7,2019,August,2,2023-11-24 00:00:00.000000,4.312114989733059
EMP00770,Isha Verma,Female,46,Sales,Sales Executive,Delhi,Full-Time,2025-02-02,Active,,,5,342500,15,2025,February,2,2026-09-03 19:40:19.193988,1.5824777549623545
EMP00771,Pooja Sharma,Female,40,Customer Support,Support Executive,Mumbai,Full-Time,2019-01-01,Active,,,3,410537,24,2019,January,1,2026-09-03 19:40:19.193988,7.671457905544147
EMP00772,Kiran Kumar,Female,39,Operations,Operations Executive,Mumbai,Full-Time,2025-03-05,Active,,,1,426221,5,2025,March,5,2026-09-03 19:40:19.193988,1.4976043805612593
EMP00773,Gaurav Verma,Male,27,IT,Senior Engineer,Chennai,Full-Time,2023-08-10,Active,,,5,1511943,11,2023,August,10,2026-09-03 19:40:19.193988,3.0663928815879533
EMP00774,Naveen Sharma,Male,55,Customer Support,Support Executive,Mumbai,Full-Time,2019-04-27,Active,,,4,384148,24,2019,April,27,2026-09-03 19:40:19.193988,7.353867214236824
EMP00775,Snehal Agarwal,Female,35,Sales,Sales Executive,Pune,Full-Time,2026-08-22,Active,,,3,370995,4,2026,August,22,2026-09-03 19:40:19.193988,0.03285420944558522
EMP00776,Praveen Kapoor,Male,24,Operations,Operations Executive,Mumbai,Contract,2025-07-07,Inactive,2026-03-10,Relocation,3,392211,8,2025,July,7,2026-03-10 00:00:00.000000,0.6735112936344969
EMP00777,Rajesh Desai,Male,25,HR,HR Manager,Delhi,Full-Time,2019-03-04,Active,,,1,828319,0,2019,March,4,2026-09-03 19:40:19.193988,7.501711156741957
EMP00778,Praveen Agarwal,Male,50,Marketing,Marketing Executive,Delhi,Full-Time,2020-08-21,Active,,,3,441175,6,2020,August,21,2026-09-03 19:40:19.193988,6.034223134839151
EMP00779,Anita Joshi,Female,28,Sales,Sales Executive,Bangalore,Full-Time,2020-07-21,Active,,,4,406015,6,2020,July,21,2026-09-03 19:40:19.193988,6.119096509240246
EMP00780,Divya Joshi,Female,53,Sales,Sales Executive,Pune,Full-Time,2024-07-24,Inactive,2025-12-12,Personal Reasons,3,374586,19,2024,July,24,2025-12-12 00:00:00.000000,1.3853524982888432
EMP00781,Sunil Yadav,Male,51,IT,QA Analyst,Bangalore,Full-Time,2019-07-13,Active,,,3,606544,8,2019,July,13,2026-09-03 19:40:19.193988,7.143052703627652
EMP00782,Meena Nair,Female,58,Marketing,Marketing Executive,Delhi,Full-Time,2025-10-06,Inactive,2026-02-12,Better Opportunity,2,535797,14,2025,October,6,2026-02-12 00:00:00.000000,0.3531827515400411
EMP00783,Swati Yadav,Female,32,Customer Support,Support Team Lead,Mumbai,Full-Time,2021-04-23,Active,,,4,663119,19,2021,April,23,2026-09-03 19:40:19.193988,5.363449691991787
EMP00784,Sunita Chopra,Female,27,Finance,Financial Analyst,Noida,Full-Time,2020-07-29,Active,,,4,688159,6,2020,July,29,2026-09-03 19:40:19.193988,6.09719370294319
EMP00785,Isha Kapoor,Female,49,Operations,Operations Manager,Bangalore,Full-Time,2018-03-01,Active,,,2,853795,10,2018,March,1,2026-09-03 19:40:19.193988,8.509240246406572
EMP00786,Naveen Chopra,Male,58,Customer Support,Support Executive,Hyderabad,Full-Time,2019-09-03,Active,,,3,355988,1,2019,September,3,2026-09-03 19:40:19.193988,7.000684462696783
EMP00787,Rahul Kapoor,Male,47,IT,Software Engineer,Pune,Contract,2023-12-16,Active,,,4,818444,3,2023,December,16,2026-09-03 19:40:19.193988,2.7159479808350446
EMP00788,Nisha Kapoor,Female,22,HR,HR Executive,Delhi,Full-Time,2024-04-06,Active,,,3,405058,6,2024,April,6,2026-09-03 19:40:19.193988,2.409308692676249
EMP00789,Kavita Iyer,Female,27,HR,HR Manager,Mumbai,Full-Time,2025-04-06,Inactive,2026-05-13,Relocation,4,823249,14,2025,April,6,2026-05-13 00:00:00.000000,1.1006160164271048
EMP00790,Isha Chopra,Female,30,Sales,Sales Executive,Pune,Full-Time,2023-03-15,Active,,,3,404857,11,2023,March,15,2026-09-03 19:40:19.193988,3.4715947980835042
EMP00791,Sunil Sharma,Male,43,Sales,Regional Sales Head,Delhi,Full-Time,2022-04-26,Active,,,3,1743544,24,2022,April,26,2026-09-03 19:40:19.193988,4.355920602327173
EMP00792,Manoj Desai,Male,27,Finance,Financial Analyst,Hyderabad,Contract,2020-04-28,Active,,,2,639780,1,2020,April,28,2026-09-03 19:40:19.193988,6.349075975359343
EMP00793,Preeti Iyer,Female,45,HR,HR Executive,Delhi,Full-Time,2022-04-18,Active,,,3,346539,11,2022,April,18,2026-09-03 19:40:19.193988,4.37782340862423
EMP00794,Anil Bansal,Male,35,Sales,Regional Sales Head,Delhi,Full-Time,2024-04-15,Inactive,2025-05-22,Personal Reasons,2,1918536,20,2024,April,15,2025-05-22 00:00:00.000000,1.1006160164271048
EMP00795,Kiran Chopra,Female,36,Customer Support,Support Executive,Noida,Full-Time,2026-05-10,Active,,,4,423210,16,2026,May,10,2026-09-03 19:40:19.193988,0.31759069130732376
EMP00796,Naveen Patel,Male,44,IT,Software Engineer,Delhi,Full-Time,2022-03-08,Active,,,3,735406,3,2022,March,8,2026-09-03 19:40:19.193988,4.490075290896646
EMP00797,Praveen Bansal,Male,40,Finance,Financial Analyst,Noida,Full-Time,2023-12-23,Active,,,3,648217,21,2023,December,23,2026-09-03 19:40:19.193988,2.6967830253251197
EMP00798,Pooja Mishra,Female,47,Operations,Operations Manager,Delhi,Full-Time,2018-11-25,Active,,,5,868814,2,2018,November,25,2026-09-03 19:40:19.193988,7.772758384668036
EMP00799,Anjali Yadav,Female,31,IT,IT Manager,Delhi,Full-Time,2025-10-26,Active,,,3,2399994,16,2025,October,26,2026-09-03 19:40:19.193988,0.8542094455852156
EMP00800,Priya Reddy,Female,30,Customer Support,Support Team Lead,Chennai,Full-Time,2024-01-27,Active,,,3,610831,23,2024,January,27,2026-09-03 19:40:19.193988,2.6009582477754964
EMP00801,Amit Reddy,Male,36,Finance,Accountant,Delhi,Full-Time,2018-04-01,Active,,,4,528924,10,2018,April,1,2026-09-03 19:40:19.193988,8.424366872005475
EMP00802,Swati Chopra,Female,42,Customer Support,Support Team Lead,Chennai,Contract,2025-03-31,Active,,,4,669805,16,2025,March,31,2026-09-03 19:40:19.193988,1.4264202600958247
EMP00803,Karan Malhotra,Male,30,Marketing,Marketing Manager,Bangalore,Full-Time,2024-05-12,Active,,,4,923968,8,2024,May,12,2026-09-03 19:40:19.193988,2.3107460643394937
EMP00804,Deepak Kapoor,Male,25,Operations,Operations Manager,Bangalore,Full-Time,2026-08-19,Active,,,2,867377,5,2026,August,19,2026-09-03 19:40:19.193988,0.04106776180698152
EMP00805,Gaurav Yadav,Male,33,Sales,Regional Sales Head,Hyderabad,Full-Time,2021-03-14,Active,,,4,2134318,22,2021,March,14,2026-09-03 19:40:19.193988,5.47296372347707
EMP00806,Ravi Yadav,Male,42,Sales,Sales Executive,Delhi,Full-Time,2018-06-18,Active,,,1,410542,11,2018,June,18,2026-09-03 19:40:19.193988,8.210814510609172
EMP00807,Anil Mishra,Male,44,Customer Support,Support Executive,Chennai,Full-Time,2021-07-22,Inactive,2024-03-26,Retirement,3,434065,17,2021,July,22,2024-03-26 00:00:00.000000,2.6776180698151952
EMP00808,Ashok Singh,Male,31,IT,Software Engineer,Pune,Full-Time,2023-08-08,Active,,,4,854787,4,2023,August,8,2026-09-03 19:40:19.193988,3.0718685831622174
EMP00809,Amit Bansal,Male,40,Sales,Regional Sales Head,Bangalore,Full-Time,2025-04-05,Active,,,3,1738675,24,2025,April,5,2026-09-03 19:40:19.193988,1.4127310061601643
EMP00810,Nikhil Kumar,Male,29,Admin,Office Manager,Bangalore,Full-Time,2025-09-23,Active,,,3,726041,4,2025,September,23,2026-09-03 19:40:19.193988,0.944558521560575
EMP00811,Karan Singh,Male,36,HR,HR Manager,Delhi,Full-Time,2022-07-04,Active,,,4,798293,1,2022,July,4,2026-09-03 19:40:19.193988,4.167008898015058
EMP00812,Aarti Mishra,Female,39,Sales,Regional Sales Head,Hyderabad,Full-Time,2020-06-28,Active,,,3,1590184,14,2020,June,28,2026-09-03 19:40:19.193988,6.182067077344285
EMP00813,Pooja Agarwal,Female,42,Marketing,Marketing Manager,Mumbai,Full-Time,2023-07-02,Active,,,2,1001891,1,2023,July,2,2026-09-03 19:40:19.193988,3.1731690622861053
EMP00814,Vikas Chauhan,Male,45,Sales,Sales Executive,Chennai,Full-Time,2022-10-18,Active,,,2,341950,11,2022,October,18,2026-09-03 19:40:19.193988,3.8767967145790556
EMP00815,Suman Reddy,Female,27,IT,QA Analyst,Noida,Full-Time,2024-04-16,Active,,,4,662817,23,2024,April,16,2026-09-03 19:40:19.193988,2.3819301848049284
EMP00816,Naveen Malhotra,Male,49,Finance,Finance Manager,Mumbai,Full-Time,2026-03-01,Active,,,1,1117245,18,2026,March,1,2026-09-03 19:40:19.193988,0.5092402464065708
EMP00817,Aarti Gupta,Female,52,Sales,Sales Executive,Mumbai,Full-Time,2021-05-27,Active,,,3,424048,10,2021,May,27,2026-09-03 19:40:19.193988,5.270362765229295
EMP00818,Pooja Chopra,Female,48,Operations,Operations Manager,Delhi,Full-Time,2018-01-28,Active,,,1,863398,5,2018,January,28,2026-09-03 19:40:19.193988,8.596851471594798
EMP00819,Snehal Malhotra,Female,30,Finance,Financial Analyst,Hyderabad,Full-Time,2026-06-21,Active,,,4,768893,9,2026,June,21,2026-09-03 19:40:19.193988,0.2026009582477755
EMP00820,Snehal Kapoor,Female,41,Finance,Accountant,Noida,Full-Time,2021-05-21,Active,,,4,572971,7,2021,May,21,2026-09-03 19:40:19.193988,5.286789869952088
EMP00821,Amit Sharma,Male,52,Sales,Sales Executive,Bangalore,Contract,2021-05-14,Inactive,2025-04-06,Relocation,4,406745,15,2021,May,14,2025-04-06 00:00:00.000000,3.89596167008898
EMP00822,Deepak Sharma,Male,53,Sales,Sales Executive,Noida,Full-Time,2021-02-09,Active,,,4,350675,23,2021,February,9,2026-09-03 19:40:19.193988,5.563312799452429
EMP00823,Suman Chopra,Female,38,IT,QA Analyst,Hyderabad,Full-Time,2022-11-22,Active,,,4,572228,22,2022,November,22,2026-09-03 19:40:19.193988,3.780971937029432
EMP00824,Suresh Iyer,Male,23,Finance,Financial Analyst,Chennai,Intern,2024-06-14,Active,,,2,594840,1,2024,June,14,2026-09-03 19:40:19.193988,2.220396988364134
EMP00825,Kavita Nair,Female,44,Sales,Sales Manager,Chennai,Full-Time,2019-07-09,Inactive,2022-09-27,Relocation,4,916025,11,2019,July,9,2022-09-27 00:00:00.000000,3.2197125256673513
EMP00826,Rahul Reddy,Male,26,Admin,Office Manager,Hyderabad,Full-Time,2025-03-02,Active,,,3,693946,5,2025,March,2,2026-09-03 19:40:19.193988,1.5058179329226558
EMP00827,Suresh Desai,Male,42,IT,Senior Engineer,Hyderabad,Full-Time,2021-08-14,Active,,,2,1461182,9,2021,August,14,2026-09-03 19:40:19.193988,5.054072553045859
EMP00828,Manoj Iyer,Male,44,Finance,Accountant,Hyderabad,Full-Time,2024-07-03,Active,,,4,427579,16,2024,July,3,2026-09-03 19:40:19.193988,2.1683778234086244
EMP00829,Ritu Iyer,Female,32,Sales,Sales Manager,Pune,Full-Time,2021-10-25,Inactive,2022-11-05,Retirement,4,844600,6,2021,October,25,2022-11-05 00:00:00.000000,1.0294318959616702
EMP00830,Karan Desai,Male,56,Sales,Regional Sales Head,Noida,Full-Time,2023-11-24,Active,,,4,2035630,3,2023,November,24,2026-09-03 19:40:19.193988,2.7761806981519506
EMP00831,Naveen Malhotra,Male,23,Sales,Sales Executive,Delhi,Full-Time,2019-06-22,Active,,,3,389851,11,2019,June,22,2026-09-03 19:40:19.193988,7.200547570157426
EMP00832,Kavita Malhotra,Female,43,Operations,Team Lead,Hyderabad,Full-Time,2026-07-25,Active,,,3,680311,23,2026,July,25,2026-09-03 19:40:19.193988,0.10951403148528405
EMP00833,Suresh Joshi,Male,31,Marketing,Marketing Executive,Noida,Full-Time,2025-10-14,Active,,,4,437837,6,2025,October,14,2026-09-03 19:40:19.193988,0.8870636550308009
EMP00834,Ravi Gupta,Male,29,Sales,Sales Manager,Chennai,Contract,2026-07-23,Active,,,4,1043889,24,2026,July,23,2026-09-03 19:40:19.193988,0.11498973305954825
EMP00835,Swati Verma,Female,54,Operations,Operations Executive,Delhi,Full-Time,2018-05-15,Active,,,4,435805,8,2018,May,15,2026-09-03 19:40:19.193988,8.303901437371664
EMP00836,Neha Gupta,Female,28,Marketing,Marketing Manager,Chennai,Full-Time,2018-02-12,Active,,,2,1157137,6,2018,February,12,2026-09-03 19:40:19.193988,8.555783709787816
EMP00837,Nikhil Mishra,Male,23,Operations,Operations Executive,Chennai,Full-Time,2021-12-10,Inactive,2026-04-16,Relocation,3,516396,11,2021,December,10,2026-04-16 00:00:00.000000,4.347707049965777
EMP00838,Vikas Yadav,Male,26,IT,Senior Engineer,Hyderabad,Full-Time,2024-05-24,Inactive,2026-03-07,Health Issues,3,1112271,6,2024,May,24,2026-03-07 00:00:00.000000,1.78507871321013
EMP00839,Meena Reddy,Female,22,Finance,Accountant,Noida,Full-Time,2024-01-10,Active,,,2,444737,6,2024,January,10,2026-09-03 19:40:19.193988,2.647501711156742
EMP00840,Preeti Kapoor,Female,33,HR,HR Manager,Chennai,Full-Time,2024-08-11,Active,,,4,1109789,5,2024,August,11,2026-09-03 19:40:19.193988,2.0616016427104724
EMP00841,Suman Chauhan,Female,36,IT,QA Analyst,Mumbai,Full-Time,2023-10-08,Active,,,3,635010,10,2023,October,8,2026-09-03 19:40:19.193988,2.9048596851471595
EMP00842,Anjali Malhotra,Female,53,Marketing,Marketing Executive,Hyderabad,Full-Time,2019-07-11,Active,,,3,509351,17,2019,July,11,2026-09-03 19:40:19.193988,7.148528405201916
EMP00843,Rahul Gupta,Male,46,Operations,Operations Manager,Pune,Full-Time,2019-04-19,Active,,,3,981140,9,2019,April,19,2026-09-03 19:40:19.193988,7.3757700205338805
EMP00844,Sunil Joshi,Male,49,Marketing,Content Specialist,Pune,Full-Time,2021-04-05,Active,,,4,438921,15,2021,April,5,2026-09-03 19:40:19.193988,5.412731006160164
EMP00845,Suman Yadav,Female,28,Sales,Sales Executive,Chennai,Full-Time,2023-07-07,Active,,,4,423625,21,2023,July,7,2026-09-03 19:40:19.193988,3.159479808350445
EMP00846,Vijay Singh,Male,28,HR,HR Executive,Pune,Full-Time,2022-06-29,Active,,,3,482788,5,2022,June,29,2026-09-03 19:40:19.193988,4.180698151950718
EMP00847,Vijay Iyer,Male,47,Customer Support,Support Executive,Bangalore,Full-Time,2020-03-31,Inactive,2025-03-04,Higher Studies,3,367375,24,2020,March,31,2025-03-04 00:00:00.000000,4.9253935660506505
EMP00848,Nikhil Chopra,Male,47,Marketing,Marketing Manager,Noida,Full-Time,2025-03-22,Active,,,4,1060837,12,2025,March,22,2026-09-03 19:40:19.193988,1.4510609171800137
EMP00849,Kiran Agarwal,Female,51,IT,IT Manager,Mumbai,Contract,2026-08-12,Active,,,5,1900551,15,2026,August,12,2026-09-03 19:40:19.193988,0.06023271731690623
EMP00850,Rekha Kumar,Female,25,Customer Support,Support Executive,Delhi,Full-Time,2026-04-11,Active,,,3,367238,0,2026,April,11,2026-09-03 19:40:19.193988,0.39698836413415467
EMP00851,Anil Chauhan,Male,31,Sales,Regional Sales Head,Chennai,Intern,2021-09-01,Active,,,3,1978727,24,2021,September,1,2026-09-03 19:40:19.193988,5.004791238877481
EMP00852,Pooja Agarwal,Female,34,Operations,Operations Manager,Noida,Contract,2023-03-24,Active,,,5,944243,16,2023,March,24,2026-09-03 19:40:19.193988,3.4469541409993156
EMP00853,Manoj Bansal,Male,56,Sales,Sales Manager,Noida,Full-Time,2024-01-24,Inactive,2026-05-15,Better Opportunity,2,1121656,3,2024,January,24,2026-05-15 00:00:00.000000,2.305270362765229
EMP00854,Arun Malhotra,Male,50,IT,IT Manager,Noida,Full-Time,2022-03-22,Active,,,3,1726287,17,2022,March,22,2026-09-03 19:40:19.193988,4.4517453798767965
EMP00855,Ashok Yadav,Male,41,Marketing,Marketing Manager,Pune,Full-Time,2019-07-05,Active,,,1,992732,3,2019,July,5,2026-09-03 19:40:19.193988,7.1649555099247095
EMP00856,Isha Kapoor,Female,56,Marketing,Content Specialist,Hyderabad,Full-Time,2025-09-08,Active,,,1,520182,5,2025,September,8,2026-09-03 19:40:19.193988,0.9856262833675564
EMP00857,Preeti Verma,Female,46,Marketing,Marketing Manager,Bangalore,Full-Time,2023-07-20,Active,,,4,941550,9,2023,July,20,2026-09-03 19:40:19.193988,3.1238877481177276
EMP00858,Anita Verma,Female,30,Marketing,Marketing Executive,Hyderabad,Full-Time,2018-07-04,Active,,,5,445297,23,2018,July,4,2026-09-03 19:40:19.193988,8.167008898015059
EMP00859,Isha Sharma,Female,28,HR,Recruiter,Bangalore,Full-Time,2022-04-08,Active,,,3,561050,13,2022,April,8,2026-09-03 19:40:19.193988,4.405201916495551
EMP00860,Vikas Verma,Male,37,Marketing,Content Specialist,Mumbai,Contract,2020-10-11,Active,,,5,543506,22,2020,October,11,2026-09-03 19:40:19.193988,5.894592744695414
EMP00861,Vijay Reddy,Male,23,Finance,Accountant,Bangalore,Full-Time,2019-11-27,Active,,,5,432475,21,2019,November,27,2026-09-03 19:40:19.193988,6.767967145790554
EMP00862,Swati Chopra,Female,23,Marketing,Content Specialist,Pune,Full-Time,2020-12-28,Active,,,4,542597,10,2020,December,28,2026-09-03 19:40:19.193988,5.68104038329911
EMP00863,Arun Chopra,Male,28,Sales,Sales Manager,Bangalore,Full-Time,2024-06-03,Active,,,4,801020,21,2024,June,3,2026-09-03 19:40:19.193988,2.2505133470225873
EMP00864,Meena Nair,Female,43,IT,QA Analyst,Hyderabad,Contract,2026-07-31,Active,,,2,533394,13,2026,July,31,2026-09-03 19:40:19.193988,0.09308692676249145
EMP00865,Sanjay Kapoor,Male,56,Operations,Team Lead,Noida,Full-Time,2018-11-05,Active,,,4,669243,9,2018,November,5,2026-09-03 19:40:19.193988,7.827515400410678
EMP00866,Nikhil Chauhan,Male,27,Sales,Sales Executive,Hyderabad,Full-Time,2026-05-01,Active,,,3,432510,18,2026,May,1,2026-09-03 19:40:19.193988,0.34223134839151265
EMP00867,Rajesh Patel,Male,52,Operations,Operations Executive,Hyderabad,Full-Time,2023-12-16,Active,,,4,415349,2,2023,December,16,2026-09-03 19:40:19.193988,2.7159479808350446
EMP00868,Ritu Agarwal,Female,56,Sales,Sales Manager,Pune,Full-Time,2025-06-10,Active,,,4,914153,8,2025,June,10,2026-09-03 19:40:19.193988,1.2320328542094456
EMP00869,Gaurav Agarwal,Male,57,Operations,Operations Manager,Chennai,Full-Time,2026-07-25,Active,,,4,771697,22,2026,July,25,2026-09-03 19:40:19.193988,0.10951403148528405
EMP00870,Preeti Yadav,Female,51,Finance,Financial Analyst,Pune,Full-Time,2020-05-22,Active,,,3,718360,19,2020,May,22,2026-09-03 19:40:19.193988,6.283367556468172
EMP00871,Naveen Chopra,Male,55,Marketing,Content Specialist,Chennai,Full-Time,2018-09-03,Active,,,5,517497,7,2018,September,3,2026-09-03 19:40:19.193988,8.0
EMP00872,Ravi Reddy,Male,26,Marketing,Marketing Manager,Pune,Full-Time,2021-07-29,Active,,,2,1128967,8,2021,July,29,2026-09-03 19:40:19.193988,5.0978781656399725
EMP00873,Ashok Yadav,Male,37,HR,HR Manager,Chennai,Full-Time,2024-09-28,Active,,,4,805881,6,2024,September,28,2026-09-03 19:40:19.193988,1.9301848049281314
EMP00874,Priya Joshi,Female,57,Customer Support,Support Team Lead,Pune,Full-Time,2023-06-12,Active,,,3,611284,1,2023,June,12,2026-09-03 19:40:19.193988,3.2279260780287475
EMP00875,Meena Yadav,Female,38,Customer Support,Support Team Lead,Mumbai,Full-Time,2018-04-30,Active,,,4,576665,17,2018,April,30,2026-09-03 19:40:19.193988,8.344969199178644
EMP00876,Anil Verma,Male,25,Operations,Team Lead,Pune,Intern,2018-03-23,Active,,,1,618500,19,2018,March,23,2026-09-03 19:40:19.193988,8.449007529089664
EMP00877,Ritu Gupta,Female,27,Marketing,Marketing Manager,Bangalore,Intern,2025-07-14,Active,,,3,1126627,4,2025,July,14,2026-09-03 19:40:19.193988,1.1389459274469542
EMP00878,Rekha Singh,Female,29,Sales,Regional Sales Head,Chennai,Full-Time,2023-08-12,Active,,,2,2126866,24,2023,August,12,2026-09-03 19:40:19.193988,3.060917180013689
EMP00879,Preeti Patel,Female,29,Operations,Operations Manager,Delhi,Contract,2020-09-02,Active,,,5,877827,18,2020,September,2,2026-09-03 19:40:19.193988,6.0013689253935665
EMP00880,Arun Joshi,Male,28,HR,HR Manager,Mumbai,Full-Time,2019-08-14,Inactive,2022-11-10,Performance Issue,3,912015,18,2019,August,14,2022-11-10 00:00:00.000000,3.241615331964408
EMP00881,Rahul Kapoor,Male,29,Finance,Financial Analyst,Bangalore,Full-Time,2025-11-05,Active,,,2,662683,21,2025,November,5,2026-09-03 19:40:19.193988,0.8268309377138946
EMP00882,Deepak Patel,Male,45,Sales,Sales Executive,Bangalore,Intern,2023-05-01,Active,,,4,343371,19,2023,May,1,2026-09-03 19:40:19.193988,3.3429158110882957
EMP00883,Neha Verma,Female,37,HR,Recruiter,Noida,Full-Time,2025-07-13,Active,,,4,451744,20,2025,July,13,2026-09-03 19:40:19.193988,1.1416837782340863
EMP00884,Vikas Singh,Male,46,IT,Senior Engineer,Noida,Full-Time,2022-12-18,Inactive,2025-04-30,Relocation,2,1261461,24,2022,December,18,2025-04-30 00:00:00.000000,2.3655030800821355
EMP00885,Deepak Reddy,Male,50,IT,Senior Engineer,Noida,Full-Time,2019-10-19,Active,,,2,1562322,24,2019,October,19,2026-09-03 19:40:19.193988,6.874743326488707
EMP00886,Naveen Verma,Male,53,Operations,Operations Manager,Noida,Full-Time,2018-11-25,Active,,,3,913666,10,2018,November,25,2026-09-03 19:40:19.193988,7.772758384668036
EMP00887,Swati Singh,Female,54,Sales,Sales Executive,Chennai,Full-Time,2020-12-04,Inactive,2023-06-13,Retirement,3,456677,17,2020,December,4,2023-06-13 00:00:00.000000,2.521560574948665
EMP00888,Rajesh Malhotra,Male,25,Marketing,Content Specialist,Delhi,Full-Time,2026-07-19,Active,,,2,461747,14,2026,July,19,2026-09-03 19:40:19.193988,0.12594113620807665
EMP00889,Ravi Sharma,Male,41,Finance,Finance Manager,Mumbai,Full-Time,2025-01-17,Active,,,4,971182,5,2025,January,17,2026-09-03 19:40:19.193988,1.626283367556468
EMP00890,Deepak Agarwal,Male,30,Finance,Financial Analyst,Noida,Full-Time,2025-04-13,Active,,,3,730795,10,2025,April,13,2026-09-03 19:40:19.193988,1.3908281998631074
EMP00891,Sunil Kapoor,Male,33,Operations,Team Lead,Mumbai,Full-Time,2020-12-03,Active,,,3,826495,9,2020,December,3,2026-09-03 19:40:19.193988,5.749486652977413
EMP00892,Sanjay Gupta,Male,47,Operations,Operations Manager,Bangalore,Full-Time,2020-01-16,Active,,,4,1105112,18,2020,January,16,2026-09-03 19:40:19.193988,6.631074606433949
EMP00893,Rekha Sharma,Female,36,Customer Support,Support Executive,Hyderabad,Full-Time,2025-04-04,Active,,,3,433877,6,2025,April,4,2026-09-03 19:40:19.193988,1.4154688569472964
EMP00894,Shreya Yadav,Female,49,Admin,Admin Executive,Pune,Contract,2024-12-06,Active,,,3,318395,11,2024,December,6,2026-09-03 19:40:19.193988,1.7412731006160165
EMP00895,Anil Chopra,Male,55,Finance,Accountant,Delhi,Full-Time,2026-01-22,Active,,,3,608997,14,2026,January,22,2026-09-03 19:40:19.193988,0.6132785763175906
EMP00896,Praveen Singh,Male,34,Customer Support,Support Executive,Chennai,Full-Time,2020-04-12,Active,,,4,411377,8,2020,April,12,2026-09-03 19:40:19.193988,6.392881587953457
EMP00897,Ashok Kapoor,Male,35,IT,QA Analyst,Mumbai,Full-Time,2022-11-02,Active,,,4,686445,9,2022,November,2,2026-09-03 19:40:19.193988,3.8357289527720737
EMP00898,Sanjay Rathore,Male,23,Sales,Sales Executive,Pune,Intern,2019-08-21,Active,,,2,381887,19,2019,August,21,2026-09-03 19:40:19.193988,7.036276522929501
EMP00899,Sunil Joshi,Male,51,Marketing,Marketing Manager,Hyderabad,Full-Time,2025-09-03,Inactive,2026-06-30,Personal Reasons,4,1138648,22,2025,September,3,2026-06-30 00:00:00.000000,0.8213552361396304
EMP00900,Arun Mishra,Male,49,Finance,Financial Analyst,Pune,Full-Time,2025-12-11,Active,,,4,619118,3,2025,December,11,2026-09-03 19:40:19.193988,0.7282683093771389
EMP00901,Karan Verma,Male,52,Marketing,Marketing Executive,Bangalore,Full-Time,2020-08-19,Active,,,3,561913,21,2020,August,19,2026-09-03 19:40:19.193988,6.039698836413415
EMP00902,Gaurav Verma,Male,46,Sales,Sales Executive,Bangalore,Full-Time,2023-08-29,Active,,,3,403151,11,2023,August,29,2026-09-03 19:40:19.193988,3.0143737166324436
EMP00903,Kavita Bansal,Female,38,Admin,Admin Executive,Hyderabad,Full-Time,2020-01-05,Inactive,2025-09-13,Relocation,2,420405,4,2020,January,5,2025-09-13 00:00:00.000000,5.689253935660506
EMP00904,Vijay Nair,Male,31,Operations,Team Lead,Hyderabad,Full-Time,2022-11-09,Active,,,2,682715,4,2022,November,9,2026-09-03 19:40:19.193988,3.8165639972621492
EMP00905,Praveen Patel,Male,38,Customer Support,Support Team Lead,Pune,Full-Time,2021-03-04,Active,,,2,692775,8,2021,March,4,2026-09-03 19:40:19.193988,5.500342231348392
EMP00906,Preeti Nair,Female,53,IT,QA Analyst,Mumbai,Full-Time,2021-07-16,Active,,,4,500778,21,2021,July,16,2026-09-03 19:40:19.193988,5.13347022587269
EMP00907,Sunil Verma,Male,36,IT,Senior Engineer,Mumbai,Full-Time,2018-08-12,Active,,,4,1349528,5,2018,August,12,2026-09-03 19:40:19.193988,8.060232717316905
EMP00908,Nisha Rathore,Female,50,Marketing,Marketing Executive,Pune,Full-Time,2018-06-17,Active,,,2,510125,15,2018,June,17,2026-09-03 19:40:19.193988,8.213552361396303
EMP00909,Sunil Kapoor,Male,31,IT,Software Engineer,Noida,Full-Time,2026-01-27,Inactive,2026-04-20,Personal Reasons,3,838088,5,2026,January,27,2026-04-20 00:00:00.000000,0.2272416153319644
EMP00910,Sunita Agarwal,Female,35,Sales,Sales Manager,Hyderabad,Full-Time,2025-06-09,Active,,,3,1114785,16,2025,June,9,2026-09-03 19:40:19.193988,1.2347707049965777
EMP00911,Nikhil Yadav,Male,53,Customer Support,Support Team Lead,Delhi,Full-Time,2020-10-05,Active,,,3,722968,0,2020,October,5,2026-09-03 19:40:19.193988,5.9110198494182065
EMP00912,Ritu Singh,Female,28,Sales,Sales Manager,Bangalore,Full-Time,2024-08-15,Active,,,3,820359,2,2024,August,15,2026-09-03 19:40:19.193988,2.0506502395619437
EMP00913,Sunil Kapoor,Male,22,Admin,Office Manager,Chennai,Full-Time,2021-01-08,Active,,,3,520523,19,2021,January,8,2026-09-03 19:40:19.193988,5.650924024640657
EMP00914,Nisha Nair,Female,30,Sales,Regional Sales Head,Chennai,Full-Time,2024-05-20,Active,,,3,1565051,20,2024,May,20,2026-09-03 19:40:19.193988,2.2888432580424367
EMP00915,Ashok Nair,Male,57,Finance,Accountant,Chennai,Full-Time,2018-10-17,Active,,,5,501278,12,2018,October,17,2026-09-03 19:40:19.193988,7.879534565366187
EMP00916,Manoj Yadav,Male,27,Finance,Accountant,Noida,Full-Time,2022-06-22,Inactive,2023-10-21,Personal Reasons,1,502700,12,2022,June,22,2023-10-21 00:00:00.000000,1.3305954825462012
EMP00917,Ashok Kumar,Male,49,HR,HR Executive,Bangalore,Full-Time,2023-07-04,Active,,,2,487471,21,2023,July,4,2026-09-03 19:40:19.193988,3.167693360711841
EMP00918,Gaurav Kumar,Male,45,HR,HR Manager,Chennai,Full-Time,2019-01-29,Active,,,1,941264,12,2019,January,29,2026-09-03 19:40:19.193988,7.594798083504449
EMP00919,Kiran Patel,Female,27,Sales,Regional Sales Head,Hyderabad,Full-Time,2022-09-29,Active,,,3,2113915,19,2022,September,29,2026-09-03 19:40:19.193988,3.9288158795345653
EMP00920,Anil Rathore,Male,54,IT,QA Analyst,Delhi,Full-Time,2018-06-15,Active,,,3,569475,7,2018,June,15,2026-09-03 19:40:19.193988,8.219028062970569
EMP00921,Kavita Kapoor,Female,55,Sales,Regional Sales Head,Chennai,Full-Time,2025-04-05,Inactive,2026-01-29,Performance Issue,3,1587011,15,2025,April,5,2026-01-29 00:00:00.000000,0.8186173853524983
EMP00922,Ritu Kumar,Female,37,Marketing,Marketing Executive,Chennai,Contract,2021-05-15,Active,,,3,435686,1,2021,May,15,2026-09-03 19:40:19.193988,5.30321697467488
EMP00923,Karan Gupta,Male,54,Sales,Sales Executive,Hyderabad,Full-Time,2019-03-17,Active,,,3,355117,21,2019,March,17,2026-09-03 19:40:19.193988,7.4661190965092405
EMP00924,Isha Patel,Female,27,IT,IT Manager,Bangalore,Full-Time,2024-07-26,Active,,,1,1713014,23,2024,July,26,2026-09-03 19:40:19.193988,2.105407255304586
EMP00925,Nisha Yadav,Female,24,Marketing,Marketing Executive,Noida,Contract,2022-05-29,Inactive,2026-07-09,Relocation,3,439010,23,2022,May,29,2026-07-09 00:00:00.000000,4.112251882272417
EMP00926,Sunil Malhotra,Male,43,Marketing,Content Specialist,Noida,Full-Time,2020-12-21,Active,,,4,599268,5,2020,December,21,2026-09-03 19:40:19.193988,5.700205338809035
EMP00927,Meena Yadav,Female,38,Customer Support,Support Executive,Chennai,Full-Time,2024-10-10,Active,,,3,312386,17,2024,October,10,2026-09-03 19:40:19.193988,1.8973305954825461
EMP00928,Amit Sharma,Male,32,Admin,Office Manager,Delhi,Full-Time,2018-02-24,Active,,,4,620439,12,2018,February,24,2026-09-03 19:40:19.193988,8.522929500342231
EMP00929,Aarti Kapoor,Female,45,Marketing,Marketing Manager,Hyderabad,Intern,2024-12-01,Active,,,3,1173493,21,2024,December,1,2026-09-03 19:40:19.193988,1.754962354551677
EMP00930,Arun Reddy,Male,22,Sales,Sales Executive,Mumbai,Full-Time,2019-07-08,Active,,,3,470554,22,2019,July,8,2026-09-03 19:40:19.193988,7.156741957563312
EMP00931,Sanjay Sharma,Male,31,Customer Support,Support Executive,Pune,Contract,2025-04-10,Active,,,2,358510,20,2025,April,10,2026-09-03 19:40:19.193988,1.3990417522245038
EMP00932,Karan Mishra,Male,51,Customer Support,Support Executive,Bangalore,Full-Time,2026-08-19,Active,,,2,356563,3,2026,August,19,2026-09-03 19:40:19.193988,0.04106776180698152
EMP00933,Anil Kumar,Male,53,Marketing,Content Specialist,Chennai,Full-Time,2022-12-29,Active,,,5,596959,18,2022,December,29,2026-09-03 19:40:19.193988,3.679671457905544
EMP00934,Deepak Mishra,Male,25,Finance,Finance Manager,Hyderabad,Full-Time,2022-05-24,Active,,,3,980171,22,2022,May,24,2026-09-03 19:40:19.193988,4.2792607802874745
EMP00935,Swati Rathore,Female,57,Operations,Operations Manager,Chennai,Full-Time,2024-06-28,Active,,,3,778326,12,2024,June,28,2026-09-03 19:40:19.193988,2.1820670773442847
EMP00936,Kiran Agarwal,Female,53,Operations,Team Lead,Chennai,Full-Time,2024-11-09,Active,,,2,611997,0,2024,November,9,2026-09-03 19:40:19.193988,1.8151950718685832
EMP00937,Naveen Chopra,Male,39,IT,IT Manager,Hyderabad,Full-Time,2018-09-18,Active,,,3,2033709,15,2018,September,18,2026-09-03 19:40:19.193988,7.958932238193018
EMP00938,Suresh Kapoor,Male,49,Customer Support,Support Team Lead,Pune,Contract,2025-10-28,Inactive,2026-03-10,Higher Studies,5,556128,11,2025,October,28,2026-03-10 00:00:00.000000,0.36413415468856947
EMP00939,Sunil Joshi,Male,43,Operations,Team Lead,Mumbai,Full-Time,2024-08-04,Active,,,2,833967,22,2024,August,4,2026-09-03 19:40:19.193988,2.080766598220397
EMP00940,Sunil Kumar,Male,46,IT,IT Manager,Chennai,Full-Time,2025-12-23,Active,,,4,2366464,21,2025,December,23,2026-09-03 19:40:19.193988,0.6954140999315537
EMP00941,Vikas Kapoor,Male,40,Operations,Operations Executive,Hyderabad,Full-Time,2020-04-28,Active,,,3,371480,15,2020,April,28,2026-09-03 19:40:19.193988,6.349075975359343
EMP00942,Ravi Yadav,Male,53,IT,Senior Engineer,Mumbai,Full-Time,2024-10-17,Inactive,2026-02-14,Performance Issue,3,1262898,6,2024,October,17,2026-02-14 00:00:00.000000,1.3278576317590691
EMP00943,Karan Verma,Male,44,Sales,Sales Executive,Bangalore,Full-Time,2020-12-04,Active,,,5,367954,16,2020,December,4,2026-09-03 19:40:19.193988,5.746748802190281
EMP00944,Rahul Gupta,Male,36,Operations,Operations Manager,Pune,Full-Time,2019-04-12,Inactive,2021-12-14,Performance Issue,5,857815,10,2019,April,12,2021-12-14 00:00:00.000000,2.674880219028063
EMP00945,Suman Verma,Female,54,Marketing,Content Specialist,Bangalore,Full-Time,2019-09-12,Active,,,4,445828,1,2019,September,12,2026-09-03 19:40:19.193988,6.976043805612594
EMP00946,Sunil Malhotra,Male,28,IT,Software Engineer,Delhi,Full-Time,2024-11-05,Active,,,4,606751,3,2024,November,5,2026-09-03 19:40:19.193988,1.8261464750171115
EMP00947,Sunita Singh,Female,40,Sales,Sales Executive,Bangalore,Full-Time,2019-10-06,Active,,,3,461914,15,2019,October,6,2026-09-03 19:40:19.193988,6.910335386721424
EMP00948,Suresh Kumar,Male,29,Admin,Office Manager,Bangalore,Full-Time,2019-07-19,Active,,,2,615386,13,2019,July,19,2026-09-03 19:40:19.193988,7.12662559890486
EMP00949,Amit Joshi,Male,54,Operations,Operations Manager,Bangalore,Full-Time,2021-03-20,Inactive,2022-11-14,Relocation,4,1022471,13,2021,March,20,2022-11-14 00:00:00.000000,1.6536618754277892
EMP00950,Vikas Joshi,Male,55,Sales,Sales Executive,Noida,Full-Time,2026-06-14,Active,,,3,376509,13,2026,June,14,2026-09-03 19:40:19.193988,0.22176591375770022
EMP00951,Naveen Rathore,Male,45,Customer Support,Support Team Lead,Noida,Full-Time,2023-10-16,Active,,,5,616218,24,2023,October,16,2026-09-03 19:40:19.193988,2.8829568788501025
EMP00952,Amit Agarwal,Male,42,Admin,Admin Executive,Delhi,Full-Time,2021-10-17,Active,,,3,405632,13,2021,October,17,2026-09-03 19:40:19.193988,4.878850102669404
EMP00953,Rahul Chauhan,Male,31,Sales,Sales Executive,Chennai,Full-Time,2025-03-12,Active,,,3,349249,20,2025,March,12,2026-09-03 19:40:19.193988,1.4784394250513346
EMP00954,Rohit Reddy,Male,57,Marketing,Marketing Manager,Pune,Full-Time,2025-08-20,Active,,,3,1081689,10,2025,August,20,2026-09-03 19:40:19.193988,1.0376454483230664
EMP00955,Vikas Sharma,Male,31,Operations,Operations Manager,Hyderabad,Full-Time,2024-11-05,Active,,,3,925628,6,2024,November,5,2026-09-03 19:40:19.193988,1.8261464750171115
EMP00956,Karan Desai,Male,47,IT,QA Analyst,Chennai,Full-Time,2021-11-15,Active,,,3,661314,2,2021,November,15,2026-09-03 19:40:19.193988,4.799452429842574
EMP00957,Rahul Bansal,Male,30,Sales,Sales Manager,Pune,Full-Time,2026-02-18,Active,,,3,959684,6,2026,February,18,2026-09-03 19:40:19.193988,0.5393566050650239
EMP00958,Pooja Agarwal,Female,32,IT,IT Manager,Hyderabad,Full-Time,2021-10-27,Inactive,2026-06-14,Retirement,4,2174002,7,2021,October,27,2026-06-14 00:00:00.000000,4.629705681040384
EMP00959,Ritu Rathore,Female,25,HR,Recruiter,Delhi,Full-Time,2026-03-18,Active,,,3,429256,16,2026,March,18,2026-09-03 19:40:19.193988,0.46269678302532513
EMP00960,Suman Singh,Female,29,Sales,Sales Executive,Noida,Contract,2025-04-20,Active,,,4,431589,0,2025,April,20,2026-09-03 19:40:19.193988,1.3716632443531827
EMP00961,Sunil Nair,Male,58,Sales,Sales Executive,Noida,Full-Time,2026-05-13,Active,,,3,490006,21,2026,May,13,2026-09-03 19:40:19.193988,0.30937713894592744
EMP00962,Karan Desai,Male,40,Marketing,Marketing Executive,Bangalore,Intern,2021-05-10,Active,,,3,529214,18,2021,May,10,2026-09-03 19:40:19.193988,5.316906228610541
EMP00963,Kavita Chauhan,Female,28,Sales,Regional Sales Head,Chennai,Full-Time,2020-10-11,Active,,,2,1949305,24,2020,October,11,2026-09-03 19:40:19.193988,5.894592744695414
EMP00964,Vikas Malhotra,Male,49,Customer Support,Support Executive,Mumbai,Full-Time,2025-12-24,Active,,,2,308972,1,2025,December,24,2026-09-03 19:40:19.193988,0.6926762491444216
EMP00965,Naveen Kumar,Male,26,Finance,Finance Manager,Mumbai,Full-Time,2023-01-02,Active,,,4,1166552,18,2023,January,2,2026-09-03 19:40:19.193988,3.668720054757016
EMP00966,Snehal Agarwal,Female,53,Marketing,Marketing Manager,Noida,Full-Time,2020-12-16,Active,,,3,1186174,22,2020,December,16,2026-09-03 19:40:19.193988,5.713894592744696
EMP00967,Praveen Rathore,Male,30,IT,Senior Engineer,Mumbai,Full-Time,2023-09-03,Active,,,4,1343010,22,2023,September,3,2026-09-03 19:40:19.193988,3.0006844626967832
EMP00968,Preeti Agarwal,Female,51,Sales,Sales Executive,Chennai,Full-Time,2020-05-20,Active,,,2,459439,17,2020,May,20,2026-09-03 19:40:19.193988,6.288843258042436
EMP00969,Vikas Singh,Male,29,Operations,Team Lead,Noida,Full-Time,2022-08-01,Inactive,2025-12-13,Relocation,3,606278,4,2022,August,1,2025-12-13 00:00:00.000000,3.3675564681724848
EMP00970,Suresh Iyer,Male,40,Customer Support,Support Team Lead,Bangalore,Full-Time,2021-05-27,Active,,,3,699888,4,2021,May,27,2026-09-03 19:40:19.193988,5.270362765229295
EMP00971,Nikhil Rathore,Male,35,Operations,Operations Executive,Bangalore,Intern,2021-03-07,Active,,,3,481262,0,2021,March,7,2026-09-03 19:40:19.193988,5.492128678986996
EMP00972,Anjali Bansal,Female,48,Customer Support,Support Team Lead,Delhi,Contract,2018-07-03,Active,,,4,584328,14,2018,July,3,2026-09-03 19:40:19.193988,8.16974674880219
EMP00973,Anita Chauhan,Female,30,HR,HR Manager,Noida,Full-Time,2026-01-28,Active,,,3,946714,14,2026,January,28,2026-09-03 19:40:19.193988,0.5968514715947981
EMP00974,Nisha Malhotra,Female,42,HR,HR Executive,Noida,Full-Time,2026-03-01,Inactive,2026-07-18,Higher Studies,4,439774,12,2026,March,1,2026-07-18 00:00:00.000000,0.3805612594113621
EMP00975,Deepak Chauhan,Male,50,Customer Support,Support Team Lead,Hyderabad,Full-Time,2018-07-07,Active,,,4,665019,5,2018,July,7,2026-09-03 19:40:19.193988,8.158795345653662
EMP00976,Amit Chopra,Male,29,IT,IT Manager,Hyderabad,Contract,2025-03-27,Active,,,3,1768121,19,2025,March,27,2026-09-03 19:40:19.193988,1.4373716632443532
EMP00977,Snehal Chopra,Female,34,Finance,Accountant,Hyderabad,Full-Time,2023-11-08,Active,,,3,525527,0,2023,November,8,2026-09-03 19:40:19.193988,2.8199863107460645
EMP00978,Suresh Bansal,Male,35,IT,Senior Engineer,Delhi,Full-Time,2021-01-31,Active,,,3,1471921,18,2021,January,31,2026-09-03 19:40:19.193988,5.587953456536619
EMP00979,Sunil Gupta,Male,24,Admin,Office Manager,Pune,Intern,2024-08-09,Active,,,3,734123,10,2024,August,9,2026-09-03 19:40:19.193988,2.0670773442847366
EMP00980,Swati Yadav,Female,42,IT,QA Analyst,Delhi,Full-Time,2023-12-03,Active,,,4,487525,3,2023,December,3,2026-09-03 19:40:19.193988,2.751540041067762
EMP00981,Snehal Yadav,Female,38,HR,HR Manager,Mumbai,Full-Time,2020-01-19,Active,,,3,820521,13,2020,January,19,2026-09-03 19:40:19.193988,6.622861054072553
EMP00982,Sunita Verma,Female,23,Sales,Regional Sales Head,Bangalore,Full-Time,2020-01-14,Active,,,4,1744577,3,2020,January,14,2026-09-03 19:40:19.193988,6.636550308008213
EMP00983,Anita Kumar,Female,46,Sales,Sales Manager,Bangalore,Contract,2020-11-22,Active,,,2,1088820,1,2020,November,22,2026-09-03 19:40:19.193988,5.779603011635865
EMP00984,Meena Joshi,Female,54,IT,Senior Engineer,Pune,Full-Time,2023-09-15,Active,,,3,1164842,1,2023,September,15,2026-09-03 19:40:19.193988,2.967830253251198
EMP00985,Rajesh Malhotra,Male,52,Sales,Regional Sales Head,Pune,Full-Time,2018-09-26,Inactive,2026-01-01,Personal Reasons,3,2187889,0,2018,September,26,2026-01-01 00:00:00.000000,7.266255989048597
EMP00986,Shreya Bansal,Female,57,Customer Support,Support Executive,Mumbai,Full-Time,2026-07-23,Active,,,3,315079,18,2026,July,23,2026-09-03 19:40:19.193988,0.11498973305954825
EMP00987,Naveen Malhotra,Male,54,Sales,Sales Executive,Noida,Full-Time,2025-02-17,Active,,,4,494865,11,2025,February,17,2026-09-03 19:40:19.193988,1.541409993155373
EMP00988,Karan Yadav,Male,57,IT,Senior Engineer,Hyderabad,Full-Time,2022-10-02,Active,,,4,1105520,14,2022,October,2,2026-09-03 19:40:19.193988,3.920602327173169
EMP00989,Aarti Reddy,Female,25,Sales,Regional Sales Head,Mumbai,Full-Time,2018-01-03,Active,,,4,1877174,19,2018,January,3,2026-09-03 19:40:19.193988,8.6652977412731
EMP00990,Shreya Chauhan,Female,35,HR,HR Manager,Noida,Full-Time,2025-02-02,Active,,,1,948718,1,2025,February,2,2026-09-03 19:40:19.193988,1.5824777549623545
EMP00991,Anil Bansal,Male,27,HR,Recruiter,Delhi,Full-Time,2021-05-16,Active,,,3,404635,4,2021,May,16,2026-09-03 19:40:19.193988,5.300479123887748
EMP00992,Karan Patel,Male,54,Operations,Operations Manager,Mumbai,Full-Time,2024-11-05,Active,,,1,879589,21,2024,November,5,2026-09-03 19:40:19.193988,1.8261464750171115
EMP00993,Rajesh Patel,Male,37,HR,Recruiter,Pune,Intern,2021-01-23,Active,,,3,440394,6,2021,January,23,2026-09-03 19:40:19.193988,5.6098562628336754
EMP00994,Sunil Desai,Male,30,Operations,Operations Manager,Delhi,Full-Time,2025-10-04,Active,,,5,765737,15,2025,October,4,2026-09-03 19:40:19.193988,0.9144421629021219
EMP00995,Amit Sharma,Male,57,Finance,Financial Analyst,Mumbai,Full-Time,2022-08-20,Active,,,3,735357,24,2022,August,20,2026-09-03 19:40:19.193988,4.03832991101985
EMP00996,Divya Bansal,Female,26,Operations,Operations Executive,Noida,Full-Time,2025-04-12,Active,,,3,506952,21,2025,April,12,2026-09-03 19:40:19.193988,1.3935660506502396
EMP00997,Nisha Singh,Female,44,Customer Support,Support Team Lead,Noida,Full-Time,2022-03-22,Active,,,3,711394,22,2022,March,22,2026-09-03 19:40:19.193988,4.4517453798767965
EMP00998,Amit Singh,Male,50,Customer Support,Support Team Lead,Bangalore,Full-Time,2020-03-01,Inactive,2020-07-20,Health Issues,3,577472,22,2020,March,1,2020-07-20 00:00:00.000000,0.3860369609856263
EMP00999,Suman Mishra,Female,41,Sales,Sales Executive,Noida,Full-Time,2024-11-17,Active,,,3,375383,15,2024,November,17,2026-09-03 19:40:19.193988,1.7932922655715264
EMP01000,Vikas Verma,Male,35,HR,HR Manager,Pune,Full-Time,2025-11-23,Inactive,2026-08-20,Higher Studies,2,907591,8,2025,November,23,2026-08-20 00:00:00.000000,0.7392197125256673
EMP01001,Nikhil Agarwal,Male,34,Operations,Operations Manager,Mumbai,Full-Time,2024-03-10,Active,,,2,968654,21,2024,March,10,2026-09-03 19:40:19.193988,2.4832306639288158
EMP01002,Gaurav Chopra,Male,30,IT,Senior Engineer,Delhi,Full-Time,2024-08-06,Active,,,3,1171264,18,2024,August,6,2026-09-03 19:40:19.193988,2.0752908966461328
EMP01003,Rekha Agarwal,Female,34,Sales,Regional Sales Head,Noida,Full-Time,2021-01-28,Active,,,3,1546644,22,2021,January,28,2026-09-03 19:40:19.193988,5.596167008898015
EMP01004,Snehal Desai,Female,51,Sales,Sales Manager,Chennai,Full-Time,2024-04-13,Inactive,2025-08-23,Higher Studies,3,1007315,20,2024,April,13,2025-08-23 00:00:00.000000,1.3607118412046544
EMP01005,Neha Nair,Female,39,Customer Support,Support Team Lead,Noida,Full-Time,2022-07-25,Inactive,2025-08-19,Performance Issue,3,628937,16,2022,July,25,2025-08-19 00:00:00.000000,3.0691307323750854
EMP01006,Rahul Joshi,Male,56,IT,Software Engineer,Bangalore,Full-Time,2022-09-17,Active,,,4,596444,6,2022,September,17,2026-09-03 19:40:19.193988,3.9616700889801506
EMP01007,Anita Gupta,Female,36,Operations,Team Lead,Noida,Full-Time,2018-04-14,Active,,,2,713669,2,2018,April,14,2026-09-03 19:40:19.193988,8.388774811772759
EMP01008,Rekha Mishra,Female,26,IT,Senior Engineer,Bangalore,Full-Time,2021-06-27,Active,,,3,1155297,15,2021,June,27,2026-09-03 19:40:19.193988,5.1854893908282
EMP01009,Naveen Sharma,Male,37,Admin,Office Manager,Noida,Full-Time,2020-10-22,Inactive,2023-08-24,Relocation,5,709804,10,2020,October,22,2023-08-24 00:00:00.000000,2.836413415468857
EMP01010,Preeti Joshi,Female,50,Operations,Operations Executive,Noida,Full-Time,2024-09-23,Active,,,3,462058,18,2024,September,23,2026-09-03 19:40:19.193988,1.943874058863792
EMP01011,Anjali Gupta,Female,42,IT,Software Engineer,Delhi,Full-Time,2022-03-26,Active,,,4,789141,4,2022,March,26,2026-09-03 19:40:19.193988,4.440793976728268
EMP01012,Rahul Malhotra,Male,49,HR,HR Executive,Bangalore,Full-Time,2024-11-06,Inactive,2025-03-03,Retirement,3,348352,12,2024,November,6,2025-03-03 00:00:00.000000,0.3203285420944558
EMP01013,Divya Singh,Female,22,IT,QA Analyst,Mumbai,Contract,2024-09-21,Active,,,4,569626,13,2024,September,21,2026-09-03 19:40:19.193988,1.949349760438056
EMP01014,Aarti Desai,Female,23,Finance,Accountant,Bangalore,Full-Time,2025-04-20,Active,,,1,490638,6,2025,April,20,2026-09-03 19:40:19.193988,1.3716632443531827
EMP01015,Anjali Singh,Female,26,Sales,Sales Executive,Hyderabad,Contract,2025-12-31,Active,,,5,474524,18,2025,December,31,2026-09-03 19:40:19.193988,0.6735112936344969
EMP01016,Ravi Agarwal,Male,52,IT,IT Manager,Bangalore,Full-Time,2022-09-21,Active,,,3,2055699,7,2022,September,21,2026-09-03 19:40:19.193988,3.9507186858316223
EMP01017,Kavita Verma,Female,49,Sales,Sales Executive,Mumbai,Full-Time,2021-06-30,Active,,,5,444272,11,2021,June,30,2026-09-03 19:40:19.193988,5.177275838466803
EMP01018,Ritu Chopra,Female,41,Customer Support,Support Executive,Mumbai,Full-Time,2023-04-08,Active,,,4,338248,0,2023,April,8,2026-09-03 19:40:19.193988,3.405886379192334
EMP01019,Rohit Chopra,Male,25,Marketing,Content Specialist,Chennai,Full-Time,2019-08-16,Active,,,3,588836,17,2019,August,16,2026-09-03 19:40:19.193988,7.049965776865161
EMP01020,Rahul Rathore,Male,34,IT,IT Manager,Mumbai,Full-Time,2020-03-31,Active,,,3,1973241,21,2020,March,31,2026-09-03 19:40:19.193988,6.425735797399041
EMP01021,Kiran Malhotra,Female,58,IT,IT Manager,Noida,Full-Time,2024-06-27,Active,,,4,2192882,13,2024,June,27,2026-09-03 19:40:19.193988,2.184804928131417
EMP01022,Rajesh Yadav,Male,53,Sales,Sales Executive,Pune,Full-Time,2018-06-22,Active,,,4,340591,7,2018,June,22,2026-09-03 19:40:19.193988,8.199863107460644
EMP01023,Rekha Malhotra,Female,52,Sales,Regional Sales Head,Mumbai,Full-Time,2020-09-06,Active,,,3,2215863,10,2020,September,6,2026-09-03 19:40:19.193988,5.990417522245037
EMP01024,Arun Mishra,Male,45,Customer Support,Support Team Lead,Mumbai,Full-Time,2018-01-28,Inactive,2022-04-02,Better Opportunity,3,643125,4,2018,January,28,2022-04-02 00:00:00.000000,4.175222450376454
EMP01025,Ashok Malhotra,Male,45,Sales,Sales Executive,Chennai,Full-Time,2024-07-26,Inactive,2024-10-24,Personal Reasons,1,371651,5,2024,July,26,2024-10-24 00:00:00.000000,0.2464065708418891
EMP01026,Rekha Patel,Female,57,HR,Recruiter,Mumbai,Full-Time,2021-10-23,Active,,,2,417777,5,2021,October,23,2026-09-03 19:40:19.193988,4.862422997946612
EMP01027,Manoj Singh,Male,30,Marketing,Marketing Executive,Noida,Intern,2025-08-06,Active,,,2,524234,3,2025,August,6,2026-09-03 19:40:19.193988,1.0759753593429158
EMP01028,Anita Mishra,Female,45,Marketing,Marketing Manager,Pune,Full-Time,2020-09-10,Active,,,3,1058645,16,2020,September,10,2026-09-03 19:40:19.193988,5.979466119096509
EMP01029,Gaurav Rathore,Male,31,Sales,Regional Sales Head,Delhi,Full-Time,2019-05-01,Active,,,3,1624172,6,2019,May,1,2026-09-03 19:40:19.193988,7.342915811088296
EMP01030,Meena Bansal,Female,42,HR,HR Manager,Chennai,Full-Time,2022-03-13,Active,,,4,1116713,7,2022,March,13,2026-09-03 19:40:19.193988,4.476386036960986
EMP01031,Rahul Desai,Male,40,Finance,Financial Analyst,Mumbai,Full-Time,2024-01-03,Active,,,5,637696,1,2024,January,3,2026-09-03 19:40:19.193988,2.6666666666666665
EMP01032,Shreya Kumar,Female,35,Marketing,Content Specialist,Hyderabad,Full-Time,2023-06-26,Active,,,5,581933,21,2023,June,26,2026-09-03 19:40:19.193988,3.189596167008898
EMP01033,Gaurav Gupta,Male,54,Sales,Sales Executive,Hyderabad,Full-Time,2022-05-09,Active,,,3,423022,5,2022,May,9,2026-09-03 19:40:19.193988,4.3203285420944555
EMP01034,Anita Iyer,Female,53,Marketing,Content Specialist,Chennai,Full-Time,2023-06-03,Active,,,1,541237,20,2023,June,3,2026-09-03 19:40:19.193988,3.252566735112936
EMP01035,Isha Verma,Female,50,IT,Senior Engineer,Mumbai,Full-Time,2020-04-11,Active,,,3,1310867,9,2020,April,11,2026-09-03 19:40:19.193988,6.395619438740589
EMP01036,Naveen Chauhan,Male,38,Sales,Regional Sales Head,Mumbai,Full-Time,2022-03-13,Active,,,4,1626717,2,2022,March,13,2026-09-03 19:40:19.193988,4.476386036960986
EMP01037,Ritu Malhotra,Female,24,Marketing,Content Specialist,Bangalore,Full-Time,2020-07-31,Active,,,3,549225,13,2020,July,31,2026-09-03 19:40:19.193988,6.091718001368926
EMP01038,Nisha Malhotra,Female,53,Operations,Operations Manager,Pune,Full-Time,2022-02-14,Active,,,1,902653,5,2022,February,14,2026-09-03 19:40:19.193988,4.550308008213553
EMP01039,Nisha Joshi,Female,44,IT,IT Manager,Chennai,Full-Time,2018-11-07,Active,,,1,1935614,16,2018,November,7,2026-09-03 19:40:19.193988,7.822039698836414
EMP01040,Rohit Bansal,Male,36,Customer Support,Support Executive,Noida,Intern,2021-02-06,Inactive,2021-08-31,Relocation,3,302859,6,2021,February,6,2021-08-31 00:00:00.000000,0.5639972621492129
EMP01041,Rajesh Mishra,Male,41,Sales,Regional Sales Head,Bangalore,Full-Time,2020-10-21,Active,,,3,2083307,8,2020,October,21,2026-09-03 19:40:19.193988,5.867214236824093
EMP01042,Sanjay Desai,Male,56,HR,HR Executive,Noida,Full-Time,2026-06-09,Active,,,2,341365,9,2026,June,9,2026-09-03 19:40:19.193988,0.23545516769336072
EMP01043,Ashok Iyer,Male,22,Sales,Sales Manager,Pune,Full-Time,2024-07-03,Active,,,5,949552,24,2024,July,3,2026-09-03 19:40:19.193988,2.1683778234086244
EMP01044,Ravi Chauhan,Male,35,Finance,Accountant,Mumbai,Contract,2026-02-10,Active,,,5,528165,17,2026,February,10,2026-09-03 19:40:19.193988,0.5612594113620808
EMP01045,Sunil Malhotra,Male,42,Operations,Operations Manager,Noida,Full-Time,2018-12-18,Active,,,3,919365,22,2018,December,18,2026-09-03 19:40:19.193988,7.709787816563997
EMP01046,Naveen Mishra,Male,23,Marketing,Marketing Manager,Pune,Full-Time,2024-04-06,Active,,,3,1026953,4,2024,April,6,2026-09-03 19:40:19.193988,2.409308692676249
EMP01047,Ashok Sharma,Male,44,Marketing,Marketing Manager,Noida,Full-Time,2025-05-22,Active,,,3,966775,21,2025,May,22,2026-09-03 19:40:19.193988,1.2840520191649556
EMP01048,Divya Bansal,Female,23,Operations,Operations Manager,Bangalore,Full-Time,2024-08-01,Active,,,4,776595,4,2024,August,1,2026-09-03 19:40:19.193988,2.088980150581793
EMP01049,Ravi Nair,Male,58,Operations,Team Lead,Chennai,Full-Time,2024-10-05,Active,,,2,869448,6,2024,October,5,2026-09-03 19:40:19.193988,1.9110198494182067
EMP01050,Arun Gupta,Male,28,IT,QA Analyst,Mumbai,Full-Time,2023-04-29,Active,,,4,679126,20,2023,April,29,2026-09-03 19:40:19.193988,3.34839151266256
EMP01051,Ritu Gupta,Female,57,Sales,Sales Executive,Delhi,Full-Time,2025-07-27,Inactive,2026-07-30,Performance Issue,5,344294,6,2025,July,27,2026-07-30 00:00:00.000000,1.0075290896646132
EMP01052,Vijay Chauhan,Male,40,Finance,Finance Manager,Mumbai,Full-Time,2020-08-12,Active,,,3,965790,1,2020,August,12,2026-09-03 19:40:19.193988,6.05886379192334
EMP01053,Vikas Agarwal,Male,48,Sales,Sales Executive,Mumbai,Full-Time,2021-08-31,Active,,,3,498335,4,2021,August,31,2026-09-03 19:40:19.193988,5.007529089664613
EMP01054,Karan Rathore,Male,46,IT,QA Analyst,Chennai,Full-Time,2018-10-09,Active,,,4,657953,4,2018,October,9,2026-09-03 19:40:19.193988,7.901437371663245
EMP01055,Sanjay Reddy,Male,52,Finance,Finance Manager,Noida,Full-Time,2025-12-16,Inactive,2026-07-11,Relocation,3,1193496,16,2025,December,16,2026-07-11 00:00:00.000000,0.5667351129363449
EMP01056,Sunil Patel,Male,50,Marketing,Marketing Executive,Delhi,Contract,2019-08-08,Inactive,2024-03-29,Retirement,4,527861,16,2019,August,8,2024-03-29 00:00:00.000000,4.640657084188912
EMP01057,Rajesh Chopra,Male,58,Operations,Operations Manager,Pune,Full-Time,2023-03-11,Inactive,2023-11-12,Relocation,4,997667,14,2023,March,11,2023-11-12 00:00:00.000000,0.6735112936344969
EMP01058,Vikas Reddy,Male,48,Sales,Sales Manager,Hyderabad,Full-Time,2019-12-19,Active,,,3,1088987,23,2019,December,19,2026-09-03 19:40:19.193988,6.707734428473648
EMP01059,Naveen Malhotra,Male,58,Customer Support,Support Team Lead,Chennai,Full-Time,2020-01-22,Inactive,2020-09-16,Personal Reasons,3,722530,5,2020,January,22,2020-09-16 00:00:00.000000,0.6516084873374401
EMP01060,Manoj Bansal,Male,35,Operations,Operations Manager,Chennai,Full-Time,2018-10-01,Active,,,3,913060,24,2018,October,1,2026-09-03 19:40:19.193988,7.923340177960301
EMP01061,Snehal Singh,Female,28,HR,HR Manager,Delhi,Full-Time,2026-06-22,Active,,,3,1045623,13,2026,June,22,2026-09-03 19:40:19.193988,0.1998631074606434
EMP01062,Sunil Yadav,Male,24,Customer Support,Support Team Lead,Mumbai,Full-Time,2023-09-04,Active,,,2,527566,22,2023,September,4,2026-09-03 19:40:19.193988,2.9979466119096507
EMP01063,Sunil Chauhan,Male,34,Admin,Office Manager,Chennai,Full-Time,2022-06-24,Active,,,2,512576,3,2022,June,24,2026-09-03 19:40:19.193988,4.1943874058863795
EMP01064,Ravi Nair,Male,53,Finance,Financial Analyst,Chennai,Full-Time,2023-03-17,Active,,,4,573962,21,2023,March,17,2026-09-03 19:40:19.193988,3.46611909650924
EMP01065,Rekha Malhotra,Female,32,HR,HR Executive,Pune,Full-Time,2021-02-17,Inactive,2021-05-24,Retirement,3,356082,9,2021,February,17,2021-05-24 00:00:00.000000,0.26283367556468173
EMP01066,Suresh Bansal,Male,22,Customer Support,Support Team Lead,Mumbai,Full-Time,2018-11-14,Active,,,3,546839,11,2018,November,14,2026-09-03 19:40:19.193988,7.8028747433264884
EMP01067,Sunita Mishra,Female,56,HR,Recruiter,Delhi,Full-Time,2025-07-27,Active,,,2,507913,20,2025,July,27,2026-09-03 19:40:19.193988,1.103353867214237
EMP01068,Preeti Singh,Female,50,Customer Support,Support Team Lead,Chennai,Full-Time,2021-06-16,Inactive,2021-08-24,Better Opportunity,5,695378,24,2021,June,16,2021-08-24 00:00:00.000000,0.188911704312115
EMP01069,Sanjay Joshi,Male,27,Finance,Finance Manager,Mumbai,Full-Time,2020-03-30,Inactive,2020-09-20,Better Opportunity,3,1083331,6,2020,March,30,2020-09-20 00:00:00.000000,0.47638603696098564
EMP01070,Vijay Joshi,Male,32,IT,Software Engineer,Noida,Full-Time,2025-06-13,Active,,,3,607323,16,2025,June,13,2026-09-03 19:40:19.193988,1.2238193018480492
EMP01071,Suresh Nair,Male,34,Operations,Operations Manager,Hyderabad,Full-Time,2025-01-11,Active,,,2,1101357,12,2025,January,11,2026-09-03 19:40:19.193988,1.6427104722792607
EMP01072,Naveen Singh,Male,44,Marketing,Marketing Executive,Mumbai,Contract,2019-03-10,Active,,,3,385199,20,2019,March,10,2026-09-03 19:40:19.193988,7.485284052019165
EMP01073,Rajesh Sharma,Male,36,Operations,Operations Manager,Mumbai,Full-Time,2023-02-23,Inactive,2024-11-14,Higher Studies,2,989607,1,2023,February,23,2024-11-14 00:00:00.000000,1.7248459958932238
EMP01074,Vijay Mishra,Male,53,Customer Support,Support Team Lead,Bangalore,Full-Time,2026-08-10,Active,,,3,534435,17,2026,August,10,2026-09-03 19:40:19.193988,0.06570841889117043
EMP01075,Nikhil Yadav,Male,42,Sales,Sales Manager,Delhi,Full-Time,2024-09-23,Active,,,3,1015673,21,2024,September,23,2026-09-03 19:40:19.193988,1.943874058863792
EMP01076,Ravi Nair,Male,42,Customer Support,Support Executive,Chennai,Full-Time,2026-07-17,Active,,,3,390791,2,2026,July,17,2026-09-03 19:40:19.193988,0.13141683778234087
EMP01077,Anita Sharma,Female,46,Sales,Regional Sales Head,Hyderabad,Full-Time,2023-01-13,Active,,,4,2064106,16,2023,January,13,2026-09-03 19:40:19.193988,3.6386036960985626
EMP01078,Isha Sharma,Female,29,Operations,Operations Executive,Delhi,Full-Time,2024-11-29,Active,,,5,480969,24,2024,November,29,2026-09-03 19:40:19.193988,1.7604380561259412
EMP01079,Deepak Desai,Male,45,Customer Support,Support Executive,Delhi,Intern,2019-07-18,Active,,,2,325781,12,2019,July,18,2026-09-03 19:40:19.193988,7.129363449691992
EMP01080,Meena Verma,Female,50,Sales,Sales Executive,Chennai,Full-Time,2024-09-15,Active,,,3,392590,8,2024,September,15,2026-09-03 19:40:19.193988,1.9657768651608487
EMP01081,Rajesh Verma,Male,23,Customer Support,Support Team Lead,Chennai,Full-Time,2021-03-27,Active,,,3,685889,10,2021,March,27,2026-09-03 19:40:19.193988,5.437371663244353
EMP01082,Rekha Mishra,Female,36,Admin,Admin Executive,Chennai,Full-Time,2020-10-14,Active,,,5,350908,10,2020,October,14,2026-09-03 19:40:19.193988,5.886379192334018
EMP01083,Anil Malhotra,Male,53,Operations,Team Lead,Delhi,Full-Time,2018-09-22,Inactive,2021-01-17,Better Opportunity,2,772622,4,2018,September,22,2021-01-17 00:00:00.000000,2.321697467488022
EMP01084,Sanjay Kumar,Male,57,Marketing,Marketing Executive,Mumbai,Full-Time,2024-08-24,Active,,,2,550226,7,2024,August,24,2026-09-03 19:40:19.193988,2.026009582477755
EMP01085,Rohit Gupta,Male,41,Customer Support,Support Team Lead,Chennai,Full-Time,2023-03-29,Inactive,2024-07-05,Personal Reasons,3,611764,19,2023,March,29,2024-07-05 00:00:00.000000,1.270362765229295
EMP01086,Deepak Reddy,Male,34,Sales,Sales Manager,Hyderabad,Full-Time,2023-01-11,Active,,,4,1046264,2,2023,January,11,2026-09-03 19:40:19.193988,3.6440793976728267
EMP01087,Vikas Chauhan,Male,50,IT,QA Analyst,Mumbai,Full-Time,2023-04-13,Active,,,3,601566,13,2023,April,13,2026-09-03 19:40:19.193988,3.3921971252566734
EMP01088,Kavita Kapoor,Female,49,Marketing,Marketing Executive,Noida,Full-Time,2022-04-12,Active,,,3,519094,9,2022,April,12,2026-09-03 19:40:19.193988,4.394250513347022
EMP01089,Gaurav Bansal,Male,33,Admin,Admin Executive,Hyderabad,Full-Time,2026-02-24,Active,,,4,362411,14,2026,February,24,2026-09-03 19:40:19.193988,0.5229295003422314
EMP01090,Ashok Chauhan,Male,26,Marketing,Content Specialist,Hyderabad,Full-Time,2023-05-24,Active,,,2,567972,6,2023,May,24,2026-09-03 19:40:19.193988,3.2799452429842573
EMP01091,Ravi Mishra,Male,45,Marketing,Marketing Executive,Delhi,Full-Time,2023-08-13,Active,,,3,549124,12,2023,August,13,2026-09-03 19:40:19.193988,3.058179329226557
EMP01092,Vikas Chauhan,Male,26,Marketing,Marketing Manager,Bangalore,Full-Time,2025-03-10,Active,,,3,822254,3,2025,March,10,2026-09-03 19:40:19.193988,1.483915126625599
EMP01093,Arun Chopra,Male,49,Sales,Sales Executive,Mumbai,Full-Time,2026-07-23,Active,,,3,463403,24,2026,July,23,2026-09-03 19:40:19.193988,0.11498973305954825
EMP01094,Vikas Agarwal,Male,45,HR,Recruiter,Pune,Full-Time,2025-02-13,Active,,,3,499663,13,2025,February,13,2026-09-03 19:40:19.193988,1.5523613963039014
EMP01095,Deepak Joshi,Male,23,Customer Support,Support Team Lead,Delhi,Full-Time,2022-01-20,Active,,,3,664880,8,2022,January,20,2026-09-03 19:40:19.193988,4.618754277891855
EMP01096,Gaurav Malhotra,Male,37,Sales,Regional Sales Head,Mumbai,Full-Time,2020-11-07,Active,,,3,2215280,5,2020,November,7,2026-09-03 19:40:19.193988,5.820670773442847
EMP01097,Priya Singh,Female,46,Finance,Accountant,Chennai,Intern,2025-12-24,Active,,,1,542232,2,2025,December,24,2026-09-03 19:40:19.193988,0.6926762491444216
EMP01098,Rohit Mishra,Male,38,Sales,Sales Manager,Mumbai,Full-Time,2022-10-15,Active,,,3,945232,17,2022,October,15,2026-09-03 19:40:19.193988,3.885010266940452
EMP01099,Divya Chopra,Female,27,Sales,Sales Manager,Chennai,Contract,2022-08-13,Inactive,2025-12-27,Health Issues,4,1052112,4,2022,August,13,2025-12-27 00:00:00.000000,3.373032169746749
EMP01100,Manoj Mishra,Male,41,Sales,Regional Sales Head,Pune,Full-Time,2025-11-03,Inactive,2026-02-14,Health Issues,2,1884040,3,2025,November,3,2026-02-14 00:00:00.000000,0.28199863107460643
EMP01101,Vijay Rathore,Male,40,Finance,Financial Analyst,Pune,Full-Time,2025-05-04,Active,,,3,596864,11,2025,May,4,2026-09-03 19:40:19.193988,1.3333333333333333
EMP01102,Sunita Kumar,Female,54,Operations,Operations Executive,Pune,Contract,2020-01-16,Active,,,2,432711,6,2020,January,16,2026-09-03 19:40:19.193988,6.631074606433949
EMP01103,Anil Mishra,Male,34,Finance,Accountant,Chennai,Full-Time,2020-01-19,Active,,,1,605454,13,2020,January,19,2026-09-03 19:40:19.193988,6.622861054072553
EMP01104,Nisha Desai,Female,32,Marketing,Marketing Executive,Noida,Full-Time,2025-02-19,Inactive,2025-06-02,Performance Issue,3,404942,2,2025,February,19,2025-06-02 00:00:00.000000,0.28199863107460643
EMP01105,Rajesh Sharma,Male,53,Sales,Regional Sales Head,Mumbai,Full-Time,2023-05-12,Active,,,2,1602582,1,2023,May,12,2026-09-03 19:40:19.193988,3.3127994524298425
EMP01106,Manoj Sharma,Male,55,Admin,Admin Executive,Delhi,Full-Time,2020-05-14,Active,,,4,350093,16,2020,May,14,2026-09-03 19:40:19.193988,6.30527036276523
EMP01107,Manoj Kapoor,Male,49,HR,HR Manager,Noida,Full-Time,2021-10-12,Active,,,2,1010469,10,2021,October,12,2026-09-03 19:40:19.193988,4.892539356605065
EMP01108,Rajesh Joshi,Male,46,Operations,Operations Manager,Chennai,Full-Time,2022-06-21,Active,,,3,1116109,10,2022,June,21,2026-09-03 19:40:19.193988,4.202600958247776
EMP01109,Suresh Sharma,Male,47,Customer Support,Support Team Lead,Noida,Full-Time,2025-10-31,Active,,,3,723112,4,2025,October,31,2026-09-03 19:40:19.193988,0.840520191649555
EMP01110,Amit Desai,Male,39,Operations,Operations Executive,Noida,Intern,2023-12-14,Active,,,3,483241,7,2023,December,14,2026-09-03 19:40:19.193988,2.7214236824093088
EMP01111,Suman Malhotra,Female,34,Customer Support,Support Team Lead,Hyderabad,Full-Time,2022-08-20,Inactive,2026-05-17,Health Issues,3,587324,20,2022,August,20,2026-05-17 00:00:00.000000,3.7399041752224504
EMP01112,Vikas Verma,Male,36,Admin,Office Manager,Chennai,Full-Time,2022-12-25,Active,,,4,606039,19,2022,December,25,2026-09-03 19:40:19.193988,3.6906228610540723
EMP01113,Vijay Iyer,Male,28,Operations,Operations Manager,Pune,Full-Time,2025-05-20,Active,,,3,870790,6,2025,May,20,2026-09-03 19:40:19.193988,1.2895277207392197
EMP01114,Kavita Agarwal,Female,54,Operations,Team Lead,Noida,Contract,2026-01-14,Inactive,2026-07-20,Health Issues,2,619385,21,2026,January,14,2026-07-20 00:00:00.000000,0.5119780971937029
EMP01115,Snehal Malhotra,Female,52,Sales,Sales Executive,Pune,Full-Time,2019-04-19,Active,,,3,378544,6,2019,April,19,2026-09-03 19:40:19.193988,7.3757700205338805
EMP01116,Anil Gupta,Male,23,Finance,Accountant,Pune,Intern,2026-01-10,Inactive,2026-06-02,Performance Issue,2,578261,7,2026,January,10,2026-06-02 00:00:00.000000,0.3915126625598905
EMP01117,Shreya Kapoor,Female,30,HR,Recruiter,Delhi,Full-Time,2025-06-18,Active,,,2,496538,15,2025,June,18,2026-09-03 19:40:19.193988,1.2101300479123889
EMP01118,Pooja Nair,Female,26,Customer Support,Support Executive,Hyderabad,Contract,2026-08-05,Active,,,5,350281,22,2026,August,5,2026-09-03 19:40:19.193988,0.07939767282683094
EMP01119,Arun Bansal,Male,36,IT,QA Analyst,Noida,Full-Time,2020-08-13,Active,,,3,531514,3,2020,August,13,2026-09-03 19:40:19.193988,6.056125941136208
EMP01120,Vijay Nair,Male,58,IT,Senior Engineer,Chennai,Full-Time,2019-04-21,Active,,,3,1548731,12,2019,April,21,2026-09-03 19:40:19.193988,7.370294318959616
EMP01121,Nikhil Sharma,Male,56,Finance,Finance Manager,Delhi,Full-Time,2024-08-13,Active,,,3,1105784,13,2024,August,13,2026-09-03 19:40:19.193988,2.0561259411362083
EMP01122,Rajesh Iyer,Male,55,Operations,Team Lead,Noida,Full-Time,2019-06-02,Active,,,3,760417,3,2019,June,2,2026-09-03 19:40:19.193988,7.255304585900069
EMP01123,Divya Sharma,Female,42,Marketing,Content Specialist,Noida,Full-Time,2023-03-02,Inactive,2024-12-28,Health Issues,4,468780,21,2023,March,2,2024-12-28 00:00:00.000000,1.8261464750171115
EMP01124,Sunil Kumar,Male,24,Operations,Team Lead,Bangalore,Full-Time,2019-08-21,Active,,,4,681489,22,2019,August,21,2026-09-03 19:40:19.193988,7.036276522929501
EMP01125,Suresh Patel,Male,35,Sales,Regional Sales Head,Hyderabad,Full-Time,2023-05-14,Active,,,3,2036981,12,2023,May,14,2026-09-03 19:40:19.193988,3.3073237508555784
EMP01126,Rahul Nair,Male,35,Finance,Accountant,Noida,Full-Time,2026-01-14,Active,,,1,611886,7,2026,January,14,2026-09-03 19:40:19.193988,0.6351813826146475
EMP01127,Rahul Yadav,Male,41,IT,QA Analyst,Chennai,Full-Time,2022-05-24,Active,,,1,612535,5,2022,May,24,2026-09-03 19:40:19.193988,4.2792607802874745
EMP01128,Amit Bansal,Male,52,Customer Support,Support Team Lead,Bangalore,Full-Time,2022-09-27,Active,,,3,691851,12,2022,September,27,2026-09-03 19:40:19.193988,3.9342915811088295
EMP01129,Vijay Agarwal,Male,34,Marketing,Content Specialist,Bangalore,Full-Time,2021-03-02,Active,,,3,534602,3,2021,March,2,2026-09-03 19:40:19.193988,5.505817932922656
EMP01130,Ravi Nair,Male,41,Customer Support,Support Executive,Noida,Full-Time,2025-12-16,Active,,,1,320417,4,2025,December,16,2026-09-03 19:40:19.193988,0.7145790554414785
EMP01131,Nisha Kapoor,Female,35,Marketing,Marketing Manager,Mumbai,Contract,2020-05-09,Active,,,3,881848,20,2020,May,9,2026-09-03 19:40:19.193988,6.31895961670089
EMP01132,Priya Iyer,Female,28,HR,Recruiter,Noida,Full-Time,2024-06-15,Active,,,5,560427,4,2024,June,15,2026-09-03 19:40:19.193988,2.217659137577002
EMP01133,Arun Rathore,Male,25,Sales,Regional Sales Head,Noida,Full-Time,2019-11-21,Inactive,2025-05-13,Personal Reasons,2,2210445,3,2019,November,21,2025-05-13 00:00:00.000000,5.475701574264202
EMP01134,Rohit Nair,Male,47,IT,QA Analyst,Mumbai,Full-Time,2025-01-12,Active,,,3,493636,12,2025,January,12,2026-09-03 19:40:19.193988,1.6399726214921286
EMP01135,Praveen Reddy,Male,46,Marketing,Content Specialist,Hyderabad,Full-Time,2019-12-08,Active,,,2,623232,21,2019,December,8,2026-09-03 19:40:19.193988,6.737850787132102
EMP01136,Vijay Malhotra,Male,50,Finance,Financial Analyst,Pune,Full-Time,2021-02-01,Active,,,3,583700,2,2021,February,1,2026-09-03 19:40:19.193988,5.585215605749487
EMP01137,Suresh Kapoor,Male,36,Operations,Team Lead,Chennai,Full-Time,2023-09-19,Inactive,2025-06-26,Retirement,4,729259,22,2023,September,19,2025-06-26 00:00:00.000000,1.7686516084873374
EMP01138,Anjali Chopra,Female,49,Operations,Operations Executive,Pune,Contract,2023-06-07,Active,,,1,378039,10,2023,June,7,2026-09-03 19:40:19.193988,3.241615331964408
EMP01139,Vijay Bansal,Male,23,Customer Support,Support Executive,Pune,Full-Time,2025-11-10,Active,,,3,411944,16,2025,November,10,2026-09-03 19:40:19.193988,0.813141683778234
EMP01140,Kiran Gupta,Female,56,Marketing,Content Specialist,Noida,Contract,2024-07-23,Active,,,5,583013,3,2024,July,23,2026-09-03 19:40:19.193988,2.113620807665982
EMP01141,Meena Singh,Female,33,IT,Senior Engineer,Noida,Contract,2024-09-19,Inactive,2026-02-18,Health Issues,1,1268433,1,2024,September,19,2026-02-18 00:00:00.000000,1.4154688569472964
EMP01142,Ravi Chopra,Male,27,Customer Support,Support Executive,Chennai,Full-Time,2019-10-23,Active,,,3,416703,1,2019,October,23,2026-09-03 19:40:19.193988,6.863791923340178
EMP01143,Vijay Singh,Male,32,Customer Support,Support Team Lead,Bangalore,Full-Time,2024-02-08,Active,,,4,736854,0,2024,February,8,2026-09-03 19:40:19.193988,2.568104038329911
EMP01144,Deepak Reddy,Male,56,Operations,Operations Executive,Hyderabad,Full-Time,2021-04-16,Active,,,3,453948,22,2021,April,16,2026-09-03 19:40:19.193988,5.382614647501711
EMP01145,Rajesh Agarwal,Male,54,IT,IT Manager,Hyderabad,Intern,2024-01-14,Active,,,4,1779207,1,2024,January,14,2026-09-03 19:40:19.193988,2.6365503080082138
EMP01146,Rekha Verma,Female,35,IT,Senior Engineer,Mumbai,Full-Time,2021-05-12,Active,,,4,1418115,6,2021,May,12,2026-09-03 19:40:19.193988,5.3114305270362765
EMP01147,Isha Iyer,Female,49,Admin,Office Manager,Mumbai,Full-Time,2026-03-06,Inactive,2026-06-06,Relocation,2,601627,5,2026,March,6,2026-06-06 00:00:00.000000,0.2518822724161533
EMP01148,Divya Malhotra,Female,49,Operations,Operations Executive,Bangalore,Full-Time,2025-08-03,Active,,,3,381064,6,2025,August,3,2026-09-03 19:40:19.193988,1.0841889117043122
EMP01149,Vijay Patel,Male,58,IT,Senior Engineer,Chennai,Full-Time,2022-03-05,Active,,,4,1531664,19,2022,March,5,2026-09-03 19:40:19.193988,4.498288843258043
EMP01150,Sunita Rathore,Female,46,IT,Senior Engineer,Bangalore,Full-Time,2022-11-12,Inactive,2026-05-31,Personal Reasons,3,1145312,3,2022,November,12,2026-05-31 00:00:00.000000,3.5482546201232035
EMP01151,Karan Singh,Male,26,Operations,Team Lead,Hyderabad,Contract,2022-07-25,Active,,,3,619912,10,2022,July,25,2026-09-03 19:40:19.193988,4.1095140314852845
EMP01152,Shreya Kumar,Female,28,Customer Support,Support Executive,Bangalore,Full-Time,2018-02-10,Active,,,2,433128,12,2018,February,10,2026-09-03 19:40:19.193988,8.56125941136208
EMP01153,Anjali Singh,Female,41,IT,Senior Engineer,Hyderabad,Full-Time,2026-03-03,Active,,,2,1524535,3,2026,March,3,2026-09-03 19:40:19.193988,0.5037645448323066
EMP01154,Rohit Iyer,Male,57,Sales,Regional Sales Head,Hyderabad,Full-Time,2021-03-01,Active,,,3,1601327,1,2021,March,1,2026-09-03 19:40:19.193988,5.508555783709788
EMP01155,Sunita Nair,Female,56,Customer Support,Support Team Lead,Mumbai,Full-Time,2021-11-14,Active,,,4,721685,12,2021,November,14,2026-09-03 19:40:19.193988,4.802190280629706
EMP01156,Kiran Chopra,Female,54,Operations,Operations Executive,Bangalore,Full-Time,2018-02-08,Active,,,4,467470,4,2018,February,8,2026-09-03 19:40:19.193988,8.566735112936344
EMP01157,Divya Chopra,Female,45,Operations,Team Lead,Bangalore,Full-Time,2018-08-05,Active,,,3,664751,19,2018,August,5,2026-09-03 19:40:19.193988,8.07939767282683
EMP01158,Swati Malhotra,Female,51,Finance,Accountant,Pune,Full-Time,2021-12-20,Active,,,3,480164,13,2021,December,20,2026-09-03 19:40:19.193988,4.70362765229295
EMP01159,Preeti Joshi,Female,41,Customer Support,Support Team Lead,Chennai,Full-Time,2018-12-23,Active,,,5,585056,2,2018,December,23,2026-09-03 19:40:19.193988,7.696098562628337
EMP01160,Vijay Gupta,Male,32,Marketing,Content Specialist,Mumbai,Full-Time,2019-01-19,Active,,,4,441917,9,2019,January,19,2026-09-03 19:40:19.193988,7.62217659137577
EMP01161,Snehal Kapoor,Female,54,IT,Software Engineer,Pune,Contract,2025-08-05,Active,,,2,633199,15,2025,August,5,2026-09-03 19:40:19.193988,1.0787132101300478
EMP01162,Preeti Bansal,Female,22,Operations,Team Lead,Delhi,Full-Time,2022-07-19,Active,,,3,850048,23,2022,July,19,2026-09-03 19:40:19.193988,4.125941136208077
EMP01163,Priya Rathore,Female,44,Sales,Regional Sales Head,Hyderabad,Full-Time,2026-05-29,Active,,,4,2062067,16,2026,May,29,2026-09-03 19:40:19.193988,0.2655715263518138
EMP01164,Gaurav Verma,Male,55,Customer Support,Support Team Lead,Mumbai,Full-Time,2025-07-25,Active,,,2,551955,11,2025,July,25,2026-09-03 19:40:19.193988,1.108829568788501
EMP01165,Kavita Agarwal,Female,53,Finance,Finance Manager,Delhi,Full-Time,2022-09-28,Active,,,4,1099244,3,2022,September,28,2026-09-03 19:40:19.193988,3.9315537303216974
EMP01166,Rajesh Joshi,Male,29,Marketing,Content Specialist,Noida,Full-Time,2026-08-06,Active,,,4,521624,8,2026,August,6,2026-09-03 19:40:19.193988,0.07665982203969883
EMP01167,Meena Sharma,Female,47,Operations,Team Lead,Chennai,Full-Time,2024-05-18,Active,,,4,680349,20,2024,May,18,2026-09-03 19:40:19.193988,2.294318959616701
EMP01168,Preeti Verma,Female,25,Operations,Operations Manager,Hyderabad,Full-Time,2023-06-23,Active,,,4,986590,10,2023,June,23,2026-09-03 19:40:19.193988,3.1978097193702943
EMP01169,Ritu Iyer,Female,33,Sales,Sales Executive,Delhi,Full-Time,2021-12-03,Active,,,4,341418,13,2021,December,3,2026-09-03 19:40:19.193988,4.7501711156741955
EMP01170,Praveen Mishra,Male,31,Admin,Admin Executive,Hyderabad,Full-Time,2023-10-08,Active,,,4,425335,0,2023,October,8,2026-09-03 19:40:19.193988,2.9048596851471595
EMP01171,Ravi Patel,Male,45,IT,Senior Engineer,Pune,Contract,2022-06-08,Active,,,3,1327737,5,2022,June,8,2026-09-03 19:40:19.193988,4.238193018480493
EMP01172,Snehal Patel,Female,50,HR,HR Executive,Pune,Full-Time,2025-05-12,Inactive,2026-01-08,Higher Studies,1,409433,11,2025,May,12,2026-01-08 00:00:00.000000,0.6598220396988365
EMP01173,Sanjay Singh,Male,30,Admin,Admin Executive,Bangalore,Full-Time,2018-06-14,Active,,,3,401649,1,2018,June,14,2026-09-03 19:40:19.193988,8.2217659137577
EMP01174,Anil Mishra,Male,29,Finance,Finance Manager,Chennai,Full-Time,2020-12-24,Active,,,4,1177054,21,2020,December,24,2026-09-03 19:40:19.193988,5.691991786447638
EMP01175,Ravi Nair,Male,46,Finance,Finance Manager,Hyderabad,Full-Time,2026-02-21,Inactive,2026-05-19,Health Issues,5,944306,4,2026,February,21,2026-05-19 00:00:00.000000,0.23819301848049282
EMP01176,Vikas Agarwal,Male,37,Sales,Sales Executive,Noida,Full-Time,2025-09-04,Inactive,2026-04-27,Performance Issue,3,496230,23,2025,September,4,2026-04-27 00:00:00.000000,0.6433949349760438
EMP01177,Amit Rathore,Male,53,HR,HR Manager,Bangalore,Full-Time,2021-03-01,Inactive,2023-09-25,Personal Reasons,2,987340,23,2021,March,1,2023-09-25 00:00:00.000000,2.568104038329911
EMP01178,Preeti Yadav,Female,29,Marketing,Marketing Executive,Bangalore,Full-Time,2026-08-07,Active,,,3,561466,7,2026,August,7,2026-09-03 19:40:19.193988,0.07392197125256673
EMP01179,Naveen Mishra,Male,54,Operations,Operations Manager,Chennai,Full-Time,2019-02-27,Active,,,3,832920,18,2019,February,27,2026-09-03 19:40:19.193988,7.515400410677618
EMP01180,Ravi Joshi,Male,24,Admin,Admin Executive,Mumbai,Full-Time,2022-07-02,Active,,,5,324404,4,2022,July,2,2026-09-03 19:40:19.193988,4.172484599589322
EMP01181,Naveen Sharma,Male,25,Sales,Regional Sales Head,Mumbai,Full-Time,2019-01-08,Active,,,3,1907979,22,2019,January,8,2026-09-03 19:40:19.193988,7.652292950034223
EMP01182,Deepak Joshi,Male,25,Sales,Sales Manager,Pune,Contract,2023-05-17,Active,,,4,996794,9,2023,May,17,2026-09-03 19:40:19.193988,3.299110198494182
EMP01183,Anjali Patel,Female,48,Sales,Sales Manager,Bangalore,Full-Time,2021-12-08,Active,,,2,1087238,5,2021,December,8,2026-09-03 19:40:19.193988,4.736481861738535
EMP01184,Neha Sharma,Female,42,Customer Support,Support Executive,Chennai,Full-Time,2026-05-09,Active,,,2,363588,19,2026,May,9,2026-09-03 19:40:19.193988,0.3203285420944558
EMP01185,Suresh Rathore,Male,45,IT,Senior Engineer,Bangalore,Full-Time,2023-07-06,Active,,,4,1162994,21,2023,July,6,2026-09-03 19:40:19.193988,3.162217659137577
EMP01186,Priya Bansal,Female,45,Sales,Sales Executive,Bangalore,Full-Time,2022-01-16,Active,,,5,434225,19,2022,January,16,2026-09-03 19:40:19.193988,4.629705681040384
EMP01187,Vikas Joshi,Male,46,Sales,Regional Sales Head,Bangalore,Full-Time,2020-05-10,Inactive,2021-09-17,Personal Reasons,1,1983282,19,2020,May,10,2021-09-17 00:00:00.000000,1.3552361396303902
EMP01188,Suresh Verma,Male,34,Operations,Team Lead,Chennai,Full-Time,2020-02-20,Active,,,3,854140,2,2020,February,20,2026-09-03 19:40:19.193988,6.535249828884326
EMP01189,Snehal Desai,Female,52,Finance,Finance Manager,Bangalore,Contract,2026-02-19,Active,,,4,1023879,23,2026,February,19,2026-09-03 19:40:19.193988,0.5366187542778919
EMP01190,Ravi Verma,Male,57,Operations,Operations Executive,Mumbai,Full-Time,2022-09-09,Active,,,5,506786,24,2022,September,9,2026-09-03 19:40:19.193988,3.9835728952772076
EMP01191,Karan Iyer,Male,29,Admin,Office Manager,Pune,Full-Time,2025-01-23,Active,,,3,526250,13,2025,January,23,2026-09-03 19:40:19.193988,1.6098562628336757
EMP01192,Rohit Agarwal,Male,39,Admin,Admin Executive,Mumbai,Contract,2024-09-20,Active,,,2,315550,1,2024,September,20,2026-09-03 19:40:19.193988,1.9520876112251881
EMP01193,Isha Verma,Female,53,IT,Senior Engineer,Chennai,Full-Time,2022-06-17,Active,,,3,1557532,2,2022,June,17,2026-09-03 19:40:19.193988,4.213552361396304
EMP01194,Anil Malhotra,Male,46,Operations,Team Lead,Pune,Full-Time,2024-04-22,Active,,,4,671018,5,2024,April,22,2026-09-03 19:40:19.193988,2.3655030800821355
EMP01195,Amit Yadav,Male,22,IT,Senior Engineer,Hyderabad,Full-Time,2025-10-24,Active,,,3,1516136,14,2025,October,24,2026-09-03 19:40:19.193988,0.8596851471594799
EMP01196,Rohit Agarwal,Male,40,Sales,Sales Manager,Bangalore,Full-Time,2020-06-21,Active,,,3,963774,5,2020,June,21,2026-09-03 19:40:19.193988,6.201232032854209
EMP01197,Deepak Verma,Male,31,IT,Senior Engineer,Bangalore,Contract,2018-06-10,Active,,,5,1249433,4,2018,June,10,2026-09-03 19:40:19.193988,8.232717316906228
EMP01198,Manoj Verma,Male,56,IT,Senior Engineer,Noida,Full-Time,2020-05-10,Inactive,2024-06-01,Higher Studies,5,1419682,11,2020,May,10,2024-06-01 00:00:00.000000,4.060232717316906
EMP01199,Rajesh Gupta,Male,48,IT,IT Manager,Chennai,Full-Time,2019-07-02,Active,,,3,1935916,1,2019,July,2,2026-09-03 19:40:19.193988,7.173169062286106
EMP01200,Amit Iyer,Male,33,Operations,Operations Executive,Chennai,Full-Time,2021-02-19,Active,,,4,359627,21,2021,February,19,2026-09-03 19:40:19.193988,5.535934291581109
EMP01201,Nikhil Singh,Male,46,Sales,Regional Sales Head,Chennai,Contract,2025-09-19,Active,,,2,1715288,20,2025,September,19,2026-09-03 19:40:19.193988,0.9555099247091033
EMP01202,Aarti Bansal,Female,36,Finance,Accountant,Noida,Full-Time,2022-12-17,Active,,,5,465783,20,2022,December,17,2026-09-03 19:40:19.193988,3.7125256673511293
EMP01203,Arun Kumar,Male,49,Customer Support,Support Team Lead,Mumbai,Full-Time,2026-03-09,Active,,,4,726520,2,2026,March,9,2026-09-03 19:40:19.193988,0.487337440109514
EMP01204,Praveen Yadav,Male,34,Finance,Finance Manager,Mumbai,Full-Time,2019-12-23,Active,,,5,1350076,5,2019,December,23,2026-09-03 19:40:19.193988,6.69678302532512
EMP01205,Ritu Sharma,Female,47,Operations,Operations Manager,Mumbai,Contract,2019-12-29,Active,,,2,832625,4,2019,December,29,2026-09-03 19:40:19.193988,6.680355920602327
EMP01206,Vijay Rathore,Male,47,IT,Senior Engineer,Pune,Full-Time,2025-03-27,Inactive,2026-02-19,Personal Reasons,3,1482917,0,2025,March,27,2026-02-19 00:00:00.000000,0.9007529089664613
EMP01207,Gaurav Singh,Male,29,Sales,Sales Manager,Pune,Full-Time,2018-03-26,Active,,,2,1039840,20,2018,March,26,2026-09-03 19:40:19.193988,8.44079397672827
EMP01208,Rahul Kumar,Male,39,Finance,Accountant,Noida,Full-Time,2018-12-09,Inactive,2026-02-19,Retirement,4,427699,0,2018,December,9,2026-02-19 00:00:00.000000,7.197809719370294
EMP01209,Anjali Bansal,Female,27,Sales,Regional Sales Head,Noida,Full-Time,2021-10-18,Active,,,2,1875906,18,2021,October,18,2026-09-03 19:40:19.193988,4.876112251882272
EMP01210,Sunil Yadav,Male,31,HR,HR Manager,Bangalore,Full-Time,2023-05-16,Active,,,3,960669,8,2023,May,16,2026-09-03 19:40:19.193988,3.3018480492813143
EMP01211,Snehal Singh,Female,28,Admin,Admin Executive,Noida,Full-Time,2018-07-02,Active,,,1,311859,13,2018,July,2,2026-09-03 19:40:19.193988,8.172484599589323
EMP01212,Ravi Sharma,Male,49,HR,HR Executive,Delhi,Contract,2020-07-17,Active,,,2,396529,9,2020,July,17,2026-09-03 19:40:19.193988,6.1300479123887746
EMP01213,Rekha Chauhan,Female,53,Sales,Regional Sales Head,Chennai,Intern,2019-04-06,Inactive,2020-08-29,Personal Reasons,3,1603250,9,2019,April,6,2020-08-29 00:00:00.000000,1.3990417522245038
EMP01214,Suman Gupta,Female,27,IT,IT Manager,Delhi,Full-Time,2022-01-16,Active,,,2,2183605,5,2022,January,16,2026-09-03 19:40:19.193988,4.629705681040384
EMP01215,Naveen Agarwal,Male,49,Customer Support,Support Team Lead,Hyderabad,Contract,2020-01-13,Inactive,2023-07-31,Retirement,4,706215,11,2020,January,13,2023-07-31 00:00:00.000000,3.5455167693360714
EMP01216,Anjali Patel,Female,38,Operations,Operations Manager,Chennai,Full-Time,2022-02-20,Active,,,3,1021070,2,2022,February,20,2026-09-03 19:40:19.193988,4.5338809034907595
EMP01217,Amit Kumar,Male,31,Marketing,Content Specialist,Mumbai,Full-Time,2021-08-04,Active,,,2,569268,15,2021,August,4,2026-09-03 19:40:19.193988,5.08145106091718
EMP01218,Vijay Singh,Male,39,Operations,Team Lead,Pune,Full-Time,2026-02-24,Inactive,2026-07-16,Personal Reasons,2,645924,12,2026,February,24,2026-07-16 00:00:00.000000,0.3887748117727584
EMP01219,Vikas Nair,Male,48,IT,QA Analyst,Pune,Full-Time,2023-05-26,Active,,,4,607552,4,2023,May,26,2026-09-03 19:40:19.193988,3.274469541409993
EMP01220,Deepak Chauhan,Male,56,Operations,Operations Manager,Hyderabad,Full-Time,2023-07-30,Active,,,4,956690,7,2023,July,30,2026-09-03 19:40:19.193988,3.0965092402464065
EMP01221,Arun Gupta,Male,55,Finance,Financial Analyst,Chennai,Full-Time,2022-09-24,Active,,,2,732809,23,2022,September,24,2026-09-03 19:40:19.193988,3.9425051334702257
EMP01222,Deepak Gupta,Male,35,Customer Support,Support Executive,Bangalore,Full-Time,2018-01-12,Active,,,4,299901,17,2018,January,12,2026-09-03 19:40:19.193988,8.640657084188911
EMP01223,Praveen Kumar,Male,45,Operations,Operations Executive,Delhi,Full-Time,2021-12-01,Active,,,2,502617,4,2021,December,1,2026-09-03 19:40:19.193988,4.75564681724846
EMP01224,Ashok Malhotra,Male,48,IT,Senior Engineer,Noida,Full-Time,2024-03-08,Active,,,2,1535467,1,2024,March,8,2026-09-03 19:40:19.193988,2.48870636550308
EMP01225,Ravi Singh,Male,23,IT,Senior Engineer,Pune,Full-Time,2026-03-22,Active,,,5,1325848,1,2026,March,22,2026-09-03 19:40:19.193988,0.4517453798767967
EMP01226,Suresh Chopra,Male,32,Finance,Accountant,Pune,Full-Time,2024-08-29,Inactive,2025-11-06,Personal Reasons,3,440798,2,2024,August,29,2025-11-06 00:00:00.000000,1.1882272416153319
EMP01227,Priya Chopra,Female,33,Sales,Sales Manager,Mumbai,Intern,2026-08-02,Active,,,3,815440,16,2026,August,2,2026-09-03 19:40:19.193988,0.08761122518822724
EMP01228,Ritu Kapoor,Female,50,Finance,Finance Manager,Chennai,Contract,2021-10-13,Active,,,3,1240908,9,2021,October,13,2026-09-03 19:40:19.193988,4.889801505817933
EMP01229,Suresh Kumar,Male,33,Sales,Sales Executive,Chennai,Full-Time,2018-05-12,Active,,,5,341738,13,2018,May,12,2026-09-03 19:40:19.193988,8.31211498973306
EMP01230,Sunil Bansal,Male,41,IT,IT Manager,Hyderabad,Full-Time,2023-08-18,Active,,,3,2038936,5,2023,August,18,2026-09-03 19:40:19.193988,3.0444900752908968
EMP01231,Shreya Gupta,Female,35,Operations,Team Lead,Pune,Full-Time,2019-05-28,Active,,,4,610679,12,2019,May,28,2026-09-03 19:40:19.193988,7.268993839835729
EMP01232,Anil Bansal,Male,51,IT,Software Engineer,Noida,Full-Time,2025-10-07,Active,,,3,777755,12,2025,October,7,2026-09-03 19:40:19.193988,0.9062286105407256
EMP01233,Divya Yadav,Female,49,Customer Support,Support Executive,Noida,Full-Time,2022-03-02,Active,,,3,312676,2,2022,March,2,2026-09-03 19:40:19.193988,4.506502395619439
EMP01234,Suman Desai,Female,40,HR,HR Manager,Delhi,Full-Time,2020-09-08,Inactive,2022-01-17,Better Opportunity,3,841287,0,2020,September,8,2022-01-17 00:00:00.000000,1.3579739904175223
EMP01235,Ritu Mishra,Female,24,Marketing,Content Specialist,Mumbai,Full-Time,2025-02-27,Active,,,4,442007,18,2025,February,27,2026-09-03 19:40:19.193988,1.514031485284052
EMP01236,Nikhil Verma,Male,24,HR,Recruiter,Noida,Full-Time,2023-06-05,Inactive,2024-02-10,Relocation,3,384026,11,2023,June,5,2024-02-10 00:00:00.000000,0.6844626967830253
EMP01237,Ritu Chauhan,Female,47,Customer Support,Support Executive,Bangalore,Full-Time,2026-06-07,Active,,,4,433839,22,2026,June,7,2026-09-03 19:40:19.193988,0.24093086926762491
EMP01238,Anjali Nair,Female,28,Customer Support,Support Team Lead,Chennai,Full-Time,2023-08-25,Active,,,2,696014,0,2023,August,25,2026-09-03 19:40:19.193988,3.025325119780972
EMP01239,Nikhil Chauhan,Male,40,Marketing,Marketing Manager,Hyderabad,Full-Time,2018-06-03,Inactive,2026-03-28,Performance Issue,4,837426,20,2018,June,3,2026-03-28 00:00:00.000000,7.816563997262149
EMP01240,Vijay Joshi,Male,31,Marketing,Marketing Executive,Noida,Full-Time,2025-08-23,Active,,,4,411488,16,2025,August,23,2026-09-03 19:40:19.193988,1.0294318959616702
EMP01241,Rohit Desai,Male,43,IT,IT Manager,Pune,Full-Time,2019-06-22,Active,,,4,2198776,13,2019,June,22,2026-09-03 19:40:19.193988,7.200547570157426
EMP01242,Rahul Chauhan,Male,26,IT,Senior Engineer,Mumbai,Intern,2024-11-05,Active,,,4,1399788,15,2024,November,5,2026-09-03 19:40:19.193988,1.8261464750171115
EMP01243,Anjali Sharma,Female,57,HR,HR Executive,Noida,Full-Time,2021-06-21,Active,,,4,467581,2,2021,June,21,2026-09-03 19:40:19.193988,5.201916495550993
EMP01244,Praveen Singh,Male,40,Operations,Operations Manager,Bangalore,Full-Time,2019-11-27,Inactive,2023-03-18,Retirement,3,895798,2,2019,November,27,2023-03-18 00:00:00.000000,3.3045859000684463
EMP01245,Vijay Yadav,Male,38,IT,QA Analyst,Bangalore,Full-Time,2023-04-23,Active,,,1,564749,4,2023,April,23,2026-09-03 19:40:19.193988,3.3648186173853527
EMP01246,Anjali Chopra,Female,40,IT,QA Analyst,Delhi,Full-Time,2022-01-28,Active,,,4,656040,21,2022,January,28,2026-09-03 19:40:19.193988,4.596851471594798
EMP01247,Ravi Malhotra,Male,42,Sales,Sales Manager,Hyderabad,Full-Time,2025-01-02,Active,,,4,1010592,16,2025,January,2,2026-09-03 19:40:19.193988,1.6673511293634498
EMP01248,Nisha Patel,Female,25,Operations,Team Lead,Delhi,Intern,2024-12-17,Active,,,3,663548,17,2024,December,17,2026-09-03 19:40:19.193988,1.7111567419575633
EMP01249,Amit Kumar,Male,32,Marketing,Marketing Executive,Bangalore,Full-Time,2022-03-20,Active,,,4,536189,7,2022,March,20,2026-09-03 19:40:19.193988,4.457221081451061
EMP01250,Arun Malhotra,Male,51,IT,Software Engineer,Bangalore,Full-Time,2023-03-24,Active,,,3,847035,14,2023,March,24,2026-09-03 19:40:19.193988,3.4469541409993156
EMP01251,Suresh Gupta,Male,47,Finance,Accountant,Chennai,Contract,2019-03-20,Active,,,3,464894,10,2019,March,20,2026-09-03 19:40:19.193988,7.457905544147844
EMP01252,Pooja Nair,Female,35,Sales,Sales Manager,Hyderabad,Full-Time,2023-06-15,Active,,,4,936439,8,2023,June,15,2026-09-03 19:40:19.193988,3.2197125256673513
EMP01253,Sunil Verma,Male,31,HR,Recruiter,Mumbai,Full-Time,2023-04-09,Active,,,4,440133,1,2023,April,9,2026-09-03 19:40:19.193988,3.403148528405202
EMP01254,Gaurav Chauhan,Male,49,Marketing,Marketing Executive,Noida,Full-Time,2022-01-20,Active,,,3,420915,6,2022,January,20,2026-09-03 19:40:19.193988,4.618754277891855
EMP01255,Amit Rathore,Male,33,IT,IT Manager,Bangalore,Full-Time,2025-02-16,Inactive,2025-05-22,Relocation,4,2024054,9,2025,February,16,2025-05-22 00:00:00.000000,0.2600958247775496
EMP01256,Nisha Rathore,Female,38,HR,Recruiter,Mumbai,Intern,2025-07-05,Active,,,4,392173,13,2025,July,5,2026-09-03 19:40:19.193988,1.163586584531143
EMP01257,Anita Reddy,Female,48,Finance,Accountant,Mumbai,Full-Time,2021-12-01,Active,,,2,532101,5,2021,December,1,2026-09-03 19:40:19.193988,4.75564681724846
EMP01258,Swati Iyer,Female,22,Sales,Regional Sales Head,Hyderabad,Full-Time,2022-05-13,Active,,,3,2173521,6,2022,May,13,2026-09-03 19:40:19.193988,4.309377138945927
EMP01259,Vijay Chopra,Male,42,Marketing,Content Specialist,Mumbai,Full-Time,2021-08-19,Inactive,2024-05-14,Personal Reasons,3,524889,10,2021,August,19,2024-05-14 00:00:00.000000,2.735112936344969
EMP01260,Suresh Rathore,Male,22,Admin,Office Manager,Hyderabad,Full-Time,2026-02-06,Active,,,5,736397,4,2026,February,6,2026-09-03 19:40:19.193988,0.5722108145106092
EMP01261,Nisha Chopra,Female,34,Marketing,Marketing Executive,Delhi,Full-Time,2020-06-14,Active,,,4,480795,5,2020,June,14,2026-09-03 19:40:19.193988,6.220396988364135
EMP01262,Aarti Chauhan,Female,34,Marketing,Marketing Executive,Bangalore,Full-Time,2020-05-09,Active,,,3,486330,0,2020,May,9,2026-09-03 19:40:19.193988,6.31895961670089
EMP01263,Vikas Iyer,Male,54,Finance,Accountant,Bangalore,Full-Time,2021-06-11,Active,,,4,449949,15,2021,June,11,2026-09-03 19:40:19.193988,5.229295003422314
EMP01264,Sunil Rathore,Male,56,Sales,Sales Manager,Bangalore,Full-Time,2021-12-13,Active,,,4,1115665,10,2021,December,13,2026-09-03 19:40:19.193988,4.722792607802875
EMP01265,Suresh Yadav,Male,33,IT,QA Analyst,Pune,Full-Time,2022-03-09,Active,,,3,503284,13,2022,March,9,2026-09-03 19:40:19.193988,4.487337440109514
EMP01266,Divya Reddy,Female,28,Customer Support,Support Team Lead,Chennai,Full-Time,2021-03-06,Active,,,3,703425,3,2021,March,6,2026-09-03 19:40:19.193988,5.494866529774128
EMP01267,Pooja Sharma,Female,53,Sales,Regional Sales Head,Pune,Full-Time,2019-03-01,Active,,,3,1979154,17,2019,March,1,2026-09-03 19:40:19.193988,7.509924709103354
EMP01268,Anjali Malhotra,Female,40,Sales,Regional Sales Head,Hyderabad,Full-Time,2018-05-14,Active,,,4,1682547,24,2018,May,14,2026-09-03 19:40:19.193988,8.306639288158795
EMP01269,Sunil Bansal,Male,52,Sales,Sales Manager,Delhi,Intern,2020-03-12,Active,,,3,891220,14,2020,March,12,2026-09-03 19:40:19.193988,6.477754962354552
EMP01270,Naveen Chauhan,Male,54,IT,Software Engineer,Bangalore,Full-Time,2020-07-06,Active,,,3,841290,8,2020,July,6,2026-09-03 19:40:19.193988,6.160164271047228
EMP01271,Ashok Rathore,Male,48,Sales,Regional Sales Head,Mumbai,Full-Time,2018-01-18,Inactive,2018-07-04,Personal Reasons,3,2099167,16,2018,January,18,2018-07-04 00:00:00.000000,0.45722108145106094
EMP01272,Gaurav Nair,Male,49,Finance,Finance Manager,Mumbai,Full-Time,2024-06-01,Active,,,2,1363335,6,2024,June,1,2026-09-03 19:40:19.193988,2.2559890485968515
EMP01273,Gaurav Chauhan,Male,49,Sales,Sales Executive,Noida,Full-Time,2024-06-24,Inactive,2026-06-05,Performance Issue,2,496376,5,2024,June,24,2026-06-05 00:00:00.000000,1.946611909650924
EMP01274,Divya Nair,Female,36,Sales,Regional Sales Head,Mumbai,Full-Time,2022-11-27,Inactive,2023-10-11,Retirement,3,1615228,18,2022,November,27,2023-10-11 00:00:00.000000,0.8706365503080082
EMP01275,Divya Patel,Female,27,IT,Senior Engineer,Bangalore,Full-Time,2020-04-14,Inactive,2025-05-09,Better Opportunity,1,1432024,18,2020,April,14,2025-05-09 00:00:00.000000,5.06776180698152
EMP01276,Ravi Sharma,Male,27,Marketing,Content Specialist,Chennai,Full-Time,2024-02-05,Active,,,3,430057,23,2024,February,5,2026-09-03 19:40:19.193988,2.5763175906913074
EMP01277,Ravi Malhotra,Male,33,Sales,Regional Sales Head,Chennai,Full-Time,2022-01-06,Active,,,2,2176494,9,2022,January,6,2026-09-03 19:40:19.193988,4.657084188911704
EMP01278,Meena Bansal,Female,38,Admin,Admin Executive,Chennai,Intern,2022-03-29,Active,,,4,335995,4,2022,March,29,2026-09-03 19:40:19.193988,4.432580424366872
EMP01279,Amit Chopra,Male,29,Operations,Operations Executive,Delhi,Full-Time,2023-02-24,Inactive,2024-11-23,Relocation,4,507293,2,2023,February,24,2024-11-23 00:00:00.000000,1.7467488021902806
EMP01280,Vijay Kapoor,Male,47,Finance,Finance Manager,Noida,Full-Time,2020-05-01,Inactive,2020-09-27,Performance Issue,3,967373,20,2020,May,1,2020-09-27 00:00:00.000000,0.4079397672826831
EMP01281,Vijay Mishra,Male,50,Customer Support,Support Team Lead,Pune,Full-Time,2021-07-08,Active,,,3,553153,0,2021,July,8,2026-09-03 19:40:19.193988,5.155373032169747
EMP01282,Sunita Chopra,Female,29,Marketing,Content Specialist,Hyderabad,Full-Time,2018-05-09,Active,,,3,623747,15,2018,May,9,2026-09-03 19:40:19.193988,8.320328542094456
EMP01283,Gaurav Desai,Male,38,Customer Support,Support Executive,Mumbai,Full-Time,2023-11-08,Active,,,3,324498,0,2023,November,8,2026-09-03 19:40:19.193988,2.8199863107460645
EMP01284,Karan Sharma,Male,31,Sales,Regional Sales Head,Hyderabad,Intern,2026-07-14,Active,,,3,1792721,6,2026,July,14,2026-09-03 19:40:19.193988,0.13963039014373715
EMP01285,Amit Nair,Male,30,Sales,Sales Executive,Mumbai,Full-Time,2018-12-08,Active,,,5,417051,2,2018,December,8,2026-09-03 19:40:19.193988,7.737166324435318
EMP01286,Vikas Bansal,Male,53,Sales,Regional Sales Head,Bangalore,Full-Time,2023-03-29,Active,,,4,2211368,6,2023,March,29,2026-09-03 19:40:19.193988,3.433264887063655
EMP01287,Manoj Yadav,Male,39,Customer Support,Support Executive,Chennai,Full-Time,2026-01-17,Active,,,4,311905,24,2026,January,17,2026-09-03 19:40:19.193988,0.6269678302532512
EMP01288,Isha Reddy,Female,53,Sales,Sales Executive,Noida,Full-Time,2020-04-23,Active,,,3,411385,19,2020,April,23,2026-09-03 19:40:19.193988,6.362765229295003
EMP01289,Shreya Nair,Female,46,Operations,Team Lead,Delhi,Full-Time,2024-10-23,Active,,,3,753799,11,2024,October,23,2026-09-03 19:40:19.193988,1.8617385352498288
EMP01290,Vijay Malhotra,Male,38,Operations,Operations Executive,Delhi,Full-Time,2023-09-26,Active,,,3,406303,20,2023,September,26,2026-09-03 19:40:19.193988,2.937713894592745
EMP01291,Rohit Iyer,Male,33,Sales,Sales Manager,Delhi,Full-Time,2019-04-15,Active,,,3,919579,5,2019,April,15,2026-09-03 19:40:19.193988,7.38672142368241
EMP01292,Vikas Joshi,Male,45,Admin,Admin Executive,Mumbai,Full-Time,2025-05-14,Active,,,2,406632,3,2025,May,14,2026-09-03 19:40:19.193988,1.3059548254620124
EMP01293,Amit Nair,Male,43,Operations,Team Lead,Delhi,Full-Time,2026-01-15,Active,,,3,753891,10,2026,January,15,2026-09-03 19:40:19.193988,0.6324435318275154
EMP01294,Deepak Bansal,Male,35,Sales,Sales Executive,Pune,Full-Time,2021-03-07,Active,,,4,356467,8,2021,March,7,2026-09-03 19:40:19.193988,5.492128678986996
EMP01295,Aarti Gupta,Female,49,Sales,Regional Sales Head,Chennai,Full-Time,2022-09-24,Active,,,5,1760487,6,2022,September,24,2026-09-03 19:40:19.193988,3.9425051334702257
EMP01296,Rahul Kapoor,Male,48,Operations,Operations Manager,Delhi,Full-Time,2021-01-29,Inactive,2023-10-13,Personal Reasons,5,981515,18,2021,January,29,2023-10-13 00:00:00.000000,2.702258726899384
EMP01297,Divya Joshi,Female,58,Customer Support,Support Executive,Bangalore,Full-Time,2018-03-15,Active,,,3,425130,9,2018,March,15,2026-09-03 19:40:19.193988,8.470910335386721
EMP01298,Kavita Chauhan,Female,24,IT,Software Engineer,Hyderabad,Full-Time,2023-12-01,Active,,,4,599556,15,2023,December,1,2026-09-03 19:40:19.193988,2.757015742642026
EMP01299,Anjali Rathore,Female,44,Customer Support,Support Team Lead,Bangalore,Full-Time,2021-07-23,Active,,,4,643548,10,2021,July,23,2026-09-03 19:40:19.193988,5.114305270362765
EMP01300,Kiran Desai,Female,51,Sales,Sales Executive,Pune,Full-Time,2021-05-07,Active,,,3,442575,3,2021,May,7,2026-09-03 19:40:19.193988,5.325119780971937
EMP01301,Vikas Desai,Male,25,Admin,Admin Executive,Delhi,Full-Time,2020-07-06,Active,,,4,316922,10,2020,July,6,2026-09-03 19:40:19.193988,6.160164271047228
EMP01302,Swati Joshi,Female,45,IT,Senior Engineer,Delhi,Full-Time,2020-02-22,Active,,,3,1384530,0,2020,February,22,2026-09-03 19:40:19.193988,6.529774127310062
EMP01303,Neha Patel,Female,41,Sales,Sales Executive,Delhi,Contract,2018-07-16,Inactive,2022-05-24,Higher Studies,3,438040,12,2018,July,16,2022-05-24 00:00:00.000000,3.8548939082819986
EMP01304,Manoj Yadav,Male,29,Operations,Operations Executive,Hyderabad,Full-Time,2023-03-03,Inactive,2024-02-29,Health Issues,4,455133,13,2023,March,3,2024-02-29 00:00:00.000000,0.9938398357289527
EMP01305,Sunil Singh,Male,58,Operations,Team Lead,Hyderabad,Full-Time,2020-09-12,Active,,,2,732229,8,2020,September,12,2026-09-03 19:40:19.193988,5.973990417522245
EMP01306,Rajesh Kapoor,Male,40,Finance,Accountant,Delhi,Full-Time,2020-12-16,Active,,,3,495601,7,2020,December,16,2026-09-03 19:40:19.193988,5.713894592744696
EMP01307,Sanjay Gupta,Male,35,Sales,Sales Executive,Pune,Full-Time,2018-09-04,Inactive,2021-04-06,Performance Issue,4,470961,6,2018,September,4,2021-04-06 00:00:00.000000,2.5872689938398357
EMP01308,Praveen Singh,Male,55,Marketing,Marketing Manager,Mumbai,Full-Time,2024-08-15,Active,,,3,926576,9,2024,August,15,2026-09-03 19:40:19.193988,2.0506502395619437
EMP01309,Nisha Kumar,Female,36,HR,Recruiter,Delhi,Full-Time,2019-06-17,Active,,,1,451903,14,2019,June,17,2026-09-03 19:40:19.193988,7.214236824093087
EMP01310,Aarti Agarwal,Female,34,Marketing,Marketing Executive,Noida,Full-Time,2022-06-28,Inactive,2025-01-09,Personal Reasons,3,506027,18,2022,June,28,2025-01-09 00:00:00.000000,2.535249828884326
EMP01311,Anjali Kumar,Female,29,HR,HR Manager,Delhi,Full-Time,2026-05-10,Active,,,5,1086875,5,2026,May,10,2026-09-03 19:40:19.193988,0.31759069130732376
EMP01312,Shreya Sharma,Female,50,Marketing,Marketing Manager,Chennai,Full-Time,2023-12-15,Active,,,4,852463,17,2023,December,15,2026-09-03 19:40:19.193988,2.7186858316221767
EMP01313,Vijay Iyer,Male,47,Finance,Finance Manager,Mumbai,Full-Time,2019-09-09,Active,,,5,1158487,1,2019,September,9,2026-09-03 19:40:19.193988,6.98425735797399
EMP01314,Nisha Patel,Female,46,Sales,Sales Manager,Delhi,Contract,2018-07-21,Active,,,3,917131,9,2018,July,21,2026-09-03 19:40:19.193988,8.120465434633813
EMP01315,Sanjay Chauhan,Male,55,Finance,Accountant,Hyderabad,Full-Time,2021-02-04,Active,,,4,528723,3,2021,February,4,2026-09-03 19:40:19.193988,5.577002053388091
EMP01316,Rahul Joshi,Male,25,Operations,Operations Executive,Mumbai,Full-Time,2019-04-17,Active,,,2,453638,7,2019,April,17,2026-09-03 19:40:19.193988,7.381245722108145
EMP01317,Pooja Bansal,Female,47,Finance,Accountant,Bangalore,Full-Time,2020-07-16,Active,,,3,445260,23,2020,July,16,2026-09-03 19:40:19.193988,6.132785763175907
EMP01318,Shreya Kapoor,Female,44,IT,Senior Engineer,Mumbai,Full-Time,2020-04-13,Active,,,2,1472043,9,2020,April,13,2026-09-03 19:40:19.193988,6.3901437371663246
EMP01319,Amit Singh,Male,52,Operations,Operations Executive,Hyderabad,Full-Time,2025-11-09,Active,,,3,500230,22,2025,November,9,2026-09-03 19:40:19.193988,0.8158795345653662
EMP01320,Deepak Yadav,Male,32,IT,IT Manager,Chennai,Contract,2018-10-12,Active,,,3,2419895,4,2018,October,12,2026-09-03 19:40:19.193988,7.8932238193018485
EMP01321,Priya Kapoor,Female,33,Finance,Finance Manager,Bangalore,Full-Time,2018-03-27,Active,,,4,1322753,5,2018,March,27,2026-09-03 19:40:19.193988,8.438056125941136
EMP01322,Amit Desai,Male,22,Operations,Operations Manager,Pune,Intern,2024-07-16,Active,,,2,854103,3,2024,July,16,2026-09-03 19:40:19.193988,2.132785763175907
EMP01323,Rahul Sharma,Male,36,Operations,Team Lead,Chennai,Full-Time,2021-04-05,Active,,,2,641845,4,2021,April,5,2026-09-03 19:40:19.193988,5.412731006160164
EMP01324,Suresh Singh,Male,43,Sales,Sales Manager,Noida,Full-Time,2026-04-04,Active,,,2,1029533,17,2026,April,4,2026-09-03 19:40:19.193988,0.4161533196440794
EMP01325,Manoj Kapoor,Male,22,Marketing,Marketing Manager,Bangalore,Full-Time,2023-02-23,Active,,,1,921930,10,2023,February,23,2026-09-03 19:40:19.193988,3.5263518138261465
EMP01326,Preeti Desai,Female,55,Sales,Sales Manager,Delhi,Full-Time,2021-01-10,Active,,,4,772461,13,2021,January,10,2026-09-03 19:40:19.193988,5.645448323066393
EMP01327,Deepak Kumar,Male,37,Finance,Finance Manager,Pune,Full-Time,2018-05-07,Active,,,3,1241154,13,2018,May,7,2026-09-03 19:40:19.193988,8.32580424366872
EMP01328,Suman Mishra,Female,28,Customer Support,Support Executive,Mumbai,Full-Time,2022-03-28,Active,,,4,420300,21,2022,March,28,2026-09-03 19:40:19.193988,4.435318275154004
EMP01329,Snehal Malhotra,Female,44,Admin,Admin Executive,Bangalore,Full-Time,2025-08-13,Active,,,3,352243,13,2025,August,13,2026-09-03 19:40:19.193988,1.056810403832991
EMP01330,Manoj Reddy,Male,55,Admin,Admin Executive,Delhi,Full-Time,2024-07-01,Active,,,3,414284,3,2024,July,1,2026-09-03 19:40:19.193988,2.1738535249828885
EMP01331,Naveen Malhotra,Male,22,IT,IT Manager,Bangalore,Full-Time,2019-03-28,Active,,,5,2248421,14,2019,March,28,2026-09-03 19:40:19.193988,7.436002737850787
EMP01332,Ravi Agarwal,Male,32,Marketing,Marketing Manager,Hyderabad,Full-Time,2024-04-05,Active,,,2,917038,9,2024,April,5,2026-09-03 19:40:19.193988,2.412046543463381
EMP01333,Amit Malhotra,Male,29,Finance,Accountant,Mumbai,Full-Time,2021-03-05,Inactive,2023-01-20,Better Opportunity,3,511064,21,2021,March,5,2023-01-20 00:00:00.000000,1.8781656399726214
EMP01334,Amit Verma,Male,40,IT,IT Manager,Mumbai,Intern,2021-12-05,Active,,,5,2101594,24,2021,December,5,2026-09-03 19:40:19.193988,4.744695414099931
EMP01335,Karan Kumar,Male,31,Marketing,Marketing Executive,Chennai,Contract,2021-01-13,Active,,,1,417910,18,2021,January,13,2026-09-03 19:40:19.193988,5.637234770704997
EMP01336,Pooja Reddy,Female,44,Customer Support,Support Executive,Delhi,Full-Time,2023-04-23,Active,,,2,392490,12,2023,April,23,2026-09-03 19:40:19.193988,3.3648186173853527
EMP01337,Swati Chauhan,Female,41,Finance,Accountant,Bangalore,Full-Time,2021-05-22,Inactive,2023-12-30,Higher Studies,3,600186,18,2021,May,22,2023-12-30 00:00:00.000000,2.6064339493497606
EMP01338,Ravi Mishra,Male,57,Operations,Operations Manager,Mumbai,Full-Time,2022-09-02,Active,,,5,874798,9,2022,September,2,2026-09-03 19:40:19.193988,4.002737850787132
EMP01339,Nikhil Malhotra,Male,49,Finance,Financial Analyst,Mumbai,Full-Time,2022-03-20,Inactive,2025-05-01,Performance Issue,3,732974,16,2022,March,20,2025-05-01 00:00:00.000000,3.1156741957563314
EMP01340,Vikas Malhotra,Male,48,Admin,Office Manager,Pune,Contract,2023-03-26,Active,,,3,620708,17,2023,March,26,2026-09-03 19:40:19.193988,3.4414784394250515
EMP01341,Amit Rathore,Male,41,IT,Software Engineer,Noida,Full-Time,2019-07-30,Active,,,4,757490,11,2019,July,30,2026-09-03 19:40:19.193988,7.096509240246407
EMP01342,Ravi Desai,Male,47,Admin,Office Manager,Delhi,Full-Time,2026-06-21,Inactive,2026-08-30,Better Opportunity,3,621073,24,2026,June,21,2026-08-30 00:00:00.000000,0.19164955509924708
EMP01343,Preeti Malhotra,Female,39,Sales,Sales Executive,Delhi,Full-Time,2018-08-13,Active,,,3,443980,10,2018,August,13,2026-09-03 19:40:19.193988,8.057494866529774
EMP01344,Gaurav Singh,Male,43,Operations,Operations Manager,Hyderabad,Full-Time,2023-05-27,Active,,,4,808719,18,2023,May,27,2026-09-03 19:40:19.193988,3.271731690622861
EMP01345,Rohit Verma,Male,57,IT,Senior Engineer,Hyderabad,Full-Time,2019-08-14,Active,,,3,1362558,7,2019,August,14,2026-09-03 19:40:19.193988,7.055441478439425
EMP01346,Ravi Reddy,Male,22,Finance,Financial Analyst,Bangalore,Full-Time,2026-01-24,Active,,,1,714652,6,2026,January,24,2026-09-03 19:40:19.193988,0.6078028747433265
EMP01347,Anjali Gupta,Female,29,Finance,Accountant,Mumbai,Full-Time,2024-10-09,Active,,,5,474441,3,2024,October,9,2026-09-03 19:40:19.193988,1.9000684462696784
EMP01348,Praveen Sharma,Male,29,Customer Support,Support Team Lead,Pune,Full-Time,2018-08-16,Active,,,3,626092,5,2018,August,16,2026-09-03 19:40:19.193988,8.049281314168377
EMP01349,Rekha Bansal,Female,50,Marketing,Marketing Manager,Noida,Full-Time,2024-11-14,Active,,,3,1042020,13,2024,November,14,2026-09-03 19:40:19.193988,1.8015058179329226
EMP01350,Ravi Sharma,Male,37,HR,HR Executive,Mumbai,Full-Time,2026-05-08,Inactive,2026-08-23,Higher Studies,4,427468,15,2026,May,8,2026-08-23 00:00:00.000000,0.2929500342231348
EMP01351,Praveen Reddy,Male,53,Admin,Office Manager,Chennai,Intern,2019-02-14,Active,,,3,576043,12,2019,February,14,2026-09-03 19:40:19.193988,7.5509924709103355
EMP01352,Suresh Malhotra,Male,31,Customer Support,Support Team Lead,Noida,Intern,2022-10-07,Inactive,2025-06-29,Better Opportunity,3,645410,0,2022,October,7,2025-06-29 00:00:00.000000,2.726899383983573
EMP01353,Nikhil Reddy,Male,50,Finance,Accountant,Chennai,Full-Time,2025-04-18,Inactive,2025-12-15,Personal Reasons,3,518581,23,2025,April,18,2025-12-15 00:00:00.000000,0.6598220396988365
EMP01354,Nisha Patel,Female,54,Sales,Sales Executive,Mumbai,Full-Time,2022-01-05,Active,,,3,420512,11,2022,January,5,2026-09-03 19:40:19.193988,4.659822039698836
EMP01355,Rohit Chauhan,Male,31,IT,Software Engineer,Mumbai,Full-Time,2025-05-10,Active,,,3,796378,10,2025,May,10,2026-09-03 19:40:19.193988,1.3169062286105406
EMP01356,Sunil Kumar,Male,41,IT,IT Manager,Noida,Intern,2026-07-21,Active,,,3,1754568,20,2026,July,21,2026-09-03 19:40:19.193988,0.12046543463381246
EMP01357,Praveen Chauhan,Male,33,Marketing,Marketing Manager,Hyderabad,Intern,2025-05-23,Active,,,3,1159916,24,2025,May,23,2026-09-03 19:40:19.193988,1.2813141683778233
EMP01358,Preeti Patel,Female,44,Operations,Operations Executive,Chennai,Full-Time,2021-08-20,Active,,,2,496420,2,2021,August,20,2026-09-03 19:40:19.193988,5.037645448323066
EMP01359,Neha Sharma,Female,28,Sales,Regional Sales Head,Mumbai,Full-Time,2020-08-07,Active,,,4,1889592,21,2020,August,7,2026-09-03 19:40:19.193988,6.072553045859
EMP01360,Praveen Nair,Male,37,Customer Support,Support Executive,Noida,Full-Time,2026-03-20,Inactive,2026-06-10,Higher Studies,4,422446,24,2026,March,20,2026-06-10 00:00:00.000000,0.2245037645448323
EMP01361,Naveen Gupta,Male,29,IT,Software Engineer,Hyderabad,Full-Time,2020-10-22,Inactive,2021-10-15,Performance Issue,5,808738,19,2020,October,22,2021-10-15 00:00:00.000000,0.9801505817932923
EMP01362,Amit Yadav,Male,50,Sales,Sales Manager,Delhi,Full-Time,2025-11-01,Active,,,4,1120993,18,2025,November,1,2026-09-03 19:40:19.193988,0.837782340862423
EMP01363,Karan Mishra,Male,50,Sales,Sales Executive,Bangalore,Full-Time,2023-07-05,Active,,,3,376079,23,2023,July,5,2026-09-03 19:40:19.193988,3.164955509924709
EMP01364,Anil Rathore,Male,27,HR,Recruiter,Noida,Full-Time,2020-02-27,Active,,,3,495740,21,2020,February,27,2026-09-03 19:40:19.193988,6.5160848733744015
EMP01365,Suresh Mishra,Male,22,HR,HR Executive,Noida,Intern,2019-07-30,Active,,,5,405284,17,2019,July,30,2026-09-03 19:40:19.193988,7.096509240246407
EMP01366,Pooja Nair,Female,55,IT,Senior Engineer,Chennai,Full-Time,2026-03-09,Active,,,3,1537849,18,2026,March,9,2026-09-03 19:40:19.193988,0.487337440109514
EMP01367,Praveen Agarwal,Male,57,Finance,Finance Manager,Bangalore,Full-Time,2024-12-08,Active,,,4,1287702,14,2024,December,8,2026-09-03 19:40:19.193988,1.7357973990417521
EMP01368,Swati Chauhan,Female,30,IT,Software Engineer,Hyderabad,Full-Time,2018-11-17,Active,,,3,678503,3,2018,November,17,2026-09-03 19:40:19.193988,7.794661190965092
EMP01369,Praveen Joshi,Male,43,Operations,Operations Executive,Hyderabad,Full-Time,2024-01-24,Inactive,2026-07-13,Relocation,3,511941,8,2024,January,24,2026-07-13 00:00:00.000000,2.4668035592060233
EMP01370,Arun Iyer,Male,40,Operations,Operations Executive,Noida,Full-Time,2019-10-09,Inactive,2026-05-21,Personal Reasons,3,500336,19,2019,October,9,2026-05-21 00:00:00.000000,6.614647501711157
EMP01371,Preeti Reddy,Female,56,IT,QA Analyst,Hyderabad,Full-Time,2018-08-21,Active,,,4,491892,15,2018,August,21,2026-09-03 19:40:19.193988,8.035592060232718
EMP01372,Shreya Sharma,Female,38,Admin,Admin Executive,Bangalore,Full-Time,2022-09-23,Active,,,4,421823,1,2022,September,23,2026-09-03 19:40:19.193988,3.9452429842573578
EMP01373,Ravi Mishra,Male,25,Customer Support,Support Team Lead,Noida,Full-Time,2025-06-10,Active,,,4,527498,18,2025,June,10,2026-09-03 19:40:19.193988,1.2320328542094456
EMP01374,Gaurav Verma,Male,27,IT,IT Manager,Delhi,Full-Time,2022-09-01,Active,,,3,2083017,4,2022,September,1,2026-09-03 19:40:19.193988,4.005475701574264
EMP01375,Manoj Verma,Male,54,Customer Support,Support Executive,Delhi,Full-Time,2023-07-28,Active,,,4,346536,15,2023,July,28,2026-09-03 19:40:19.193988,3.1019849418206706
EMP01376,Ashok Joshi,Male,34,Sales,Sales Executive,Delhi,Full-Time,2018-04-18,Active,,,3,477647,21,2018,April,18,2026-09-03 19:40:19.193988,8.37782340862423
EMP01377,Amit Bansal,Male,46,Sales,Sales Manager,Delhi,Full-Time,2022-05-05,Active,,,3,919698,13,2022,May,5,2026-09-03 19:40:19.193988,4.331279945242985
EMP01378,Karan Kumar,Male,45,Finance,Accountant,Pune,Full-Time,2019-04-29,Active,,,5,493625,1,2019,April,29,2026-09-03 19:40:19.193988,7.34839151266256
EMP01379,Rekha Joshi,Female,36,Operations,Operations Executive,Hyderabad,Full-Time,2018-02-11,Active,,,4,483431,17,2018,February,11,2026-09-03 19:40:19.193988,8.558521560574949
EMP01380,Isha Verma,Female,37,Operations,Operations Executive,Noida,Full-Time,2026-01-27,Active,,,4,369870,4,2026,January,27,2026-09-03 19:40:19.193988,0.5995893223819302
EMP01381,Nisha Yadav,Female,44,Marketing,Marketing Manager,Delhi,Full-Time,2021-07-10,Active,,,3,1145861,9,2021,July,10,2026-09-03 19:40:19.193988,5.149897330595483
EMP01382,Ravi Desai,Male,29,Sales,Sales Manager,Pune,Full-Time,2025-05-17,Active,,,2,792496,17,2025,May,17,2026-09-03 19:40:19.193988,1.297741273100616
EMP01383,Sanjay Kapoor,Male,50,IT,IT Manager,Noida,Full-Time,2020-06-21,Active,,,2,2453141,24,2020,June,21,2026-09-03 19:40:19.193988,6.201232032854209
EMP01384,Snehal Reddy,Female,39,Operations,Team Lead,Mumbai,Full-Time,2023-11-28,Active,,,2,746597,3,2023,November,28,2026-09-03 19:40:19.193988,2.7652292950034223
EMP01385,Rahul Iyer,Male,53,Customer Support,Support Team Lead,Chennai,Full-Time,2024-12-22,Active,,,3,558853,4,2024,December,22,2026-09-03 19:40:19.193988,1.6974674880219027
EMP01386,Rohit Joshi,Male,35,Marketing,Marketing Manager,Chennai,Contract,2024-03-14,Inactive,2026-05-25,Health Issues,4,1106917,1,2024,March,14,2026-05-25 00:00:00.000000,2.195756331279945
EMP01387,Rekha Malhotra,Female,29,Sales,Regional Sales Head,Noida,Full-Time,2023-02-02,Inactive,2023-06-11,Relocation,1,1730136,12,2023,February,2,2023-06-11 00:00:00.000000,0.3531827515400411
EMP01388,Ashok Gupta,Male,46,Sales,Sales Executive,Bangalore,Full-Time,2024-11-02,Active,,,3,478043,12,2024,November,2,2026-09-03 19:40:19.193988,1.834360027378508
EMP01389,Nisha Verma,Female,33,Marketing,Marketing Executive,Mumbai,Full-Time,2022-04-03,Active,,,4,478348,21,2022,April,3,2026-09-03 19:40:19.193988,4.418891170431212
EMP01390,Ashok Verma,Male,23,Operations,Team Lead,Noida,Full-Time,2021-11-25,Active,,,4,806253,10,2021,November,25,2026-09-03 19:40:19.193988,4.772073921971253
EMP01391,Manoj Chopra,Male,43,Admin,Admin Executive,Noida,Full-Time,2018-04-23,Active,,,3,384514,13,2018,April,23,2026-09-03 19:40:19.193988,8.36413415468857
EMP01392,Neha Singh,Female,40,Sales,Regional Sales Head,Pune,Full-Time,2026-02-02,Active,,,4,2205342,14,2026,February,2,2026-09-03 19:40:19.193988,0.5831622176591376
EMP01393,Swati Chopra,Female,51,Admin,Office Manager,Mumbai,Intern,2022-04-11,Active,,,2,731918,4,2022,April,11,2026-09-03 19:40:19.193988,4.396988364134154
EMP01394,Priya Patel,Female,37,Marketing,Content Specialist,Bangalore,Full-Time,2018-12-17,Active,,,2,484164,18,2018,December,17,2026-09-03 19:40:19.193988,7.712525667351129
EMP01395,Divya Verma,Female,38,Admin,Office Manager,Bangalore,Contract,2021-01-05,Active,,,3,704462,19,2021,January,5,2026-09-03 19:40:19.193988,5.6591375770020536
EMP01396,Amit Singh,Male,42,IT,IT Manager,Hyderabad,Full-Time,2025-05-30,Active,,,4,2378074,14,2025,May,30,2026-09-03 19:40:19.193988,1.2621492128678986
EMP01397,Sunil Sharma,Male,24,Sales,Sales Manager,Delhi,Full-Time,2023-03-26,Active,,,3,937874,17,2023,March,26,2026-09-03 19:40:19.193988,3.4414784394250515
EMP01398,Meena Rathore,Female,39,Marketing,Marketing Executive,Hyderabad,Full-Time,2018-11-22,Active,,,3,481760,2,2018,November,22,2026-09-03 19:40:19.193988,7.780971937029432
EMP01399,Sunil Yadav,Male,38,Admin,Office Manager,Noida,Full-Time,2021-02-05,Active,,,3,540533,20,2021,February,5,2026-09-03 19:40:19.193988,5.574264202600959
EMP01400,Anil Kumar,Male,36,Operations,Team Lead,Chennai,Full-Time,2018-07-23,Inactive,2019-02-25,Personal Reasons,4,786643,14,2018,July,23,2019-02-25 00:00:00.000000,0.5941136208076659
EMP01401,Nikhil Nair,Male,36,IT,Software Engineer,Hyderabad,Full-Time,2026-01-17,Inactive,2026-05-23,Relocation,4,599513,11,2026,January,17,2026-05-23 00:00:00.000000,0.34496919917864477
EMP01402,Karan Verma,Male,28,Marketing,Content Specialist,Mumbai,Contract,2021-12-03,Inactive,2024-07-28,Better Opportunity,4,527207,7,2021,December,3,2024-07-28 00:00:00.000000,2.650239561943874
EMP01403,Sanjay Nair,Male,48,HR,Recruiter,Bangalore,Full-Time,2025-08-21,Inactive,2026-05-26,Relocation,4,408254,10,2025,August,21,2026-05-26 00:00:00.000000,0.7611225188227242
EMP01404,Aarti Iyer,Female,45,IT,IT Manager,Pune,Full-Time,2025-04-24,Active,,,4,2478800,19,2025,April,24,2026-09-03 19:40:19.193988,1.3607118412046544
EMP01405,Priya Yadav,Female,31,IT,IT Manager,Delhi,Full-Time,2021-04-06,Active,,,2,1720428,19,2021,April,6,2026-09-03 19:40:19.193988,5.409993155373032
EMP01406,Sanjay Nair,Male,24,Customer Support,Support Team Lead,Mumbai,Full-Time,2022-04-01,Active,,,4,546017,24,2022,April,1,2026-09-03 19:40:19.193988,4.424366872005476
EMP01407,Vijay Gupta,Male,58,Customer Support,Support Executive,Hyderabad,Full-Time,2023-08-25,Active,,,3,400253,17,2023,August,25,2026-09-03 19:40:19.193988,3.025325119780972
EMP01408,Suresh Agarwal,Male,55,Sales,Sales Executive,Hyderabad,Full-Time,2023-04-19,Active,,,3,390710,6,2023,April,19,2026-09-03 19:40:19.193988,3.375770020533881
EMP01409,Nikhil Reddy,Male,45,Sales,Sales Executive,Bangalore,Full-Time,2020-09-22,Active,,,2,390370,3,2020,September,22,2026-09-03 19:40:19.193988,5.946611909650924
EMP01410,Deepak Malhotra,Male,44,Customer Support,Support Team Lead,Bangalore,Full-Time,2018-11-23,Active,,,1,528346,11,2018,November,23,2026-09-03 19:40:19.193988,7.7782340862423
EMP01411,Praveen Desai,Male,36,Operations,Operations Executive,Pune,Full-Time,2022-09-12,Active,,,3,495899,4,2022,September,12,2026-09-03 19:40:19.193988,3.975359342915811
EMP01412,Karan Joshi,Male,30,IT,QA Analyst,Chennai,Full-Time,2024-07-23,Active,,,4,642588,10,2024,July,23,2026-09-03 19:40:19.193988,2.113620807665982
EMP01413,Anita Singh,Female,54,Marketing,Marketing Executive,Pune,Full-Time,2022-09-21,Active,,,4,486182,20,2022,September,21,2026-09-03 19:40:19.193988,3.9507186858316223
EMP01414,Sanjay Yadav,Male,29,IT,QA Analyst,Delhi,Full-Time,2019-11-15,Active,,,2,635912,22,2019,November,15,2026-09-03 19:40:19.193988,6.80082135523614
EMP01415,Kiran Singh,Female,49,Customer Support,Support Executive,Noida,Intern,2018-05-20,Inactive,2020-06-01,Better Opportunity,4,316032,16,2018,May,20,2020-06-01 00:00:00.000000,2.0342231348391513
EMP01416,Arun Rathore,Male,57,Sales,Sales Manager,Mumbai,Full-Time,2022-07-06,Active,,,3,870621,10,2022,July,6,2026-09-03 19:40:19.193988,4.161533196440794
EMP01417,Rajesh Chopra,Male,24,Operations,Team Lead,Hyderabad,Full-Time,2019-03-18,Inactive,2023-05-09,Performance Issue,4,849988,20,2019,March,18,2023-05-09 00:00:00.000000,4.142368240930869
EMP01418,Sunil Rathore,Male,30,Operations,Operations Manager,Noida,Contract,2023-05-09,Active,,,3,1025534,18,2023,May,9,2026-09-03 19:40:19.193988,3.3210130047912387
EMP01419,Preeti Gupta,Female,45,IT,Senior Engineer,Delhi,Intern,2024-08-28,Active,,,1,1340834,10,2024,August,28,2026-09-03 19:40:19.193988,2.0150581793292264
EMP01420,Sunil Yadav,Male,39,Sales,Regional Sales Head,Chennai,Full-Time,2024-08-05,Active,,,2,1599766,9,2024,August,5,2026-09-03 19:40:19.193988,2.078028747433265
EMP01421,Praveen Nair,Male,55,Finance,Accountant,Hyderabad,Contract,2023-10-22,Active,,,3,593813,13,2023,October,22,2026-09-03 19:40:19.193988,2.86652977412731
EMP01422,Ashok Nair,Male,33,Operations,Operations Manager,Bangalore,Full-Time,2026-06-29,Active,,,5,780096,23,2026,June,29,2026-09-03 19:40:19.193988,0.1806981519507187
EMP01423,Sanjay Rathore,Male,42,Marketing,Content Specialist,Bangalore,Full-Time,2024-06-13,Inactive,2025-05-30,Personal Reasons,2,448710,8,2024,June,13,2025-05-30 00:00:00.000000,0.9609856262833676
EMP01424,Kiran Malhotra,Female,38,Marketing,Marketing Executive,Mumbai,Full-Time,2021-03-27,Active,,,3,518124,7,2021,March,27,2026-09-03 19:40:19.193988,5.437371663244353
EMP01425,Manoj Kumar,Male,54,HR,HR Executive,Mumbai,Intern,2024-03-11,Active,,,3,344376,1,2024,March,11,2026-09-03 19:40:19.193988,2.4804928131416837
EMP01426,Karan Bansal,Male,23,IT,Senior Engineer,Delhi,Full-Time,2023-06-24,Active,,,3,1251555,18,2023,June,24,2026-09-03 19:40:19.193988,3.1950718685831623
EMP01427,Swati Malhotra,Female,40,IT,Senior Engineer,Noida,Contract,2023-02-02,Active,,,2,1477450,3,2023,February,2,2026-09-03 19:40:19.193988,3.583846680355921
EMP01428,Nisha Rathore,Female,30,Customer Support,Support Team Lead,Bangalore,Full-Time,2018-12-22,Active,,,5,685592,3,2018,December,22,2026-09-03 19:40:19.193988,7.698836413415469
EMP01429,Vikas Gupta,Male,42,Customer Support,Support Executive,Chennai,Full-Time,2018-11-01,Inactive,2022-10-04,Relocation,3,360984,23,2018,November,1,2022-10-04 00:00:00.000000,3.923340177960301
EMP01430,Rohit Gupta,Male,28,IT,IT Manager,Delhi,Full-Time,2022-11-11,Active,,,2,2335357,10,2022,November,11,2026-09-03 19:40:19.193988,3.811088295687885
EMP01431,Sanjay Bansal,Male,24,HR,Recruiter,Noida,Full-Time,2025-01-08,Active,,,2,495411,7,2025,January,8,2026-09-03 19:40:19.193988,1.6509240246406571
EMP01432,Ravi Chopra,Male,34,Marketing,Marketing Manager,Noida,Full-Time,2020-06-20,Active,,,2,865044,5,2020,June,20,2026-09-03 19:40:19.193988,6.203969883641341
EMP01433,Praveen Reddy,Male,27,Customer Support,Support Executive,Mumbai,Full-Time,2025-02-13,Active,,,3,417501,23,2025,February,13,2026-09-03 19:40:19.193988,1.5523613963039014
EMP01434,Meena Sharma,Female,57,Finance,Finance Manager,Delhi,Full-Time,2023-07-03,Active,,,4,1247395,1,2023,July,3,2026-09-03 19:40:19.193988,3.1704312114989732
EMP01435,Swati Patel,Female,37,IT,QA Analyst,Chennai,Full-Time,2024-07-19,Active,,,3,574031,21,2024,July,19,2026-09-03 19:40:19.193988,2.1245722108145104
EMP01436,Sunita Reddy,Female,53,Marketing,Marketing Executive,Bangalore,Full-Time,2025-06-29,Active,,,5,495904,19,2025,June,29,2026-09-03 19:40:19.193988,1.1800136892539357
EMP01437,Vikas Bansal,Male,36,Operations,Operations Manager,Bangalore,Full-Time,2019-01-31,Inactive,2022-06-20,Performance Issue,5,1113970,10,2019,January,31,2022-06-20 00:00:00.000000,3.383983572895277
EMP01438,Rekha Rathore,Female,42,Operations,Operations Executive,Mumbai,Full-Time,2023-03-19,Active,,,4,415393,12,2023,March,19,2026-09-03 19:40:19.193988,3.460643394934976
EMP01439,Ravi Kapoor,Male,37,Operations,Operations Manager,Hyderabad,Contract,2022-08-15,Inactive,2024-04-14,Retirement,3,842438,13,2022,August,15,2024-04-14 00:00:00.000000,1.6646132785763177
EMP01440,Neha Bansal,Female,42,HR,HR Manager,Bangalore,Full-Time,2025-07-27,Active,,,3,1056250,13,2025,July,27,2026-09-03 19:40:19.193988,1.103353867214237
EMP01441,Divya Patel,Female,36,Customer Support,Support Executive,Bangalore,Contract,2023-06-12,Active,,,2,412093,9,2023,June,12,2026-09-03 19:40:19.193988,3.2279260780287475
EMP01442,Nisha Rathore,Female,56,Operations,Operations Executive,Hyderabad,Full-Time,2019-11-14,Active,,,2,462048,19,2019,November,14,2026-09-03 19:40:19.193988,6.803559206023272
EMP01443,Gaurav Nair,Male,23,Customer Support,Support Executive,Hyderabad,Full-Time,2024-01-20,Active,,,4,300456,12,2024,January,20,2026-09-03 19:40:19.193988,2.620123203285421
EMP01444,Vijay Nair,Male,57,Operations,Operations Manager,Noida,Full-Time,2026-08-04,Active,,,3,782717,6,2026,August,4,2026-09-03 19:40:19.193988,0.08213552361396304
EMP01445,Suman Bansal,Female,47,Sales,Sales Executive,Mumbai,Full-Time,2024-01-04,Active,,,3,376693,5,2024,January,4,2026-09-03 19:40:19.193988,2.6639288158795345
EMP01446,Suman Nair,Female,37,HR,HR Manager,Mumbai,Full-Time,2024-03-14,Active,,,2,777986,0,2024,March,14,2026-09-03 19:40:19.193988,2.4722792607802875
EMP01447,Rohit Singh,Male,24,Customer Support,Support Team Lead,Noida,Full-Time,2023-06-10,Inactive,2025-04-17,Better Opportunity,4,565201,24,2023,June,10,2025-04-17 00:00:00.000000,1.8535249828884326
EMP01448,Rekha Verma,Female,46,IT,IT Manager,Chennai,Full-Time,2019-05-22,Active,,,4,1804954,23,2019,May,22,2026-09-03 19:40:19.193988,7.285420944558521
EMP01449,Shreya Gupta,Female,48,Customer Support,Support Executive,Delhi,Full-Time,2023-08-29,Inactive,2024-09-02,Better Opportunity,4,400522,12,2023,August,29,2024-09-02 00:00:00.000000,1.0130047912388775
EMP01450,Sanjay Desai,Male,49,Admin,Office Manager,Noida,Intern,2021-08-18,Active,,,2,515623,8,2021,August,18,2026-09-03 19:40:19.193988,5.04312114989733
EMP01451,Sunil Mishra,Male,58,Sales,Sales Executive,Bangalore,Full-Time,2025-05-11,Active,,,4,386598,2,2025,May,11,2026-09-03 19:40:19.193988,1.3141683778234086
EMP01452,Deepak Rathore,Male,40,Sales,Regional Sales Head,Bangalore,Full-Time,2023-06-03,Active,,,5,1913906,7,2023,June,3,2026-09-03 19:40:19.193988,3.252566735112936
EMP01453,Divya Sharma,Female,45,HR,HR Manager,Chennai,Full-Time,2022-06-01,Active,,,5,1022248,14,2022,June,1,2026-09-03 19:40:19.193988,4.257357973990418
EMP01454,Rekha Chopra,Female,36,IT,Software Engineer,Pune,Full-Time,2026-08-25,Active,,,2,728505,3,2026,August,25,2026-09-03 19:40:19.193988,0.024640657084188913
EMP01455,Ashok Nair,Male,27,Marketing,Marketing Executive,Noida,Contract,2025-01-24,Inactive,2025-09-14,Personal Reasons,3,538168,15,2025,January,24,2025-09-14 00:00:00.000000,0.6379192334017796
EMP01456,Isha Joshi,Female,52,HR,HR Executive,Mumbai,Full-Time,2022-07-10,Active,,,4,474344,24,2022,July,10,2026-09-03 19:40:19.193988,4.1505817932922655
EMP01457,Deepak Verma,Male,41,IT,QA Analyst,Bangalore,Full-Time,2022-08-14,Active,,,2,651051,1,2022,August,14,2026-09-03 19:40:19.193988,4.054757015742642
EMP01458,Rajesh Chopra,Male,39,Finance,Financial Analyst,Pune,Intern,2018-01-23,Active,,,3,748809,15,2018,January,23,2026-09-03 19:40:19.193988,8.61054072553046
EMP01459,Snehal Kapoor,Female,42,HR,HR Manager,Chennai,Full-Time,2020-08-23,Active,,,3,938878,17,2020,August,23,2026-09-03 19:40:19.193988,6.028747433264887
EMP01460,Pooja Singh,Female,46,HR,HR Manager,Chennai,Full-Time,2018-11-14,Inactive,2019-03-09,Personal Reasons,4,952178,3,2018,November,14,2019-03-09 00:00:00.000000,0.31485284052019163
EMP01461,Anil Mishra,Male,24,Sales,Sales Manager,Noida,Full-Time,2019-04-11,Active,,,1,943266,20,2019,April,11,2026-09-03 19:40:19.193988,7.397672826830938
EMP01462,Preeti Kapoor,Female,48,IT,Senior Engineer,Chennai,Full-Time,2024-02-19,Active,,,4,1259310,13,2024,February,19,2026-09-03 19:40:19.193988,2.537987679671458
EMP01463,Ashok Patel,Male,45,Finance,Financial Analyst,Bangalore,Full-Time,2024-11-24,Active,,,5,595645,9,2024,November,24,2026-09-03 19:40:19.193988,1.7741273100616017
EMP01464,Preeti Mishra,Female,38,Customer Support,Support Team Lead,Hyderabad,Full-Time,2024-10-12,Active,,,4,560548,10,2024,October,12,2026-09-03 19:40:19.193988,1.891854893908282
EMP01465,Ravi Yadav,Male,22,Sales,Regional Sales Head,Chennai,Full-Time,2023-04-25,Active,,,3,1659042,15,2023,April,25,2026-09-03 19:40:19.193988,3.359342915811088
EMP01466,Vijay Sharma,Male,34,Finance,Finance Manager,Chennai,Full-Time,2020-02-08,Active,,,3,1171601,10,2020,February,8,2026-09-03 19:40:19.193988,6.568104038329911
EMP01467,Anjali Verma,Female,32,HR,Recruiter,Pune,Full-Time,2024-08-31,Inactive,2026-08-12,Retirement,3,541501,11,2024,August,31,2026-08-12 00:00:00.000000,1.946611909650924
EMP01468,Priya Mishra,Female,41,Marketing,Marketing Manager,Bangalore,Full-Time,2022-10-12,Active,,,3,1098955,8,2022,October,12,2026-09-03 19:40:19.193988,3.893223819301848
EMP01469,Snehal Bansal,Female,26,Operations,Team Lead,Chennai,Full-Time,2020-04-09,Active,,,3,623833,6,2020,April,9,2026-09-03 19:40:19.193988,6.401095140314853
EMP01470,Shreya Yadav,Female,30,Marketing,Marketing Manager,Hyderabad,Full-Time,2019-02-24,Active,,,3,1030680,24,2019,February,24,2026-09-03 19:40:19.193988,7.523613963039014
EMP01471,Arun Nair,Male,39,Marketing,Content Specialist,Noida,Full-Time,2024-08-22,Active,,,5,572453,19,2024,August,22,2026-09-03 19:40:19.193988,2.0314852840520192
EMP01472,Praveen Mishra,Male,35,Finance,Accountant,Delhi,Full-Time,2020-08-07,Inactive,2022-05-29,Personal Reasons,5,457963,0,2020,August,7,2022-05-29 00:00:00.000000,1.8069815195071868
EMP01473,Anita Gupta,Female,50,HR,HR Executive,Mumbai,Full-Time,2023-09-27,Active,,,3,415470,9,2023,September,27,2026-09-03 19:40:19.193988,2.9349760438056127
EMP01474,Rohit Singh,Male,46,Sales,Sales Executive,Hyderabad,Full-Time,2022-05-30,Active,,,3,452999,11,2022,May,30,2026-09-03 19:40:19.193988,4.262833675564682
EMP01475,Ritu Agarwal,Female,35,IT,IT Manager,Hyderabad,Intern,2018-11-17,Active,,,3,2456391,8,2018,November,17,2026-09-03 19:40:19.193988,7.794661190965092
EMP01476,Kavita Rathore,Female,38,Finance,Financial Analyst,Pune,Full-Time,2023-07-01,Active,,,3,697555,13,2023,July,1,2026-09-03 19:40:19.193988,3.1759069130732374
EMP01477,Vikas Yadav,Male,51,Marketing,Marketing Executive,Noida,Full-Time,2022-02-06,Active,,,4,444778,13,2022,February,6,2026-09-03 19:40:19.193988,4.572210814510609
EMP01478,Sanjay Desai,Male,45,Sales,Regional Sales Head,Mumbai,Full-Time,2022-04-16,Inactive,2026-08-24,Better Opportunity,5,1671001,11,2022,April,16,2026-08-24 00:00:00.000000,4.355920602327173
EMP01479,Preeti Mishra,Female,43,HR,HR Executive,Hyderabad,Full-Time,2021-06-25,Inactive,2023-09-18,Relocation,2,420446,0,2021,June,25,2023-09-18 00:00:00.000000,2.2313483915126624
EMP01480,Aarti Patel,Female,52,Marketing,Marketing Executive,Chennai,Full-Time,2021-01-31,Active,,,3,561732,22,2021,January,31,2026-09-03 19:40:19.193988,5.587953456536619
EMP01481,Manoj Patel,Male,52,Admin,Admin Executive,Hyderabad,Full-Time,2018-05-05,Active,,,4,386013,15,2018,May,5,2026-09-03 19:40:19.193988,8.331279945242985
EMP01482,Anil Kapoor,Male,56,Operations,Team Lead,Noida,Full-Time,2025-04-06,Active,,,4,605694,0,2025,April,6,2026-09-03 19:40:19.193988,1.4099931553730323
EMP01483,Gaurav Kumar,Male,27,Customer Support,Support Executive,Noida,Full-Time,2019-06-24,Active,,,3,415912,1,2019,June,24,2026-09-03 19:40:19.193988,7.195071868583162
EMP01484,Sunil Verma,Male,39,Admin,Office Manager,Delhi,Full-Time,2024-02-07,Active,,,4,556603,19,2024,February,7,2026-09-03 19:40:19.193988,2.5708418891170433
EMP01485,Priya Nair,Female,45,IT,IT Manager,Chennai,Full-Time,2019-11-25,Active,,,3,2452436,12,2019,November,25,2026-09-03 19:40:19.193988,6.7734428473648185
EMP01486,Naveen Verma,Male,54,IT,Software Engineer,Mumbai,Full-Time,2026-07-16,Active,,,4,669658,5,2026,July,16,2026-09-03 19:40:19.193988,0.13415468856947296
EMP01487,Nisha Verma,Female,54,IT,IT Manager,Hyderabad,Full-Time,2020-03-24,Active,,,1,2208239,0,2020,March,24,2026-09-03 19:40:19.193988,6.444900752908967
EMP01488,Ritu Patel,Female,43,Operations,Team Lead,Bangalore,Full-Time,2019-04-28,Active,,,2,829109,2,2019,April,28,2026-09-03 19:40:19.193988,7.351129363449692
EMP01489,Isha Malhotra,Female,33,Marketing,Marketing Executive,Delhi,Full-Time,2019-01-06,Active,,,4,415918,18,2019,January,6,2026-09-03 19:40:19.193988,7.657768651608487
EMP01490,Amit Yadav,Male,45,IT,Software Engineer,Mumbai,Full-Time,2025-02-26,Active,,,4,840615,7,2025,February,26,2026-09-03 19:40:19.193988,1.516769336071184
EMP01491,Ashok Mishra,Male,46,Customer Support,Support Executive,Bangalore,Full-Time,2018-08-07,Active,,,4,322420,4,2018,August,7,2026-09-03 19:40:19.193988,8.073921971252567
EMP01492,Nikhil Nair,Male,39,Customer Support,Support Team Lead,Mumbai,Contract,2020-02-11,Active,,,2,552506,9,2020,February,11,2026-09-03 19:40:19.193988,6.5598904859685145
EMP01493,Shreya Malhotra,Female,44,Operations,Operations Manager,Delhi,Full-Time,2023-06-30,Active,,,3,890589,20,2023,June,30,2026-09-03 19:40:19.193988,3.1786447638603694
EMP01494,Preeti Malhotra,Female,46,Customer Support,Support Executive,Delhi,Full-Time,2024-07-25,Inactive,2026-04-28,Personal Reasons,5,436625,13,2024,July,25,2026-04-28 00:00:00.000000,1.757700205338809
EMP01495,Vikas Reddy,Male,54,Sales,Sales Executive,Bangalore,Full-Time,2025-11-05,Active,,,3,458901,8,2025,November,5,2026-09-03 19:40:19.193988,0.8268309377138946
EMP01496,Pooja Agarwal,Female,51,Sales,Sales Executive,Bangalore,Intern,2020-06-12,Active,,,1,487507,16,2020,June,12,2026-09-03 19:40:19.193988,6.225872689938399
EMP01497,Anil Kapoor,Male,42,Sales,Sales Executive,Pune,Full-Time,2024-07-31,Active,,,5,400465,18,2024,July,31,2026-09-03 19:40:19.193988,2.0917180013689256
EMP01498,Neha Nair,Female,44,Operations,Team Lead,Delhi,Full-Time,2025-01-22,Active,,,3,597211,13,2025,January,22,2026-09-03 19:40:19.193988,1.6125941136208077
EMP01499,Praveen Nair,Male,33,Finance,Finance Manager,Chennai,Full-Time,2019-02-15,Active,,,4,1069761,14,2019,February,15,2026-09-03 19:40:19.193988,7.5482546201232035
EMP01500,Karan Yadav,Male,51,Operations,Operations Executive,Pune,Full-Time,2024-11-30,Active,,,2,473675,23,2024,November,30,2026-09-03 19:40:19.193988,1.757700205338809
EMP01501,Divya Kapoor,Female,45,Sales,Sales Executive,Bangalore,Contract,2026-02-10,Active,,,4,417209,12,2026,February,10,2026-09-03 19:40:19.193988,0.5612594113620808
EMP01502,Ashok Verma,Male,28,Admin,Admin Executive,Noida,Full-Time,2023-09-08,Active,,,2,405870,18,2023,September,8,2026-09-03 19:40:19.193988,2.9869952087611225
EMP01503,Divya Chopra,Female,32,IT,Software Engineer,Mumbai,Full-Time,2023-09-29,Active,,,4,843246,22,2023,September,29,2026-09-03 19:40:19.193988,2.9295003422313486
EMP01504,Preeti Mishra,Female,30,Finance,Financial Analyst,Noida,Full-Time,2019-07-26,Active,,,4,757528,1,2019,July,26,2026-09-03 19:40:19.193988,7.107460643394935
EMP01505,Vijay Reddy,Male,51,Finance,Accountant,Noida,Full-Time,2021-11-18,Active,,,2,517117,21,2021,November,18,2026-09-03 19:40:19.193988,4.791238877481177
EMP01506,Ravi Mishra,Male,27,Customer Support,Support Executive,Bangalore,Contract,2021-06-13,Active,,,2,417586,13,2021,June,13,2026-09-03 19:40:19.193988,5.223819301848049
EMP01507,Vijay Joshi,Male,45,IT,Senior Engineer,Chennai,Contract,2024-03-24,Inactive,2024-11-02,Relocation,2,1156955,17,2024,March,24,2024-11-02 00:00:00.000000,0.6105407255304586
EMP01508,Divya Mishra,Female,51,Sales,Sales Manager,Chennai,Full-Time,2022-03-22,Active,,,3,1039700,3,2022,March,22,2026-09-03 19:40:19.193988,4.4517453798767965
EMP01509,Divya Kumar,Female,47,IT,IT Manager,Noida,Full-Time,2019-07-01,Active,,,3,2418417,21,2019,July,1,2026-09-03 19:40:19.193988,7.175906913073238
EMP01510,Swati Desai,Female,44,Customer Support,Support Team Lead,Hyderabad,Full-Time,2018-10-21,Active,,,4,687702,18,2018,October,21,2026-09-03 19:40:19.193988,7.868583162217659
EMP01511,Amit Joshi,Male,37,Sales,Regional Sales Head,Mumbai,Full-Time,2026-08-12,Active,,,2,1774692,0,2026,August,12,2026-09-03 19:40:19.193988,0.06023271731690623
EMP01512,Aarti Desai,Female,36,Operations,Operations Manager,Delhi,Full-Time,2025-03-29,Inactive,2025-09-01,Better Opportunity,3,841043,13,2025,March,29,2025-09-01 00:00:00.000000,0.4271047227926078
EMP01513,Pooja Nair,Female,49,Customer Support,Support Team Lead,Chennai,Full-Time,2020-01-07,Inactive,2023-09-02,Performance Issue,5,672065,15,2020,January,7,2023-09-02 00:00:00.000000,3.652292950034223
EMP01514,Rahul Patel,Male,47,HR,HR Manager,Mumbai,Full-Time,2019-11-01,Active,,,3,1065323,14,2019,November,1,2026-09-03 19:40:19.193988,6.839151266255989
EMP01515,Vijay Iyer,Male,47,Finance,Financial Analyst,Chennai,Full-Time,2019-02-20,Active,,,4,555678,10,2019,February,20,2026-09-03 19:40:19.193988,7.534565366187543
EMP01516,Ravi Chopra,Male,22,IT,QA Analyst,Chennai,Full-Time,2023-02-06,Active,,,3,678682,12,2023,February,6,2026-09-03 19:40:19.193988,3.572895277207392
EMP01517,Naveen Verma,Male,29,Operations,Operations Manager,Pune,Full-Time,2020-11-25,Active,,,3,1053870,14,2020,November,25,2026-09-03 19:40:19.193988,5.771389459274469
EMP01518,Rohit Iyer,Male,56,IT,QA Analyst,Chennai,Contract,2021-10-04,Active,,,3,492067,5,2021,October,4,2026-09-03 19:40:19.193988,4.914442162902122
EMP01519,Naveen Bansal,Male,27,Finance,Finance Manager,Noida,Full-Time,2025-07-26,Inactive,2026-03-15,Higher Studies,1,1194667,6,2025,July,26,2026-03-15 00:00:00.000000,0.6351813826146475
EMP01520,Rohit Desai,Male,49,Finance,Financial Analyst,Noida,Full-Time,2023-02-07,Inactive,2024-11-04,Better Opportunity,3,584103,15,2023,February,7,2024-11-04 00:00:00.000000,1.7412731006160165
EMP01521,Sunil Iyer,Male,45,Admin,Admin Executive,Hyderabad,Full-Time,2025-09-12,Active,,,3,344744,9,2025,September,12,2026-09-03 19:40:19.193988,0.974674880219028
EMP01522,Amit Bansal,Male,44,HR,HR Manager,Mumbai,Full-Time,2021-04-16,Active,,,3,925837,9,2021,April,16,2026-09-03 19:40:19.193988,5.382614647501711
EMP01523,Neha Desai,Female,24,Sales,Sales Executive,Bangalore,Full-Time,2026-03-17,Active,,,4,403394,5,2026,March,17,2026-09-03 19:40:19.193988,0.4654346338124572
EMP01524,Vijay Bansal,Male,31,Marketing,Marketing Executive,Mumbai,Full-Time,2026-02-24,Active,,,4,460098,8,2026,February,24,2026-09-03 19:40:19.193988,0.5229295003422314
EMP01525,Vikas Malhotra,Male,55,Customer Support,Support Executive,Noida,Full-Time,2026-03-21,Active,,,4,303189,10,2026,March,21,2026-09-03 19:40:19.193988,0.4544832306639288
EMP01526,Vikas Verma,Male,28,Operations,Operations Executive,Hyderabad,Full-Time,2026-02-12,Active,,,5,521684,2,2026,February,12,2026-09-03 19:40:19.193988,0.5557837097878165
EMP01527,Rajesh Reddy,Male,33,Sales,Sales Manager,Pune,Full-Time,2018-04-02,Active,,,2,857468,20,2018,April,2,2026-09-03 19:40:19.193988,8.421629021218344
EMP01528,Vijay Rathore,Male,58,Customer Support,Support Executive,Noida,Intern,2020-02-24,Active,,,3,339948,16,2020,February,24,2026-09-03 19:40:19.193988,6.524298425735798
EMP01529,Snehal Joshi,Female,45,Finance,Financial Analyst,Noida,Full-Time,2018-07-20,Active,,,4,608454,13,2018,July,20,2026-09-03 19:40:19.193988,8.123203285420944
EMP01530,Shreya Yadav,Female,24,Admin,Office Manager,Hyderabad,Full-Time,2025-07-13,Active,,,4,728339,21,2025,July,13,2026-09-03 19:40:19.193988,1.1416837782340863
EMP01531,Ashok Patel,Male,23,Sales,Sales Executive,Pune,Full-Time,2020-04-28,Active,,,5,445154,8,2020,April,28,2026-09-03 19:40:19.193988,6.349075975359343
EMP01532,Shreya Malhotra,Female,42,Operations,Team Lead,Noida,Full-Time,2025-02-13,Inactive,2025-08-07,Better Opportunity,3,793522,7,2025,February,13,2025-08-07 00:00:00.000000,0.4791238877481177
EMP01533,Vijay Desai,Male,51,IT,IT Manager,Chennai,Full-Time,2025-12-26,Active,,,4,2207818,10,2025,December,26,2026-09-03 19:40:19.193988,0.6872005475701575
EMP01534,Karan Chauhan,Male,43,Sales,Sales Manager,Hyderabad,Full-Time,2018-02-21,Active,,,2,889691,14,2018,February,21,2026-09-03 19:40:19.193988,8.531143052703628
EMP01535,Ravi Malhotra,Male,32,Customer Support,Support Team Lead,Mumbai,Full-Time,2023-12-21,Active,,,4,571366,1,2023,December,21,2026-09-03 19:40:19.193988,2.702258726899384
EMP01536,Nikhil Gupta,Male,27,IT,QA Analyst,Hyderabad,Full-Time,2021-11-15,Active,,,4,684171,11,2021,November,15,2026-09-03 19:40:19.193988,4.799452429842574
EMP01537,Ritu Reddy,Female,51,Sales,Sales Manager,Pune,Full-Time,2025-07-25,Inactive,2026-08-08,Retirement,3,825024,11,2025,July,25,2026-08-08 00:00:00.000000,1.0376454483230664
EMP01538,Isha Rathore,Female,40,Customer Support,Support Team Lead,Noida,Full-Time,2018-04-06,Active,,,3,627781,7,2018,April,6,2026-09-03 19:40:19.193988,8.410677618069816
EMP01539,Arun Bansal,Male,29,Sales,Sales Executive,Pune,Full-Time,2024-10-22,Inactive,2025-08-01,Personal Reasons,1,498740,18,2024,October,22,2025-08-01 00:00:00.000000,0.7748117727583846
EMP01540,Ritu Yadav,Female,47,Operations,Operations Executive,Noida,Full-Time,2026-03-28,Active,,,4,416140,6,2026,March,28,2026-09-03 19:40:19.193988,0.4353182751540041
EMP01541,Naveen Desai,Male,45,IT,IT Manager,Bangalore,Full-Time,2026-08-22,Active,,,3,2231387,21,2026,August,22,2026-09-03 19:40:19.193988,0.03285420944558522
EMP01542,Rajesh Agarwal,Male,36,Finance,Financial Analyst,Hyderabad,Full-Time,2022-05-26,Active,,,5,681156,14,2022,May,26,2026-09-03 19:40:19.193988,4.27378507871321
EMP01543,Ashok Malhotra,Male,47,Sales,Sales Executive,Noida,Full-Time,2019-12-29,Active,,,4,425226,10,2019,December,29,2026-09-03 19:40:19.193988,6.680355920602327
EMP01544,Sunil Yadav,Male,48,Customer Support,Support Executive,Pune,Full-Time,2024-07-04,Active,,,3,354941,20,2024,July,4,2026-09-03 19:40:19.193988,2.1656399726214923
EMP01545,Amit Desai,Male,54,Sales,Sales Executive,Mumbai,Full-Time,2024-11-02,Active,,,3,435930,23,2024,November,2,2026-09-03 19:40:19.193988,1.834360027378508
EMP01546,Naveen Sharma,Male,32,IT,IT Manager,Hyderabad,Full-Time,2020-10-20,Active,,,5,2077530,2,2020,October,20,2026-09-03 19:40:19.193988,5.8699520876112254
EMP01547,Vikas Sharma,Male,46,Operations,Team Lead,Hyderabad,Full-Time,2025-05-03,Active,,,3,836762,5,2025,May,3,2026-09-03 19:40:19.193988,1.3360711841204653
EMP01548,Sunil Iyer,Male,33,Sales,Regional Sales Head,Noida,Full-Time,2020-09-07,Active,,,4,2043210,6,2020,September,7,2026-09-03 19:40:19.193988,5.987679671457905
EMP01549,Anita Kumar,Female,35,Customer Support,Support Team Lead,Delhi,Full-Time,2018-05-07,Active,,,2,620206,21,2018,May,7,2026-09-03 19:40:19.193988,8.32580424366872
EMP01550,Gaurav Malhotra,Male,51,Customer Support,Support Executive,Noida,Full-Time,2019-12-26,Active,,,2,313062,19,2019,December,26,2026-09-03 19:40:19.193988,6.6885694729637235
EMP01551,Anita Yadav,Female,26,HR,HR Executive,Pune,Contract,2026-02-05,Inactive,2026-04-14,Higher Studies,4,448299,16,2026,February,5,2026-04-14 00:00:00.000000,0.1861738535249829
EMP01552,Praveen Chauhan,Male,38,Customer Support,Support Executive,Noida,Full-Time,2022-09-05,Active,,,3,372727,22,2022,September,5,2026-09-03 19:40:19.193988,3.994524298425736
EMP01553,Gaurav Bansal,Male,52,Sales,Regional Sales Head,Delhi,Full-Time,2022-12-02,Active,,,2,1573046,12,2022,December,2,2026-09-03 19:40:19.193988,3.753593429158111
EMP01554,Rahul Iyer,Male,50,IT,QA Analyst,Chennai,Full-Time,2023-09-27,Active,,,4,494792,4,2023,September,27,2026-09-03 19:40:19.193988,2.9349760438056127
EMP01555,Manoj Chopra,Male,45,IT,Software Engineer,Chennai,Full-Time,2019-11-24,Active,,,2,690153,7,2019,November,24,2026-09-03 19:40:19.193988,6.776180698151951
EMP01556,Kiran Mishra,Female,26,Operations,Operations Manager,Delhi,Full-Time,2021-09-13,Active,,,3,1020269,24,2021,September,13,2026-09-03 19:40:19.193988,4.971937029431896
EMP01557,Deepak Patel,Male,50,Marketing,Marketing Manager,Bangalore,Full-Time,2025-09-23,Active,,,5,978642,8,2025,September,23,2026-09-03 19:40:19.193988,0.944558521560575
EMP01558,Isha Patel,Female,30,HR,Recruiter,Delhi,Full-Time,2026-07-16,Active,,,5,434417,7,2026,July,16,2026-09-03 19:40:19.193988,0.13415468856947296
EMP01559,Vikas Chopra,Male,41,Sales,Sales Manager,Chennai,Full-Time,2021-04-07,Active,,,4,821988,20,2021,April,7,2026-09-03 19:40:19.193988,5.4072553045859
EMP01560,Ritu Kapoor,Female,40,Marketing,Content Specialist,Pune,Contract,2025-07-20,Inactive,2025-11-22,Personal Reasons,4,546489,12,2025,July,20,2025-11-22 00:00:00.000000,0.34223134839151265
EMP01561,Shreya Joshi,Female,41,Sales,Sales Executive,Noida,Full-Time,2020-05-16,Inactive,2020-09-02,Relocation,4,398265,16,2020,May,16,2020-09-02 00:00:00.000000,0.29842573579739906
EMP01562,Preeti Chauhan,Female,44,Marketing,Marketing Manager,Hyderabad,Full-Time,2019-11-29,Active,,,4,1030611,16,2019,November,29,2026-09-03 19:40:19.193988,6.76249144421629
EMP01563,Anita Agarwal,Female,32,Sales,Sales Manager,Pune,Full-Time,2023-06-11,Active,,,2,938538,15,2023,June,11,2026-09-03 19:40:19.193988,3.2306639288158796
EMP01564,Arun Sharma,Male,36,Sales,Regional Sales Head,Delhi,Full-Time,2021-11-03,Active,,,3,1691503,8,2021,November,3,2026-09-03 19:40:19.193988,4.832306639288158
EMP01565,Gaurav Singh,Male,53,Marketing,Content Specialist,Mumbai,Full-Time,2021-12-31,Active,,,3,607540,0,2021,December,31,2026-09-03 19:40:19.193988,4.673511293634497
EMP01566,Rohit Joshi,Male,24,Customer Support,Support Executive,Bangalore,Full-Time,2025-06-13,Active,,,5,311337,10,2025,June,13,2026-09-03 19:40:19.193988,1.2238193018480492
EMP01567,Preeti Gupta,Female,56,Finance,Finance Manager,Hyderabad,Intern,2023-12-31,Active,,,2,1361992,1,2023,December,31,2026-09-03 19:40:19.193988,2.674880219028063
EMP01568,Sunil Chopra,Male,38,Marketing,Content Specialist,Mumbai,Full-Time,2020-09-29,Active,,,5,461536,20,2020,September,29,2026-09-03 19:40:19.193988,5.927446954141
EMP01569,Deepak Joshi,Male,33,Finance,Financial Analyst,Chennai,Full-Time,2023-02-12,Inactive,2024-10-08,Retirement,4,624643,23,2023,February,12,2024-10-08 00:00:00.000000,1.6536618754277892
EMP01570,Sanjay Gupta,Male,25,IT,Senior Engineer,Hyderabad,Full-Time,2021-05-25,Active,,,2,1231849,24,2021,May,25,2026-09-03 19:40:19.193988,5.27583846680356
EMP01571,Isha Kapoor,Female,25,Marketing,Marketing Manager,Delhi,Full-Time,2024-01-09,Active,,,4,1048384,6,2024,January,9,2026-09-03 19:40:19.193988,2.650239561943874
EMP01572,Praveen Singh,Male,34,Marketing,Marketing Manager,Delhi,Contract,2023-05-04,Inactive,2024-09-15,Retirement,3,992647,18,2023,May,4,2024-09-15 00:00:00.000000,1.3689253935660506
EMP01573,Priya Chopra,Female,50,HR,HR Manager,Noida,Full-Time,2019-04-02,Active,,,3,835127,20,2019,April,2,2026-09-03 19:40:19.193988,7.422313483915127
EMP01574,Aarti Malhotra,Female,48,IT,Software Engineer,Bangalore,Contract,2026-06-18,Active,,,4,732929,5,2026,June,18,2026-09-03 19:40:19.193988,0.2108145106091718
EMP01575,Rajesh Agarwal,Male,41,Sales,Sales Manager,Hyderabad,Full-Time,2021-03-08,Active,,,3,956588,10,2021,March,8,2026-09-03 19:40:19.193988,5.489390828199863
EMP01576,Shreya Bansal,Female,50,HR,Recruiter,Bangalore,Full-Time,2025-01-07,Inactive,2025-09-10,Performance Issue,4,383673,16,2025,January,7,2025-09-10 00:00:00.000000,0.6735112936344969
EMP01577,Praveen Kapoor,Male,49,HR,HR Executive,Mumbai,Full-Time,2018-09-26,Active,,,3,355130,14,2018,September,26,2026-09-03 19:40:19.193988,7.9370294318959616
EMP01578,Rajesh Bansal,Male,36,Operations,Operations Executive,Mumbai,Full-Time,2019-03-22,Active,,,3,441298,10,2019,March,22,2026-09-03 19:40:19.193988,7.452429842573579
EMP01579,Preeti Kapoor,Female,35,IT,Software Engineer,Chennai,Full-Time,2021-05-14,Active,,,5,638287,5,2021,May,14,2026-09-03 19:40:19.193988,5.305954825462012
EMP01580,Meena Chauhan,Female,32,Marketing,Marketing Executive,Noida,Full-Time,2019-10-09,Active,,,1,475463,15,2019,October,9,2026-09-03 19:40:19.193988,6.9021218343600275
EMP01581,Gaurav Rathore,Male,38,Finance,Financial Analyst,Bangalore,Full-Time,2020-07-25,Active,,,3,775121,9,2020,July,25,2026-09-03 19:40:19.193988,6.108145106091718
EMP01582,Vikas Kumar,Male,44,Sales,Sales Manager,Bangalore,Intern,2026-02-24,Active,,,3,878524,9,2026,February,24,2026-09-03 19:40:19.193988,0.5229295003422314
EMP01583,Naveen Chopra,Male,22,Sales,Sales Manager,Noida,Full-Time,2022-09-05,Active,,,4,910469,13,2022,September,5,2026-09-03 19:40:19.193988,3.994524298425736
EMP01584,Vikas Kumar,Male,23,Finance,Finance Manager,Noida,Full-Time,2021-01-28,Active,,,4,1023973,21,2021,January,28,2026-09-03 19:40:19.193988,5.596167008898015
EMP01585,Manoj Reddy,Male,49,Sales,Sales Manager,Delhi,Full-Time,2021-08-11,Active,,,3,882246,17,2021,August,11,2026-09-03 19:40:19.193988,5.062286105407256
EMP01586,Sanjay Mishra,Male,39,Marketing,Content Specialist,Hyderabad,Full-Time,2022-12-08,Inactive,2024-06-17,Personal Reasons,4,490096,15,2022,December,8,2024-06-17 00:00:00.000000,1.5249828884325805
EMP01587,Nikhil Kapoor,Male,46,Sales,Sales Executive,Noida,Full-Time,2025-05-24,Active,,,5,485421,15,2025,May,24,2026-09-03 19:40:19.193988,1.2785763175906912
EMP01588,Deepak Patel,Male,25,Operations,Team Lead,Hyderabad,Full-Time,2022-03-17,Inactive,2025-12-15,Relocation,3,672292,11,2022,March,17,2025-12-15 00:00:00.000000,3.7481177275838466
EMP01589,Sunil Reddy,Male,26,Marketing,Marketing Executive,Pune,Contract,2019-07-05,Active,,,5,522043,13,2019,July,5,2026-09-03 19:40:19.193988,7.1649555099247095
EMP01590,Ravi Kumar,Male,34,HR,Recruiter,Bangalore,Contract,2024-06-09,Active,,,4,461387,10,2024,June,9,2026-09-03 19:40:19.193988,2.2340862422997945
EMP01591,Nikhil Bansal,Male,55,Finance,Financial Analyst,Bangalore,Full-Time,2024-03-30,Active,,,3,731788,4,2024,March,30,2026-09-03 19:40:19.193988,2.428473648186174
EMP01592,Vijay Nair,Male,35,Marketing,Marketing Manager,Noida,Full-Time,2023-01-01,Active,,,2,985464,14,2023,January,1,2026-09-03 19:40:19.193988,3.671457905544148
EMP01593,Vikas Nair,Male,38,Customer Support,Support Executive,Chennai,Full-Time,2025-11-23,Active,,,3,402171,0,2025,November,23,2026-09-03 19:40:19.193988,0.7775496235455168
EMP01594,Kavita Singh,Female,53,Customer Support,Support Team Lead,Pune,Full-Time,2022-06-12,Active,,,1,709601,1,2022,June,12,2026-09-03 19:40:19.193988,4.227241615331964
EMP01595,Preeti Iyer,Female,24,Operations,Operations Executive,Hyderabad,Intern,2022-11-26,Active,,,4,503677,10,2022,November,26,2026-09-03 19:40:19.193988,3.7700205338809036
EMP01596,Karan Kapoor,Male,26,Finance,Finance Manager,Hyderabad,Full-Time,2021-09-29,Active,,,3,1183734,17,2021,September,29,2026-09-03 19:40:19.193988,4.9281314168377826
EMP01597,Suresh Bansal,Male,27,Marketing,Marketing Executive,Noida,Full-Time,2023-10-05,Active,,,4,466820,20,2023,October,5,2026-09-03 19:40:19.193988,2.9130732375085557
EMP01598,Sanjay Gupta,Male,51,Marketing,Content Specialist,Pune,Full-Time,2021-02-08,Active,,,3,601108,23,2021,February,8,2026-09-03 19:40:19.193988,5.566050650239562
EMP01599,Kavita Nair,Female,58,Operations,Operations Executive,Mumbai,Intern,2025-04-07,Active,,,3,445655,22,2025,April,7,2026-09-03 19:40:19.193988,1.4072553045859
EMP01600,Naveen Sharma,Male,22,IT,QA Analyst,Hyderabad,Full-Time,2021-04-18,Active,,,4,553288,0,2021,April,18,2026-09-03 19:40:19.193988,5.377138945927447
EMP01601,Rekha Nair,Female,36,Customer Support,Support Team Lead,Mumbai,Full-Time,2020-11-26,Active,,,4,694266,17,2020,November,26,2026-09-03 19:40:19.193988,5.768651608487337
EMP01602,Sunil Mishra,Male,31,Customer Support,Support Team Lead,Chennai,Full-Time,2024-06-20,Active,,,3,545588,9,2024,June,20,2026-09-03 19:40:19.193988,2.2039698836413417
EMP01603,Anil Singh,Male,24,Customer Support,Support Executive,Hyderabad,Full-Time,2024-10-01,Active,,,3,373110,2,2024,October,1,2026-09-03 19:40:19.193988,1.9219712525667352
EMP01604,Anita Nair,Female,34,HR,HR Executive,Chennai,Full-Time,2020-05-05,Active,,,3,407885,8,2020,May,5,2026-09-03 19:40:19.193988,6.329911019849418
EMP01605,Deepak Mishra,Male,50,Customer Support,Support Team Lead,Delhi,Full-Time,2019-07-17,Inactive,2023-11-29,Better Opportunity,3,616548,23,2019,July,17,2023-11-29 00:00:00.000000,4.369609856262834
EMP01606,Meena Chauhan,Female,47,Finance,Accountant,Pune,Full-Time,2022-12-02,Active,,,3,579196,18,2022,December,2,2026-09-03 19:40:19.193988,3.753593429158111
EMP01607,Suresh Gupta,Male,55,Sales,Sales Executive,Hyderabad,Contract,2024-06-26,Inactive,2025-03-27,Better Opportunity,4,490511,23,2024,June,26,2025-03-27 00:00:00.000000,0.7501711156741958
EMP01608,Gaurav Iyer,Male,34,Marketing,Content Specialist,Bangalore,Full-Time,2022-08-28,Active,,,5,443158,16,2022,August,28,2026-09-03 19:40:19.193988,4.016427104722792
EMP01609,Suman Kapoor,Female,51,Finance,Finance Manager,Hyderabad,Full-Time,2019-04-04,Inactive,2023-09-06,Health Issues,3,1119806,3,2019,April,4,2023-09-06 00:00:00.000000,4.424366872005476
EMP01610,Vikas Iyer,Male,49,Sales,Sales Manager,Noida,Full-Time,2018-09-25,Active,,,3,999720,7,2018,September,25,2026-09-03 19:40:19.193988,7.939767282683094
EMP01611,Vijay Chauhan,Male,42,Sales,Sales Manager,Delhi,Full-Time,2021-01-30,Inactive,2025-12-30,Personal Reasons,1,828849,0,2021,January,30,2025-12-30 00:00:00.000000,4.914442162902122
EMP01612,Ravi Agarwal,Male,52,Finance,Accountant,Mumbai,Intern,2025-10-18,Active,,,3,437236,6,2025,October,18,2026-09-03 19:40:19.193988,0.8761122518822724
EMP01613,Ashok Iyer,Male,48,Finance,Financial Analyst,Pune,Full-Time,2019-10-08,Inactive,2025-09-30,Personal Reasons,5,745411,21,2019,October,8,2025-09-30 00:00:00.000000,5.979466119096509
EMP01614,Anil Iyer,Male,23,IT,Software Engineer,Noida,Contract,2019-10-28,Active,,,2,680698,20,2019,October,28,2026-09-03 19:40:19.193988,6.850102669404517
EMP01615,Vikas Patel,Male,23,HR,Recruiter,Bangalore,Full-Time,2018-04-27,Active,,,3,542487,1,2018,April,27,2026-09-03 19:40:19.193988,8.353182751540041
EMP01616,Ravi Rathore,Male,55,Operations,Operations Executive,Hyderabad,Contract,2022-03-25,Inactive,2022-12-15,Better Opportunity,3,415575,7,2022,March,25,2022-12-15 00:00:00.000000,0.7255304585900069
EMP01617,Pooja Rathore,Female,51,Sales,Sales Executive,Delhi,Full-Time,2023-05-03,Active,,,2,476982,17,2023,May,3,2026-09-03 19:40:19.193988,3.3374401095140316
EMP01618,Nisha Kumar,Female,22,Operations,Team Lead,Noida,Full-Time,2025-02-21,Active,,,4,726456,8,2025,February,21,2026-09-03 19:40:19.193988,1.5304585900068446
EMP01619,Kavita Nair,Female,28,Admin,Office Manager,Hyderabad,Full-Time,2025-06-30,Active,,,5,689692,18,2025,June,30,2026-09-03 19:40:19.193988,1.1772758384668036
EMP01620,Sanjay Kumar,Male,31,Sales,Sales Executive,Hyderabad,Full-Time,2019-06-16,Active,,,2,353150,3,2019,June,16,2026-09-03 19:40:19.193988,7.216974674880219
EMP01621,Arun Reddy,Male,36,Finance,Financial Analyst,Delhi,Full-Time,2020-10-20,Active,,,1,742307,9,2020,October,20,2026-09-03 19:40:19.193988,5.8699520876112254
EMP01622,Rajesh Malhotra,Male,55,Finance,Financial Analyst,Hyderabad,Intern,2023-10-31,Active,,,3,782231,24,2023,October,31,2026-09-03 19:40:19.193988,2.841889117043121
EMP01623,Ravi Nair,Male,31,Operations,Operations Manager,Bangalore,Full-Time,2025-06-01,Active,,,3,1101464,1,2025,June,1,2026-09-03 19:40:19.193988,1.2566735112936345
EMP01624,Arun Verma,Male,31,IT,Senior Engineer,Mumbai,Intern,2018-02-28,Active,,,2,1539397,7,2018,February,28,2026-09-03 19:40:19.193988,8.511978097193703
EMP01625,Anil Chauhan,Male,52,Sales,Sales Manager,Delhi,Full-Time,2024-06-01,Active,,,4,888804,20,2024,June,1,2026-09-03 19:40:19.193988,2.2559890485968515
EMP01626,Nikhil Chauhan,Male,38,Sales,Sales Manager,Mumbai,Full-Time,2023-01-31,Active,,,1,807414,8,2023,January,31,2026-09-03 19:40:19.193988,3.589322381930185
EMP01627,Rohit Nair,Male,43,Operations,Operations Manager,Mumbai,Full-Time,2020-11-11,Active,,,5,940447,17,2020,November,11,2026-09-03 19:40:19.193988,5.809719370294319
EMP01628,Nisha Singh,Female,55,Operations,Team Lead,Noida,Full-Time,2021-11-03,Active,,,4,813947,13,2021,November,3,2026-09-03 19:40:19.193988,4.832306639288158
EMP01629,Priya Bansal,Female,51,Operations,Operations Executive,Delhi,Full-Time,2020-07-19,Active,,,3,377206,22,2020,July,19,2026-09-03 19:40:19.193988,6.12457221081451
EMP01630,Ritu Kumar,Female,49,Operations,Operations Manager,Bangalore,Intern,2023-01-28,Active,,,2,1103237,16,2023,January,28,2026-09-03 19:40:19.193988,3.597535934291581
EMP01631,Anil Chauhan,Male,36,IT,Senior Engineer,Mumbai,Full-Time,2025-08-19,Active,,,2,1208312,23,2025,August,19,2026-09-03 19:40:19.193988,1.0403832991101984
EMP01632,Vikas Agarwal,Male,55,Admin,Admin Executive,Hyderabad,Full-Time,2023-12-14,Inactive,2025-08-10,Relocation,4,373024,22,2023,December,14,2025-08-10 00:00:00.000000,1.6563997262149213
EMP01633,Rohit Yadav,Male,32,Customer Support,Support Team Lead,Mumbai,Full-Time,2019-02-15,Active,,,5,716145,7,2019,February,15,2026-09-03 19:40:19.193988,7.5482546201232035
EMP01634,Kavita Bansal,Female,39,Sales,Regional Sales Head,Pune,Full-Time,2020-04-08,Inactive,2024-12-04,Relocation,3,1810636,16,2020,April,8,2024-12-04 00:00:00.000000,4.657084188911704
EMP01635,Swati Kapoor,Female,41,Customer Support,Support Team Lead,Bangalore,Full-Time,2019-07-12,Inactive,2022-07-05,Higher Studies,4,643381,9,2019,July,12,2022-07-05 00:00:00.000000,2.9815195071868583
EMP01636,Sanjay Desai,Male,48,Operations,Team Lead,Delhi,Intern,2018-08-31,Inactive,2024-03-21,Health Issues,3,639870,7,2018,August,31,2024-03-21 00:00:00.000000,5.555099247091033
EMP01637,Arun Yadav,Male,34,Sales,Regional Sales Head,Pune,Full-Time,2022-05-21,Active,,,3,1782293,7,2022,May,21,2026-09-03 19:40:19.193988,4.287474332648871
EMP01638,Manoj Kumar,Male,31,HR,HR Manager,Delhi,Full-Time,2026-02-21,Active,,,3,816267,8,2026,February,21,2026-09-03 19:40:19.193988,0.5311430527036276
EMP01639,Rajesh Sharma,Male,41,Sales,Regional Sales Head,Delhi,Full-Time,2023-11-03,Active,,,4,2085593,19,2023,November,3,2026-09-03 19:40:19.193988,2.833675564681725
EMP01640,Praveen Joshi,Male,29,Sales,Regional Sales Head,Pune,Full-Time,2021-05-08,Active,,,5,1969225,4,2021,May,8,2026-09-03 19:40:19.193988,5.322381930184805
EMP01641,Vijay Nair,Male,38,IT,IT Manager,Delhi,Full-Time,2022-04-12,Inactive,2025-01-21,Performance Issue,3,2167982,22,2022,April,12,2025-01-21 00:00:00.000000,2.7789185489390826
EMP01642,Praveen Reddy,Male,27,IT,Senior Engineer,Hyderabad,Full-Time,2019-02-27,Active,,,3,1418724,19,2019,February,27,2026-09-03 19:40:19.193988,7.515400410677618
EMP01643,Vikas Joshi,Male,49,HR,Recruiter,Pune,Full-Time,2025-11-13,Active,,,1,497350,24,2025,November,13,2026-09-03 19:40:19.193988,0.8049281314168378
EMP01644,Manoj Patel,Male,43,Customer Support,Support Team Lead,Chennai,Full-Time,2023-09-12,Active,,,4,710711,11,2023,September,12,2026-09-03 19:40:19.193988,2.976043805612594
EMP01645,Pooja Sharma,Female,37,IT,Software Engineer,Chennai,Full-Time,2023-06-12,Active,,,3,656988,13,2023,June,12,2026-09-03 19:40:19.193988,3.2279260780287475
EMP01646,Shreya Singh,Female,58,Customer Support,Support Team Lead,Hyderabad,Full-Time,2024-10-20,Active,,,2,634552,21,2024,October,20,2026-09-03 19:40:19.193988,1.8699520876112252
EMP01647,Divya Verma,Female,28,HR,Recruiter,Delhi,Full-Time,2024-08-15,Active,,,1,403645,24,2024,August,15,2026-09-03 19:40:19.193988,2.0506502395619437
EMP01648,Deepak Iyer,Male,48,Operations,Team Lead,Chennai,Full-Time,2025-12-15,Active,,,3,796120,1,2025,December,15,2026-09-03 19:40:19.193988,0.7173169062286106
EMP01649,Vikas Malhotra,Male,24,Customer Support,Support Team Lead,Hyderabad,Full-Time,2023-11-12,Active,,,3,705158,20,2023,November,12,2026-09-03 19:40:19.193988,2.809034907597536
EMP01650,Naveen Sharma,Male,23,IT,Senior Engineer,Hyderabad,Contract,2020-01-11,Active,,,3,1276060,9,2020,January,11,2026-09-03 19:40:19.193988,6.6447638603696095
EMP01651,Naveen Sharma,Male,44,Marketing,Content Specialist,Pune,Full-Time,2020-11-04,Active,,,4,493809,7,2020,November,4,2026-09-03 19:40:19.193988,5.8288843258042435
EMP01652,Manoj Malhotra,Male,38,Sales,Sales Executive,Bangalore,Full-Time,2023-02-20,Active,,,3,365694,17,2023,February,20,2026-09-03 19:40:19.193988,3.5345653661875427
EMP01653,Snehal Nair,Female,33,IT,QA Analyst,Noida,Contract,2021-11-28,Active,,,4,655962,10,2021,November,28,2026-09-03 19:40:19.193988,4.763860369609857
EMP01654,Vikas Desai,Male,42,Sales,Regional Sales Head,Chennai,Full-Time,2020-07-21,Active,,,4,1602934,23,2020,July,21,2026-09-03 19:40:19.193988,6.119096509240246
EMP01655,Vijay Chauhan,Male,33,IT,IT Manager,Hyderabad,Full-Time,2023-07-30,Active,,,4,1861719,22,2023,July,30,2026-09-03 19:40:19.193988,3.0965092402464065
EMP01656,Praveen Iyer,Male,45,HR,HR Manager,Noida,Full-Time,2022-11-29,Active,,,3,1110351,10,2022,November,29,2026-09-03 19:40:19.193988,3.761806981519507
EMP01657,Priya Singh,Female,54,Sales,Sales Executive,Hyderabad,Full-Time,2021-06-25,Active,,,4,429677,24,2021,June,25,2026-09-03 19:40:19.193988,5.190965092402464
EMP01658,Karan Bansal,Male,26,Operations,Operations Executive,Pune,Full-Time,2024-12-08,Active,,,2,372211,19,2024,December,8,2026-09-03 19:40:19.193988,1.7357973990417521
EMP01659,Divya Patel,Female,56,Finance,Accountant,Chennai,Full-Time,2021-10-25,Active,,,3,451606,12,2021,October,25,2026-09-03 19:40:19.193988,4.856947296372348
EMP01660,Anjali Reddy,Female,42,Marketing,Content Specialist,Hyderabad,Full-Time,2018-12-03,Active,,,3,513507,1,2018,December,3,2026-09-03 19:40:19.193988,7.750855578370979
EMP01661,Rekha Bansal,Female,23,Operations,Operations Executive,Chennai,Full-Time,2021-01-26,Active,,,4,496985,7,2021,January,26,2026-09-03 19:40:19.193988,5.601642710472279
EMP01662,Deepak Joshi,Male,31,HR,HR Manager,Chennai,Contract,2020-06-03,Inactive,2023-04-27,Better Opportunity,4,1073711,15,2020,June,3,2023-04-27 00:00:00.000000,2.8966461327857633
EMP01663,Nisha Rathore,Female,55,Customer Support,Support Executive,Pune,Full-Time,2020-02-02,Active,,,4,385315,12,2020,February,2,2026-09-03 19:40:19.193988,6.584531143052704
EMP01664,Manoj Iyer,Male,45,Sales,Sales Manager,Pune,Full-Time,2022-02-25,Active,,,3,1102291,10,2022,February,25,2026-09-03 19:40:19.193988,4.520191649555099
EMP01665,Karan Iyer,Male,42,IT,Software Engineer,Chennai,Full-Time,2019-07-05,Active,,,3,871151,7,2019,July,5,2026-09-03 19:40:19.193988,7.1649555099247095
EMP01666,Karan Chopra,Male,52,HR,HR Executive,Delhi,Full-Time,2023-09-10,Active,,,4,356769,19,2023,September,10,2026-09-03 19:40:19.193988,2.9815195071868583
EMP01667,Rekha Iyer,Female,57,Operations,Team Lead,Chennai,Full-Time,2025-03-26,Active,,,4,657709,8,2025,March,26,2026-09-03 19:40:19.193988,1.4401095140314852
EMP01668,Nikhil Verma,Male,53,Sales,Sales Manager,Hyderabad,Full-Time,2022-11-29,Active,,,4,788276,5,2022,November,29,2026-09-03 19:40:19.193988,3.761806981519507
EMP01669,Amit Bansal,Male,25,Sales,Sales Manager,Hyderabad,Full-Time,2025-04-17,Active,,,4,936585,22,2025,April,17,2026-09-03 19:40:19.193988,1.379876796714579
EMP01670,Kavita Gupta,Female,39,IT,IT Manager,Delhi,Full-Time,2026-01-23,Active,,,3,2457880,23,2026,January,23,2026-09-03 19:40:19.193988,0.6105407255304586
EMP01671,Priya Desai,Female,30,IT,QA Analyst,Pune,Contract,2025-11-24,Active,,,3,514844,14,2025,November,24,2026-09-03 19:40:19.193988,0.7748117727583846
EMP01672,Ritu Bansal,Female,43,Sales,Regional Sales Head,Chennai,Full-Time,2021-06-01,Active,,,3,2104859,16,2021,June,1,2026-09-03 19:40:19.193988,5.256673511293634
EMP01673,Naveen Kumar,Male,42,Sales,Regional Sales Head,Chennai,Full-Time,2024-07-31,Active,,,3,2229039,1,2024,July,31,2026-09-03 19:40:19.193988,2.0917180013689256
EMP01674,Suman Chopra,Female,26,Operations,Operations Executive,Noida,Full-Time,2018-10-18,Active,,,4,479703,23,2018,October,18,2026-09-03 19:40:19.193988,7.876796714579055
EMP01675,Meena Joshi,Female,23,IT,Senior Engineer,Noida,Full-Time,2020-01-13,Active,,,3,1362387,3,2020,January,13,2026-09-03 19:40:19.193988,6.639288158795345
EMP01676,Rajesh Gupta,Male,46,Operations,Operations Executive,Pune,Full-Time,2024-06-09,Active,,,3,421056,15,2024,June,9,2026-09-03 19:40:19.193988,2.2340862422997945
EMP01677,Ravi Nair,Male,44,Operations,Operations Executive,Delhi,Contract,2021-06-28,Inactive,2024-01-25,Relocation,3,440946,5,2021,June,28,2024-01-25 00:00:00.000000,2.5763175906913074
EMP01678,Shreya Chauhan,Female,27,Customer Support,Support Executive,Mumbai,Full-Time,2021-12-09,Active,,,3,402754,16,2021,December,9,2026-09-03 19:40:19.193988,4.733744010951403
EMP01679,Shreya Sharma,Female,25,Operations,Team Lead,Delhi,Contract,2024-03-31,Active,,,3,621737,0,2024,March,31,2026-09-03 19:40:19.193988,2.425735797399042
EMP01680,Rohit Sharma,Male,41,HR,HR Executive,Bangalore,Full-Time,2022-04-25,Inactive,2025-08-30,Retirement,3,399973,2,2022,April,25,2025-08-30 00:00:00.000000,3.34839151266256
EMP01681,Sunita Mishra,Female,33,Sales,Regional Sales Head,Hyderabad,Full-Time,2023-08-03,Active,,,3,2232557,3,2023,August,3,2026-09-03 19:40:19.193988,3.0855578370978782
EMP01682,Ravi Desai,Male,50,Sales,Sales Manager,Hyderabad,Full-Time,2019-12-26,Active,,,2,1081681,5,2019,December,26,2026-09-03 19:40:19.193988,6.6885694729637235
EMP01683,Preeti Kumar,Female,24,Operations,Operations Manager,Delhi,Full-Time,2024-12-23,Active,,,3,1084764,3,2024,December,23,2026-09-03 19:40:19.193988,1.6947296372347707
EMP01684,Ritu Reddy,Female,33,IT,Software Engineer,Bangalore,Full-Time,2025-08-29,Active,,,3,641867,3,2025,August,29,2026-09-03 19:40:19.193988,1.0130047912388775
EMP01685,Kiran Mishra,Female,43,Sales,Regional Sales Head,Mumbai,Full-Time,2024-11-16,Active,,,5,2198596,17,2024,November,16,2026-09-03 19:40:19.193988,1.7960301163586585
EMP01686,Arun Malhotra,Male,26,Sales,Sales Executive,Chennai,Full-Time,2024-03-21,Active,,,4,398510,7,2024,March,21,2026-09-03 19:40:19.193988,2.4531143052703626
EMP01687,Praveen Mishra,Male,25,Admin,Office Manager,Delhi,Full-Time,2022-01-07,Active,,,2,731069,21,2022,January,7,2026-09-03 19:40:19.193988,4.654346338124572
EMP01688,Isha Singh,Female,42,HR,Recruiter,Delhi,Full-Time,2025-06-10,Active,,,3,483839,22,2025,June,10,2026-09-03 19:40:19.193988,1.2320328542094456
EMP01689,Karan Agarwal,Male,34,Sales,Sales Manager,Noida,Full-Time,2024-02-16,Active,,,3,813771,24,2024,February,16,2026-09-03 19:40:19.193988,2.546201232032854
EMP01690,Meena Reddy,Female,49,Marketing,Content Specialist,Pune,Intern,2022-07-14,Active,,,3,523093,15,2022,July,14,2026-09-03 19:40:19.193988,4.139630390143737
EMP01691,Suresh Nair,Male,46,Sales,Regional Sales Head,Pune,Full-Time,2024-11-02,Active,,,3,2244446,24,2024,November,2,2026-09-03 19:40:19.193988,1.834360027378508
EMP01692,Ritu Verma,Female,41,Customer Support,Support Executive,Mumbai,Intern,2019-01-01,Active,,,3,402199,18,2019,January,1,2026-09-03 19:40:19.193988,7.671457905544147
EMP01693,Snehal Yadav,Female,56,IT,IT Manager,Chennai,Full-Time,2018-07-16,Inactive,2022-02-05,Performance Issue,4,1850591,17,2018,July,16,2022-02-05 00:00:00.000000,3.5592060232717317
EMP01694,Neha Rathore,Female,33,Sales,Regional Sales Head,Hyderabad,Full-Time,2023-11-17,Active,,,3,2020416,1,2023,November,17,2026-09-03 19:40:19.193988,2.7953456536618755
EMP01695,Meena Singh,Female,42,HR,HR Manager,Mumbai,Intern,2020-06-26,Inactive,2022-12-06,Performance Issue,2,839425,20,2020,June,26,2022-12-06 00:00:00.000000,2.4449007529089664
EMP01696,Gaurav Sharma,Male,29,Finance,Accountant,Pune,Full-Time,2020-04-23,Active,,,3,425947,7,2020,April,23,2026-09-03 19:40:19.193988,6.362765229295003
EMP01697,Anita Yadav,Female,45,Customer Support,Support Team Lead,Noida,Contract,2020-07-24,Active,,,4,606470,4,2020,July,24,2026-09-03 19:40:19.193988,6.11088295687885
EMP01698,Kavita Desai,Female,38,Finance,Accountant,Hyderabad,Full-Time,2025-07-01,Active,,,3,509568,18,2025,July,1,2026-09-03 19:40:19.193988,1.1745379876796715
EMP01699,Ashok Mishra,Male,22,IT,IT Manager,Pune,Full-Time,2025-09-28,Active,,,3,2030911,8,2025,September,28,2026-09-03 19:40:19.193988,0.9308692676249144
EMP01700,Meena Kapoor,Female,47,IT,IT Manager,Hyderabad,Full-Time,2018-02-12,Inactive,2023-04-26,Personal Reasons,3,2230370,7,2018,February,12,2023-04-26 00:00:00.000000,5.19917864476386
EMP01701,Vijay Singh,Male,26,Sales,Sales Executive,Mumbai,Full-Time,2023-06-25,Active,,,3,392380,23,2023,June,25,2026-09-03 19:40:19.193988,3.19233401779603
EMP01702,Manoj Chauhan,Male,40,Operations,Operations Manager,Hyderabad,Full-Time,2021-03-19,Active,,,3,859139,24,2021,March,19,2026-09-03 19:40:19.193988,5.45927446954141
EMP01703,Suresh Chauhan,Male,53,IT,Senior Engineer,Delhi,Full-Time,2024-03-22,Active,,,2,1374477,1,2024,March,22,2026-09-03 19:40:19.193988,2.4503764544832305
EMP01704,Praveen Kapoor,Male,24,Operations,Operations Executive,Delhi,Full-Time,2020-07-25,Active,,,2,387992,24,2020,July,25,2026-09-03 19:40:19.193988,6.108145106091718
EMP01705,Vijay Joshi,Male,50,Customer Support,Support Team Lead,Hyderabad,Contract,2022-02-28,Active,,,4,616085,24,2022,February,28,2026-09-03 19:40:19.193988,4.511978097193703
EMP01706,Rahul Agarwal,Male,42,Finance,Accountant,Noida,Intern,2020-05-11,Inactive,2020-09-06,Personal Reasons,5,493269,8,2020,May,11,2020-09-06 00:00:00.000000,0.32306639288158795
EMP01707,Anil Iyer,Male,25,Operations,Operations Manager,Mumbai,Full-Time,2025-03-23,Active,,,3,820115,9,2025,March,23,2026-09-03 19:40:19.193988,1.4483230663928817
EMP01708,Preeti Gupta,Female,34,HR,HR Executive,Mumbai,Contract,2025-01-13,Active,,,2,455388,0,2025,January,13,2026-09-03 19:40:19.193988,1.6372347707049966
EMP01709,Sunil Gupta,Male,40,Customer Support,Support Executive,Hyderabad,Contract,2023-12-05,Active,,,2,317570,10,2023,December,5,2026-09-03 19:40:19.193988,2.746064339493498
EMP01710,Rahul Singh,Male,55,Marketing,Content Specialist,Delhi,Full-Time,2022-08-07,Active,,,5,548717,5,2022,August,7,2026-09-03 19:40:19.193988,4.073921971252567
EMP01711,Anita Iyer,Female,36,Sales,Sales Executive,Mumbai,Full-Time,2019-03-02,Inactive,2019-05-15,Retirement,2,349346,12,2019,March,2,2019-05-15 00:00:00.000000,0.2026009582477755
EMP01712,Isha Singh,Female,24,Sales,Sales Executive,Noida,Full-Time,2025-01-17,Active,,,3,351827,20,2025,January,17,2026-09-03 19:40:19.193988,1.626283367556468
EMP01713,Praveen Chopra,Male,46,Sales,Regional Sales Head,Pune,Full-Time,2021-03-02,Active,,,5,2068609,21,2021,March,2,2026-09-03 19:40:19.193988,5.505817932922656
EMP01714,Kiran Desai,Female,51,Operations,Operations Manager,Bangalore,Full-Time,2025-02-20,Active,,,3,1088487,14,2025,February,20,2026-09-03 19:40:19.193988,1.5331964407939767
EMP01715,Snehal Iyer,Female,33,IT,Senior Engineer,Mumbai,Contract,2021-03-20,Active,,,4,1306994,8,2021,March,20,2026-09-03 19:40:19.193988,5.456536618754278
EMP01716,Anil Iyer,Male,31,Customer Support,Support Executive,Pune,Intern,2021-05-13,Inactive,2023-10-30,Higher Studies,2,420672,7,2021,May,13,2023-10-30 00:00:00.000000,2.4640657084188913
EMP01717,Arun Kumar,Male,48,IT,IT Manager,Mumbai,Full-Time,2022-07-21,Active,,,2,2068465,14,2022,July,21,2026-09-03 19:40:19.193988,4.120465434633813
EMP01718,Sunil Chauhan,Male,42,Admin,Office Manager,Bangalore,Full-Time,2021-10-15,Active,,,2,541947,16,2021,October,15,2026-09-03 19:40:19.193988,4.884325804243669
EMP01719,Meena Joshi,Female,58,IT,Senior Engineer,Chennai,Contract,2020-02-22,Active,,,3,1559275,21,2020,February,22,2026-09-03 19:40:19.193988,6.529774127310062
EMP01720,Gaurav Iyer,Male,48,Sales,Sales Manager,Hyderabad,Full-Time,2026-07-27,Active,,,3,875483,12,2026,July,27,2026-09-03 19:40:19.193988,0.10403832991101986
EMP01721,Kavita Kapoor,Female,50,IT,Software Engineer,Hyderabad,Full-Time,2025-04-25,Active,,,3,828208,24,2025,April,25,2026-09-03 19:40:19.193988,1.3579739904175223
EMP01722,Aarti Rathore,Female,43,Customer Support,Support Executive,Mumbai,Full-Time,2020-06-08,Active,,,3,319440,12,2020,June,8,2026-09-03 19:40:19.193988,6.236824093086927
EMP01723,Rohit Rathore,Male,35,Finance,Accountant,Pune,Full-Time,2018-04-08,Active,,,5,558398,8,2018,April,8,2026-09-03 19:40:19.193988,8.405201916495551
EMP01724,Isha Kumar,Female,34,HR,Recruiter,Pune,Full-Time,2024-06-13,Inactive,2025-07-02,Performance Issue,4,426725,23,2024,June,13,2025-07-02 00:00:00.000000,1.051334702258727
EMP01725,Kavita Kapoor,Female,55,Sales,Sales Manager,Hyderabad,Full-Time,2026-07-24,Active,,,3,1080329,21,2026,July,24,2026-09-03 19:40:19.193988,0.11225188227241616
EMP01726,Suresh Gupta,Male,25,Sales,Sales Executive,Delhi,Full-Time,2018-02-05,Active,,,4,354391,11,2018,February,5,2026-09-03 19:40:19.193988,8.574948665297741
EMP01727,Sanjay Kumar,Male,45,Sales,Sales Executive,Bangalore,Full-Time,2018-09-28,Active,,,4,390480,14,2018,September,28,2026-09-03 19:40:19.193988,7.931553730321697
EMP01728,Kiran Nair,Female,41,Finance,Financial Analyst,Mumbai,Full-Time,2021-04-01,Inactive,2024-07-24,Personal Reasons,5,786712,4,2021,April,1,2024-07-24 00:00:00.000000,3.3127994524298425
EMP01729,Anil Rathore,Male,48,IT,Software Engineer,Hyderabad,Full-Time,2024-12-07,Inactive,2026-08-24,Higher Studies,2,726478,8,2024,December,7,2026-08-24 00:00:00.000000,1.7111567419575633
EMP01730,Deepak Singh,Male,24,Customer Support,Support Executive,Pune,Full-Time,2019-02-02,Inactive,2023-07-11,Performance Issue,3,350611,5,2019,February,2,2023-07-11 00:00:00.000000,4.435318275154004
EMP01731,Priya Chopra,Female,50,Sales,Regional Sales Head,Noida,Full-Time,2022-01-24,Active,,,3,1660920,0,2022,January,24,2026-09-03 19:40:19.193988,4.607802874743326
EMP01732,Praveen Chopra,Male,45,Sales,Sales Manager,Bangalore,Full-Time,2018-12-15,Inactive,2020-08-18,Retirement,4,873037,12,2018,December,15,2020-08-18 00:00:00.000000,1.675564681724846
EMP01733,Kavita Singh,Female,42,Marketing,Content Specialist,Mumbai,Full-Time,2025-02-10,Active,,,2,583556,2,2025,February,10,2026-09-03 19:40:19.193988,1.5605749486652978
EMP01734,Vikas Desai,Male,48,Sales,Sales Manager,Delhi,Contract,2024-12-22,Active,,,3,896477,8,2024,December,22,2026-09-03 19:40:19.193988,1.6974674880219027
EMP01735,Sanjay Agarwal,Male,53,Operations,Operations Manager,Hyderabad,Full-Time,2018-04-07,Active,,,3,825077,20,2018,April,7,2026-09-03 19:40:19.193988,8.407939767282683
EMP01736,Rekha Reddy,Female,43,Customer Support,Support Team Lead,Pune,Full-Time,2022-11-09,Inactive,2025-08-03,Higher Studies,1,529258,17,2022,November,9,2025-08-03 00:00:00.000000,2.732375085557837
EMP01737,Rahul Kumar,Male,58,Operations,Team Lead,Delhi,Full-Time,2026-03-29,Inactive,2026-07-15,Personal Reasons,3,848269,12,2026,March,29,2026-07-15 00:00:00.000000,0.29568788501026694
EMP01738,Divya Verma,Female,46,Sales,Regional Sales Head,Chennai,Full-Time,2021-01-12,Active,,,3,2108265,13,2021,January,12,2026-09-03 19:40:19.193988,5.639972621492129
EMP01739,Naveen Nair,Male,38,Sales,Sales Executive,Bangalore,Full-Time,2026-01-24,Active,,,3,418212,8,2026,January,24,2026-09-03 19:40:19.193988,0.6078028747433265
EMP01740,Vijay Malhotra,Male,42,Marketing,Content Specialist,Delhi,Full-Time,2025-06-21,Active,,,5,604163,0,2025,June,21,2026-09-03 19:40:19.193988,1.2019164955509924
EMP01741,Ravi Singh,Male,45,HR,HR Executive,Delhi,Intern,2019-12-27,Inactive,2026-07-25,Health Issues,4,377911,2,2019,December,27,2026-07-25 00:00:00.000000,6.576317590691307
EMP01742,Vijay Sharma,Male,43,Sales,Regional Sales Head,Delhi,Full-Time,2026-04-05,Active,,,3,1974571,4,2026,April,5,2026-09-03 19:40:19.193988,0.4134154688569473
EMP01743,Isha Malhotra,Female,28,Finance,Financial Analyst,Noida,Full-Time,2021-09-17,Active,,,4,567103,4,2021,September,17,2026-09-03 19:40:19.193988,4.960985626283367
EMP01744,Sanjay Gupta,Male,27,HR,HR Executive,Delhi,Full-Time,2026-01-20,Inactive,2026-05-19,Personal Reasons,3,347999,2,2026,January,20,2026-05-19 00:00:00.000000,0.3258042436687201
EMP01745,Divya Nair,Female,52,Operations,Team Lead,Hyderabad,Full-Time,2020-02-29,Active,,,1,793306,15,2020,February,29,2026-09-03 19:40:19.193988,6.510609171800137
EMP01746,Gaurav Yadav,Male,25,Finance,Finance Manager,Bangalore,Contract,2026-03-16,Active,,,4,1158337,2,2026,March,16,2026-09-03 19:40:19.193988,0.4681724845995893
EMP01747,Sunita Mishra,Female,58,IT,IT Manager,Mumbai,Full-Time,2024-01-30,Active,,,3,2259973,22,2024,January,30,2026-09-03 19:40:19.193988,2.5927446954141
EMP01748,Vijay Mishra,Male,36,Sales,Sales Executive,Noida,Contract,2021-08-09,Inactive,2025-05-01,Health Issues,3,434769,19,2021,August,9,2025-05-01 00:00:00.000000,3.7262149212867897
EMP01749,Naveen Agarwal,Male,49,Sales,Regional Sales Head,Bangalore,Contract,2020-06-12,Active,,,3,1778226,7,2020,June,12,2026-09-03 19:40:19.193988,6.225872689938399
EMP01750,Preeti Sharma,Female,32,Customer Support,Support Team Lead,Bangalore,Full-Time,2026-06-17,Inactive,2026-08-18,Performance Issue,4,592613,23,2026,June,17,2026-08-18 00:00:00.000000,0.1697467488021903
EMP01751,Rahul Desai,Male,50,Sales,Sales Manager,Delhi,Full-Time,2025-07-23,Inactive,2026-09-01,Better Opportunity,4,879623,24,2025,July,23,2026-09-01 00:00:00.000000,1.108829568788501
EMP01752,Vikas Desai,Male,42,IT,Software Engineer,Hyderabad,Full-Time,2020-12-10,Active,,,1,802813,15,2020,December,10,2026-09-03 19:40:19.193988,5.730321697467488
EMP01753,Vikas Kapoor,Male,42,IT,IT Manager,Noida,Full-Time,2023-06-27,Active,,,4,2295975,7,2023,June,27,2026-09-03 19:40:19.193988,3.186858316221766
EMP01754,Nikhil Yadav,Male,48,Sales,Sales Executive,Chennai,Full-Time,2021-12-16,Active,,,4,413862,12,2021,December,16,2026-09-03 19:40:19.193988,4.714579055441479
EMP01755,Sunil Malhotra,Male,46,Sales,Sales Manager,Mumbai,Full-Time,2019-08-05,Active,,,4,773812,4,2019,August,5,2026-09-03 19:40:19.193988,7.080082135523614
EMP01756,Rajesh Chauhan,Male,45,Operations,Team Lead,Mumbai,Intern,2022-06-25,Inactive,2026-05-10,Personal Reasons,4,637290,5,2022,June,25,2026-05-10 00:00:00.000000,3.8740588637919235
EMP01757,Sanjay Singh,Male,31,Finance,Accountant,Pune,Full-Time,2023-04-19,Active,,,5,464551,15,2023,April,19,2026-09-03 19:40:19.193988,3.375770020533881
EMP01758,Arun Yadav,Male,39,Sales,Sales Manager,Noida,Full-Time,2024-02-29,Active,,,3,940152,23,2024,February,29,2026-09-03 19:40:19.193988,2.510609171800137
EMP01759,Praveen Rathore,Male,53,Marketing,Marketing Manager,Noida,Full-Time,2019-10-17,Active,,,4,830208,3,2019,October,17,2026-09-03 19:40:19.193988,6.880219028062971
EMP01760,Vijay Nair,Male,40,HR,Recruiter,Pune,Full-Time,2024-10-25,Inactive,2026-06-08,Performance Issue,4,527151,13,2024,October,25,2026-06-08 00:00:00.000000,1.6180698151950719
EMP01761,Kiran Sharma,Female,43,HR,HR Manager,Chennai,Full-Time,2019-10-12,Active,,,2,1011260,13,2019,October,12,2026-09-03 19:40:19.193988,6.893908281998631
EMP01762,Aarti Singh,Female,40,HR,Recruiter,Mumbai,Full-Time,2023-12-10,Active,,,1,449703,22,2023,December,10,2026-09-03 19:40:19.193988,2.732375085557837
EMP01763,Ravi Iyer,Male,23,Finance,Financial Analyst,Pune,Contract,2018-09-16,Active,,,3,660920,6,2018,September,16,2026-09-03 19:40:19.193988,7.964407939767283
EMP01764,Anita Joshi,Female,39,Finance,Finance Manager,Chennai,Full-Time,2023-05-05,Active,,,2,1188976,10,2023,May,5,2026-09-03 19:40:19.193988,3.3319644079397674
EMP01765,Meena Kumar,Female,58,IT,IT Manager,Noida,Contract,2025-02-04,Active,,,5,1883141,18,2025,February,4,2026-09-03 19:40:19.193988,1.5770020533880904
EMP01766,Aarti Joshi,Female,52,Finance,Accountant,Pune,Full-Time,2024-04-26,Active,,,4,487692,3,2024,April,26,2026-09-03 19:40:19.193988,2.3545516769336072
EMP01767,Arun Kumar,Male,55,Marketing,Content Specialist,Bangalore,Full-Time,2018-11-30,Active,,,3,545519,23,2018,November,30,2026-09-03 19:40:19.193988,7.759069130732375
EMP01768,Manoj Gupta,Male,39,Sales,Sales Manager,Pune,Full-Time,2020-03-02,Active,,,3,895961,24,2020,March,2,2026-09-03 19:40:19.193988,6.505133470225872
EMP01769,Neha Kapoor,Female,22,Sales,Sales Executive,Mumbai,Full-Time,2025-02-06,Active,,,2,471973,15,2025,February,6,2026-09-03 19:40:19.193988,1.571526351813826
EMP01770,Karan Kumar,Male,42,Marketing,Marketing Manager,Bangalore,Full-Time,2023-06-09,Active,,,4,1011297,20,2023,June,9,2026-09-03 19:40:19.193988,3.2361396303901437
EMP01771,Sanjay Desai,Male,25,Operations,Team Lead,Delhi,Full-Time,2021-04-25,Active,,,3,649584,16,2021,April,25,2026-09-03 19:40:19.193988,5.3579739904175225
EMP01772,Ritu Joshi,Female,22,Sales,Sales Manager,Pune,Full-Time,2025-11-09,Active,,,4,838526,9,2025,November,9,2026-09-03 19:40:19.193988,0.8158795345653662
EMP01773,Amit Sharma,Male,48,Sales,Regional Sales Head,Chennai,Full-Time,2026-07-20,Active,,,5,1864756,4,2026,July,20,2026-09-03 19:40:19.193988,0.12320328542094455
EMP01774,Nisha Chauhan,Female,50,Sales,Regional Sales Head,Mumbai,Full-Time,2024-08-29,Active,,,3,1607576,8,2024,August,29,2026-09-03 19:40:19.193988,2.0123203285420943
EMP01775,Nisha Patel,Female,51,Sales,Sales Executive,Chennai,Full-Time,2024-10-20,Active,,,4,433836,10,2024,October,20,2026-09-03 19:40:19.193988,1.8699520876112252
EMP01776,Amit Singh,Male,57,IT,Software Engineer,Noida,Intern,2021-08-30,Active,,,4,634690,23,2021,August,30,2026-09-03 19:40:19.193988,5.0102669404517455
EMP01777,Arun Bansal,Male,42,Sales,Sales Executive,Chennai,Full-Time,2022-11-14,Active,,,3,392257,24,2022,November,14,2026-09-03 19:40:19.193988,3.802874743326489
EMP01778,Neha Reddy,Female,58,HR,HR Manager,Hyderabad,Full-Time,2026-06-26,Inactive,2026-09-02,Better Opportunity,5,1025199,22,2026,June,26,2026-09-02 00:00:00.000000,0.1861738535249829
EMP01779,Ravi Kapoor,Male,31,Sales,Sales Executive,Delhi,Full-Time,2019-07-28,Inactive,2021-07-26,Higher Studies,5,377602,24,2019,July,28,2021-07-26 00:00:00.000000,1.995893223819302
EMP01780,Suman Iyer,Female,43,Sales,Sales Manager,Delhi,Full-Time,2022-08-18,Active,,,3,942284,17,2022,August,18,2026-09-03 19:40:19.193988,4.043805612594114
EMP01781,Neha Agarwal,Female,31,Sales,Sales Manager,Chennai,Full-Time,2022-06-10,Active,,,4,797210,6,2022,June,10,2026-09-03 19:40:19.193988,4.232717316906228
EMP01782,Sunil Yadav,Male,36,Finance,Accountant,Noida,Full-Time,2020-12-04,Active,,,3,553951,17,2020,December,4,2026-09-03 19:40:19.193988,5.746748802190281
EMP01783,Amit Verma,Male,24,Customer Support,Support Executive,Pune,Full-Time,2018-06-23,Active,,,3,330073,4,2018,June,23,2026-09-03 19:40:19.193988,8.19712525667351
EMP01784,Kavita Agarwal,Female,47,Sales,Sales Manager,Bangalore,Full-Time,2022-05-07,Inactive,2024-02-19,Performance Issue,4,773464,22,2022,May,7,2024-02-19 00:00:00.000000,1.787816563997262
EMP01785,Swati Bansal,Female,24,Marketing,Marketing Executive,Delhi,Full-Time,2020-03-30,Active,,,2,487393,0,2020,March,30,2026-09-03 19:40:19.193988,6.4284736481861735
EMP01786,Suman Gupta,Female,32,Sales,Regional Sales Head,Bangalore,Full-Time,2023-09-17,Active,,,3,1639624,0,2023,September,17,2026-09-03 19:40:19.193988,2.9623545516769334
EMP01787,Aarti Reddy,Female,54,Operations,Operations Manager,Hyderabad,Full-Time,2022-03-14,Active,,,3,1065536,24,2022,March,14,2026-09-03 19:40:19.193988,4.473648186173854
EMP01788,Gaurav Patel,Male,38,Marketing,Marketing Manager,Mumbai,Full-Time,2021-09-01,Active,,,2,1054675,14,2021,September,1,2026-09-03 19:40:19.193988,5.004791238877481
EMP01789,Priya Malhotra,Female,29,Customer Support,Support Team Lead,Mumbai,Full-Time,2020-01-28,Inactive,2021-06-08,Higher Studies,4,733940,6,2020,January,28,2021-06-08 00:00:00.000000,1.3607118412046544
EMP01790,Sanjay Chopra,Male,35,Finance,Financial Analyst,Chennai,Full-Time,2021-05-08,Active,,,3,765143,11,2021,May,8,2026-09-03 19:40:19.193988,5.322381930184805
EMP01791,Nisha Verma,Female,58,HR,Recruiter,Chennai,Full-Time,2020-07-30,Active,,,4,534341,6,2020,July,30,2026-09-03 19:40:19.193988,6.094455852156058
EMP01792,Preeti Sharma,Female,33,Sales,Sales Manager,Delhi,Contract,2020-06-05,Active,,,3,839286,23,2020,June,5,2026-09-03 19:40:19.193988,6.245037645448323
EMP01793,Arun Nair,Male,32,IT,QA Analyst,Pune,Full-Time,2024-10-01,Active,,,4,573138,19,2024,October,1,2026-09-03 19:40:19.193988,1.9219712525667352
EMP01794,Ashok Joshi,Male,22,Operations,Operations Executive,Hyderabad,Full-Time,2019-03-16,Active,,,3,461038,0,2019,March,16,2026-09-03 19:40:19.193988,7.468856947296373
EMP01795,Shreya Sharma,Female,58,Operations,Operations Manager,Pune,Full-Time,2022-04-12,Active,,,3,800003,11,2022,April,12,2026-09-03 19:40:19.193988,4.394250513347022
EMP01796,Sanjay Mishra,Male,26,HR,HR Manager,Chennai,Full-Time,2022-03-08,Active,,,4,1000305,9,2022,March,8,2026-09-03 19:40:19.193988,4.490075290896646
EMP01797,Rahul Singh,Male,51,Customer Support,Support Team Lead,Mumbai,Full-Time,2020-12-12,Active,,,3,722966,6,2020,December,12,2026-09-03 19:40:19.193988,5.724845995893224
EMP01798,Suresh Sharma,Male,29,Marketing,Marketing Manager,Mumbai,Full-Time,2018-02-28,Inactive,2020-12-15,Performance Issue,3,1138020,18,2018,February,28,2020-12-15 00:00:00.000000,2.7953456536618755
EMP01799,Karan Patel,Male,58,Sales,Sales Manager,Delhi,Full-Time,2025-11-18,Active,,,3,1028316,4,2025,November,18,2026-09-03 19:40:19.193988,0.7912388774811773
EMP01800,Sanjay Gupta,Male,23,Operations,Operations Manager,Chennai,Contract,2022-03-26,Inactive,2024-10-26,Health Issues,5,932652,5,2022,March,26,2024-10-26 00:00:00.000000,2.5872689938398357
EMP01801,Amit Chopra,Male,39,Sales,Sales Executive,Chennai,Full-Time,2018-09-16,Active,,,2,455019,6,2018,September,16,2026-09-03 19:40:19.193988,7.964407939767283
EMP01802,Shreya Sharma,Female,37,Sales,Regional Sales Head,Bangalore,Full-Time,2020-02-10,Active,,,3,2113454,20,2020,February,10,2026-09-03 19:40:19.193988,6.562628336755647
EMP01803,Rahul Chopra,Male,53,Operations,Operations Manager,Hyderabad,Full-Time,2025-11-19,Active,,,2,1022604,23,2025,November,19,2026-09-03 19:40:19.193988,0.7885010266940452
EMP01804,Rahul Reddy,Male,45,Finance,Finance Manager,Delhi,Full-Time,2024-09-15,Active,,,4,1142889,5,2024,September,15,2026-09-03 19:40:19.193988,1.9657768651608487
EMP01805,Vikas Iyer,Male,31,Operations,Team Lead,Hyderabad,Contract,2024-01-24,Active,,,5,774007,13,2024,January,24,2026-09-03 19:40:19.193988,2.6091718001368926
EMP01806,Sunita Chopra,Female,44,IT,QA Analyst,Bangalore,Full-Time,2023-03-30,Active,,,3,499979,21,2023,March,30,2026-09-03 19:40:19.193988,3.430527036276523
EMP01807,Kiran Bansal,Female,27,Admin,Office Manager,Bangalore,Contract,2022-11-04,Active,,,2,722345,10,2022,November,4,2026-09-03 19:40:19.193988,3.8302532511978096
EMP01808,Suman Malhotra,Female,32,HR,HR Manager,Noida,Full-Time,2024-01-18,Active,,,3,888643,20,2024,January,18,2026-09-03 19:40:19.193988,2.625598904859685
EMP01809,Ravi Desai,Male,32,Finance,Finance Manager,Hyderabad,Full-Time,2025-02-04,Active,,,3,1187424,6,2025,February,4,2026-09-03 19:40:19.193988,1.5770020533880904
EMP01810,Arun Gupta,Male,56,Customer Support,Support Team Lead,Delhi,Full-Time,2023-08-16,Inactive,2024-05-14,Retirement,3,510969,17,2023,August,16,2024-05-14 00:00:00.000000,0.7446954140999316
EMP01811,Sunita Joshi,Female,42,Customer Support,Support Team Lead,Pune,Full-Time,2019-04-24,Active,,,3,701259,17,2019,April,24,2026-09-03 19:40:19.193988,7.36208076659822
EMP01812,Arun Agarwal,Male,36,Sales,Regional Sales Head,Noida,Full-Time,2022-05-28,Active,,,4,2069874,22,2022,May,28,2026-09-03 19:40:19.193988,4.268309377138946
EMP01813,Suresh Joshi,Male,31,Operations,Team Lead,Chennai,Contract,2023-02-02,Active,,,5,845665,6,2023,February,2,2026-09-03 19:40:19.193988,3.583846680355921
EMP01814,Amit Agarwal,Male,26,Customer Support,Support Executive,Pune,Full-Time,2019-08-15,Active,,,3,340417,24,2019,August,15,2026-09-03 19:40:19.193988,7.052703627652293
EMP01815,Arun Reddy,Male,28,Sales,Sales Executive,Hyderabad,Full-Time,2025-02-27,Active,,,3,370561,0,2025,February,27,2026-09-03 19:40:19.193988,1.514031485284052
EMP01816,Amit Reddy,Male,26,Sales,Sales Executive,Mumbai,Full-Time,2020-01-31,Inactive,2025-04-27,Better Opportunity,1,407506,11,2020,January,31,2025-04-27 00:00:00.000000,5.23750855578371
EMP01817,Divya Sharma,Female,43,Sales,Regional Sales Head,Hyderabad,Full-Time,2021-05-14,Active,,,3,1680082,13,2021,May,14,2026-09-03 19:40:19.193988,5.305954825462012
EMP01818,Gaurav Chopra,Male,24,IT,QA Analyst,Chennai,Full-Time,2024-11-23,Active,,,5,682442,15,2024,November,23,2026-09-03 19:40:19.193988,1.7768651608487338
EMP01819,Anita Iyer,Female,52,Sales,Sales Executive,Bangalore,Full-Time,2025-11-09,Active,,,4,401400,17,2025,November,9,2026-09-03 19:40:19.193988,0.8158795345653662
EMP01820,Suresh Rathore,Male,44,Sales,Regional Sales Head,Hyderabad,Full-Time,2024-12-15,Active,,,4,2023090,0,2024,December,15,2026-09-03 19:40:19.193988,1.7166324435318274
EMP01821,Arun Verma,Male,52,Sales,Sales Manager,Noida,Full-Time,2018-12-22,Active,,,4,798137,7,2018,December,22,2026-09-03 19:40:19.193988,7.698836413415469
EMP01822,Suresh Malhotra,Male,37,Finance,Finance Manager,Chennai,Full-Time,2021-10-13,Active,,,3,1141482,10,2021,October,13,2026-09-03 19:40:19.193988,4.889801505817933
EMP01823,Ritu Bansal,Female,48,Customer Support,Support Team Lead,Mumbai,Full-Time,2024-11-18,Inactive,2025-05-28,Retirement,2,717052,24,2024,November,18,2025-05-28 00:00:00.000000,0.5229295003422314
EMP01824,Amit Agarwal,Male,33,Finance,Finance Manager,Delhi,Full-Time,2023-08-19,Active,,,5,1241737,12,2023,August,19,2026-09-03 19:40:19.193988,3.0417522245037647
EMP01825,Karan Verma,Male,55,Finance,Finance Manager,Hyderabad,Full-Time,2019-04-27,Active,,,4,1331995,9,2019,April,27,2026-09-03 19:40:19.193988,7.353867214236824
EMP01826,Anil Verma,Male,49,HR,HR Manager,Hyderabad,Full-Time,2021-09-19,Inactive,2022-10-01,Health Issues,4,792655,15,2021,September,19,2022-10-01 00:00:00.000000,1.0321697467488022
EMP01827,Praveen Joshi,Male,33,Customer Support,Support Executive,Pune,Full-Time,2026-05-08,Active,,,3,303642,5,2026,May,8,2026-09-03 19:40:19.193988,0.32306639288158795
EMP01828,Rekha Nair,Female,36,Sales,Regional Sales Head,Hyderabad,Intern,2023-07-14,Active,,,3,2112061,3,2023,July,14,2026-09-03 19:40:19.193988,3.14031485284052
EMP01829,Suresh Yadav,Male,58,IT,Senior Engineer,Mumbai,Full-Time,2026-04-21,Inactive,2026-08-22,Relocation,5,1518055,13,2026,April,21,2026-08-22 00:00:00.000000,0.33675564681724846
EMP01830,Amit Agarwal,Male,56,Marketing,Content Specialist,Bangalore,Full-Time,2025-02-13,Inactive,2025-12-12,Better Opportunity,5,480780,17,2025,February,13,2025-12-12 00:00:00.000000,0.8268309377138946
EMP01831,Naveen Gupta,Male,44,Finance,Accountant,Delhi,Full-Time,2020-12-12,Active,,,4,526422,7,2020,December,12,2026-09-03 19:40:19.193988,5.724845995893224
EMP01832,Ravi Singh,Male,58,Sales,Sales Executive,Mumbai,Full-Time,2018-12-20,Active,,,4,371442,21,2018,December,20,2026-09-03 19:40:19.193988,7.704312114989733
EMP01833,Karan Iyer,Male,26,Marketing,Content Specialist,Bangalore,Full-Time,2023-05-12,Active,,,4,556252,18,2023,May,12,2026-09-03 19:40:19.193988,3.3127994524298425
EMP01834,Swati Singh,Female,34,Finance,Financial Analyst,Delhi,Full-Time,2020-08-09,Inactive,2022-04-06,Higher Studies,3,734883,0,2020,August,9,2022-04-06 00:00:00.000000,1.6563997262149213
EMP01835,Vikas Verma,Male,39,IT,Software Engineer,Delhi,Full-Time,2023-11-19,Active,,,3,597480,4,2023,November,19,2026-09-03 19:40:19.193988,2.7898699520876113
EMP01836,Anita Joshi,Female,34,HR,HR Manager,Noida,Full-Time,2020-05-24,Active,,,3,937179,6,2020,May,24,2026-09-03 19:40:19.193988,6.277891854893908
EMP01837,Suresh Yadav,Male,56,IT,QA Analyst,Hyderabad,Full-Time,2025-02-07,Active,,,3,483102,21,2025,February,7,2026-09-03 19:40:19.193988,1.568788501026694
EMP01838,Kavita Agarwal,Female,26,Customer Support,Support Executive,Noida,Full-Time,2026-07-13,Active,,,1,436081,2,2026,July,13,2026-09-03 19:40:19.193988,0.14236824093086928
EMP01839,Nikhil Yadav,Male,48,Finance,Accountant,Chennai,Full-Time,2026-06-13,Active,,,4,497344,7,2026,June,13,2026-09-03 19:40:19.193988,0.2245037645448323
EMP01840,Shreya Rathore,Female,24,Customer Support,Support Executive,Noida,Full-Time,2022-11-04,Active,,,4,406788,0,2022,November,4,2026-09-03 19:40:19.193988,3.8302532511978096
EMP01841,Meena Iyer,Female,36,HR,HR Manager,Pune,Full-Time,2024-10-19,Active,,,4,810837,19,2024,October,19,2026-09-03 19:40:19.193988,1.8726899383983573
EMP01842,Rohit Rathore,Male,55,IT,Senior Engineer,Mumbai,Full-Time,2024-09-19,Active,,,3,1507011,13,2024,September,19,2026-09-03 19:40:19.193988,1.9548254620123204
EMP01843,Gaurav Sharma,Male,27,Customer Support,Support Team Lead,Delhi,Full-Time,2024-04-19,Active,,,4,696491,24,2024,April,19,2026-09-03 19:40:19.193988,2.3737166324435317
EMP01844,Rahul Iyer,Male,51,Marketing,Marketing Manager,Pune,Full-Time,2021-02-24,Active,,,2,1182437,10,2021,February,24,2026-09-03 19:40:19.193988,5.522245037645448
EMP01845,Ashok Bansal,Male,52,HR,Recruiter,Bangalore,Full-Time,2021-06-16,Active,,,2,451996,22,2021,June,16,2026-09-03 19:40:19.193988,5.215605749486653
EMP01846,Nikhil Bansal,Male,58,Sales,Regional Sales Head,Hyderabad,Intern,2024-09-20,Inactive,2025-10-30,Better Opportunity,3,2027825,10,2024,September,20,2025-10-30 00:00:00.000000,1.108829568788501
EMP01847,Snehal Agarwal,Female,39,IT,Software Engineer,Bangalore,Full-Time,2025-01-20,Active,,,5,839930,19,2025,January,20,2026-09-03 19:40:19.193988,1.6180698151950719
EMP01848,Rohit Joshi,Male,58,HR,HR Manager,Bangalore,Full-Time,2020-09-07,Active,,,1,1115042,6,2020,September,7,2026-09-03 19:40:19.193988,5.987679671457905
EMP01849,Anita Agarwal,Female,38,Finance,Financial Analyst,Pune,Full-Time,2021-02-14,Active,,,2,726618,6,2021,February,14,2026-09-03 19:40:19.193988,5.549623545516769
EMP01850,Gaurav Kumar,Male,45,Customer Support,Support Team Lead,Mumbai,Full-Time,2025-09-15,Active,,,3,642696,6,2025,September,15,2026-09-03 19:40:19.193988,0.9664613278576317
EMP01851,Sunil Chopra,Male,40,Operations,Team Lead,Mumbai,Full-Time,2019-04-26,Active,,,3,652605,20,2019,April,26,2026-09-03 19:40:19.193988,7.356605065023956
EMP01852,Rajesh Yadav,Male,47,IT,QA Analyst,Bangalore,Full-Time,2020-10-03,Active,,,5,527062,18,2020,October,3,2026-09-03 19:40:19.193988,5.916495550992471
EMP01853,Sunil Bansal,Male,26,Marketing,Marketing Manager,Mumbai,Full-Time,2020-11-09,Active,,,3,1174775,17,2020,November,9,2026-09-03 19:40:19.193988,5.815195071868583
EMP01854,Arun Sharma,Male,53,Operations,Operations Executive,Mumbai,Full-Time,2020-11-09,Active,,,3,523463,18,2020,November,9,2026-09-03 19:40:19.193988,5.815195071868583
EMP01855,Manoj Agarwal,Male,39,Sales,Regional Sales Head,Pune,Full-Time,2020-03-26,Inactive,2025-03-11,Higher Studies,4,2236821,19,2020,March,26,2025-03-11 00:00:00.000000,4.958247775496235
EMP01856,Suresh Kapoor,Male,29,Operations,Operations Manager,Pune,Full-Time,2021-07-06,Inactive,2022-05-13,Relocation,3,1038644,1,2021,July,6,2022-05-13 00:00:00.000000,0.8514715947980835
EMP01857,Rahul Gupta,Male,56,IT,IT Manager,Delhi,Full-Time,2024-02-25,Active,,,3,2327096,23,2024,February,25,2026-09-03 19:40:19.193988,2.521560574948665
EMP01858,Swati Mishra,Female,25,Marketing,Marketing Executive,Chennai,Full-Time,2024-05-09,Inactive,2025-06-18,Retirement,3,512022,9,2024,May,9,2025-06-18 00:00:00.000000,1.108829568788501
EMP01859,Naveen Joshi,Male,58,IT,Senior Engineer,Mumbai,Full-Time,2024-12-07,Active,,,4,1587482,11,2024,December,7,2026-09-03 19:40:19.193988,1.7385352498288844
EMP01860,Deepak Kumar,Male,42,IT,Software Engineer,Hyderabad,Full-Time,2024-07-20,Active,,,2,643115,12,2024,July,20,2026-09-03 19:40:19.193988,2.1218343600273784
EMP01861,Meena Bansal,Female,27,Sales,Regional Sales Head,Delhi,Full-Time,2019-10-19,Active,,,4,1972175,8,2019,October,19,2026-09-03 19:40:19.193988,6.874743326488707
EMP01862,Praveen Singh,Male,36,Operations,Operations Executive,Mumbai,Full-Time,2022-07-23,Active,,,3,459414,5,2022,July,23,2026-09-03 19:40:19.193988,4.114989733059549
EMP01863,Rekha Patel,Female,41,Sales,Sales Executive,Delhi,Full-Time,2020-09-05,Active,,,3,477743,12,2020,September,5,2026-09-03 19:40:19.193988,5.993155373032169
EMP01864,Sunil Mishra,Male,48,Marketing,Marketing Executive,Delhi,Contract,2018-12-02,Active,,,5,462154,23,2018,December,2,2026-09-03 19:40:19.193988,7.753593429158111
EMP01865,Arun Desai,Male,39,HR,HR Manager,Delhi,Full-Time,2024-01-27,Active,,,3,1007392,13,2024,January,27,2026-09-03 19:40:19.193988,2.6009582477754964
EMP01866,Rohit Nair,Male,54,IT,IT Manager,Delhi,Contract,2023-08-07,Active,,,3,2370575,19,2023,August,7,2026-09-03 19:40:19.193988,3.07460643394935
EMP01867,Sanjay Iyer,Male,46,HR,HR Executive,Chennai,Full-Time,2018-11-13,Inactive,2023-07-24,Personal Reasons,4,374868,11,2018,November,13,2023-07-24 00:00:00.000000,4.692676249144422
EMP01868,Arun Patel,Male,36,IT,Senior Engineer,Chennai,Full-Time,2021-04-05,Active,,,1,1561419,0,2021,April,5,2026-09-03 19:40:19.193988,5.412731006160164
EMP01869,Isha Joshi,Female,50,Finance,Financial Analyst,Chennai,Full-Time,2018-09-22,Active,,,3,558188,18,2018,September,22,2026-09-03 19:40:19.193988,7.94798083504449
EMP01870,Suman Iyer,Female,49,Sales,Sales Manager,Delhi,Contract,2023-07-04,Active,,,3,1092307,2,2023,July,4,2026-09-03 19:40:19.193988,3.167693360711841
EMP01871,Naveen Patel,Male,45,Sales,Sales Manager,Mumbai,Full-Time,2021-01-07,Active,,,3,858549,5,2021,January,7,2026-09-03 19:40:19.193988,5.653661875427789
EMP01872,Anil Joshi,Male,55,Marketing,Content Specialist,Chennai,Full-Time,2023-10-20,Active,,,5,594180,12,2023,October,20,2026-09-03 19:40:19.193988,2.8720054757015743
EMP01873,Vikas Verma,Male,32,Operations,Operations Executive,Delhi,Full-Time,2025-12-06,Inactive,2026-08-01,Retirement,3,365410,2,2025,December,6,2026-08-01 00:00:00.000000,0.6516084873374401
EMP01874,Rohit Patel,Male,31,Marketing,Marketing Manager,Mumbai,Contract,2021-04-15,Active,,,2,913335,5,2021,April,15,2026-09-03 19:40:19.193988,5.385352498288843
EMP01875,Deepak Rathore,Male,26,Customer Support,Support Team Lead,Mumbai,Full-Time,2023-11-03,Active,,,4,532145,1,2023,November,3,2026-09-03 19:40:19.193988,2.833675564681725
EMP01876,Nikhil Yadav,Male,49,Customer Support,Support Team Lead,Hyderabad,Full-Time,2023-04-11,Active,,,2,566698,6,2023,April,11,2026-09-03 19:40:19.193988,3.3976728268309375
EMP01877,Gaurav Gupta,Male,39,Customer Support,Support Executive,Noida,Full-Time,2019-02-20,Active,,,3,322522,3,2019,February,20,2026-09-03 19:40:19.193988,7.534565366187543
EMP01878,Sunil Bansal,Male,31,Customer Support,Support Team Lead,Chennai,Full-Time,2020-01-03,Active,,,5,554833,0,2020,January,3,2026-09-03 19:40:19.193988,6.666666666666667
EMP01879,Rajesh Yadav,Male,54,Sales,Sales Manager,Hyderabad,Full-Time,2018-03-26,Active,,,4,785466,4,2018,March,26,2026-09-03 19:40:19.193988,8.44079397672827
EMP01880,Anil Verma,Male,37,IT,QA Analyst,Mumbai,Full-Time,2019-06-26,Active,,,2,651041,18,2019,June,26,2026-09-03 19:40:19.193988,7.189596167008898
EMP01881,Manoj Malhotra,Male,29,Finance,Accountant,Pune,Full-Time,2019-12-19,Active,,,4,457417,19,2019,December,19,2026-09-03 19:40:19.193988,6.707734428473648
EMP01882,Rahul Gupta,Male,40,Marketing,Marketing Manager,Mumbai,Full-Time,2018-01-03,Active,,,3,1111058,21,2018,January,3,2026-09-03 19:40:19.193988,8.6652977412731
EMP01883,Divya Bansal,Female,55,IT,QA Analyst,Hyderabad,Full-Time,2023-03-27,Active,,,2,600713,22,2023,March,27,2026-09-03 19:40:19.193988,3.4387405886379194
EMP01884,Arun Patel,Male,54,Finance,Financial Analyst,Pune,Full-Time,2019-11-15,Active,,,4,585322,1,2019,November,15,2026-09-03 19:40:19.193988,6.80082135523614
EMP01885,Meena Gupta,Female,29,IT,IT Manager,Noida,Full-Time,2021-05-07,Active,,,3,2029930,12,2021,May,7,2026-09-03 19:40:19.193988,5.325119780971937
EMP01886,Ashok Iyer,Male,34,Sales,Sales Executive,Bangalore,Full-Time,2023-06-19,Active,,,5,374491,24,2023,June,19,2026-09-03 19:40:19.193988,3.2087611225188226
EMP01887,Ravi Malhotra,Male,30,Sales,Regional Sales Head,Noida,Full-Time,2026-07-05,Active,,,3,1747419,7,2026,July,5,2026-09-03 19:40:19.193988,0.16427104722792607
EMP01888,Kavita Sharma,Female,53,Operations,Operations Executive,Pune,Contract,2020-11-01,Active,,,3,476765,11,2020,November,1,2026-09-03 19:40:19.193988,5.83709787816564
EMP01889,Meena Malhotra,Female,37,Finance,Accountant,Pune,Full-Time,2018-07-30,Active,,,3,604407,3,2018,July,30,2026-09-03 19:40:19.193988,8.095824777549623
EMP01890,Ashok Iyer,Male,46,Finance,Accountant,Bangalore,Full-Time,2023-03-21,Active,,,4,599422,2,2023,March,21,2026-09-03 19:40:19.193988,3.455167693360712
EMP01891,Aarti Reddy,Female,57,Marketing,Marketing Manager,Noida,Full-Time,2023-10-01,Active,,,4,1162411,15,2023,October,1,2026-09-03 19:40:19.193988,2.924024640657084
EMP01892,Vijay Iyer,Male,54,Customer Support,Support Team Lead,Mumbai,Contract,2021-06-25,Inactive,2022-03-19,Personal Reasons,2,688641,17,2021,June,25,2022-03-19 00:00:00.000000,0.731006160164271
EMP01893,Shreya Verma,Female,55,Sales,Sales Executive,Hyderabad,Full-Time,2020-06-14,Active,,,3,411737,10,2020,June,14,2026-09-03 19:40:19.193988,6.220396988364135
EMP01894,Gaurav Malhotra,Male,40,Operations,Operations Manager,Hyderabad,Full-Time,2021-08-30,Active,,,2,1053440,18,2021,August,30,2026-09-03 19:40:19.193988,5.0102669404517455
EMP01895,Suresh Malhotra,Male,54,Operations,Operations Manager,Pune,Contract,2026-07-25,Active,,,4,1045550,23,2026,July,25,2026-09-03 19:40:19.193988,0.10951403148528405
EMP01896,Isha Agarwal,Female,43,HR,HR Executive,Mumbai,Full-Time,2022-03-28,Active,,,2,410377,23,2022,March,28,2026-09-03 19:40:19.193988,4.435318275154004
EMP01897,Manoj Kumar,Male,27,Marketing,Marketing Executive,Noida,Full-Time,2020-03-15,Active,,,4,432136,7,2020,March,15,2026-09-03 19:40:19.193988,6.469541409993155
EMP01898,Rahul Verma,Male,34,Sales,Sales Manager,Delhi,Full-Time,2019-06-29,Active,,,4,834719,4,2019,June,29,2026-09-03 19:40:19.193988,7.181382614647502
EMP01899,Swati Bansal,Female,26,Customer Support,Support Team Lead,Mumbai,Full-Time,2018-01-03,Inactive,2018-08-04,Relocation,5,684537,2,2018,January,3,2018-08-04 00:00:00.000000,0.5831622176591376
EMP01900,Deepak Malhotra,Male,29,Sales,Sales Executive,Chennai,Intern,2023-07-15,Inactive,2026-04-11,Health Issues,3,483904,19,2023,July,15,2026-04-11 00:00:00.000000,2.7405886379192332
EMP01901,Suman Kapoor,Female,57,Sales,Sales Manager,Hyderabad,Full-Time,2024-04-06,Active,,,5,1058176,10,2024,April,6,2026-09-03 19:40:19.193988,2.409308692676249
EMP01902,Rajesh Agarwal,Male,55,Marketing,Marketing Executive,Chennai,Full-Time,2025-08-25,Active,,,4,527614,24,2025,August,25,2026-09-03 19:40:19.193988,1.0239561943874058
EMP01903,Deepak Joshi,Male,39,IT,Software Engineer,Pune,Full-Time,2023-06-03,Active,,,2,737473,15,2023,June,3,2026-09-03 19:40:19.193988,3.252566735112936
EMP01904,Divya Verma,Female,28,HR,Recruiter,Bangalore,Full-Time,2020-11-21,Active,,,3,482402,7,2020,November,21,2026-09-03 19:40:19.193988,5.782340862422998
EMP01905,Deepak Malhotra,Male,56,Operations,Operations Executive,Delhi,Intern,2025-10-27,Active,,,3,426324,12,2025,October,27,2026-09-03 19:40:19.193988,0.8514715947980835
EMP01906,Swati Chopra,Female,37,Marketing,Marketing Manager,Bangalore,Full-Time,2018-11-29,Inactive,2024-06-20,Higher Studies,4,832701,10,2018,November,29,2024-06-20 00:00:00.000000,5.557837097878165
EMP01907,Rahul Rathore,Male,31,Marketing,Marketing Manager,Noida,Contract,2022-11-06,Active,,,3,1179276,10,2022,November,6,2026-09-03 19:40:19.193988,3.8247775496235454
EMP01908,Suman Singh,Female,53,Operations,Operations Manager,Mumbai,Full-Time,2023-06-16,Active,,,4,907684,6,2023,June,16,2026-09-03 19:40:19.193988,3.216974674880219
EMP01909,Arun Rathore,Male,32,Admin,Admin Executive,Bangalore,Full-Time,2020-09-23,Active,,,1,381217,18,2020,September,23,2026-09-03 19:40:19.193988,5.943874058863792
EMP01910,Arun Gupta,Male,22,Marketing,Marketing Executive,Delhi,Full-Time,2018-12-04,Inactive,2023-11-23,Performance Issue,1,543884,22,2018,December,4,2023-11-23 00:00:00.000000,4.969199178644764
EMP01911,Ravi Verma,Male,24,IT,Software Engineer,Pune,Full-Time,2019-12-29,Inactive,2024-04-08,Higher Studies,3,786985,22,2019,December,29,2024-04-08 00:00:00.000000,4.276522929500342
EMP01912,Vikas Chopra,Male,41,Operations,Operations Executive,Delhi,Full-Time,2019-11-08,Active,,,3,363542,18,2019,November,8,2026-09-03 19:40:19.193988,6.8199863107460645
EMP01913,Vijay Verma,Male,32,Marketing,Content Specialist,Delhi,Full-Time,2020-02-27,Active,,,2,589838,15,2020,February,27,2026-09-03 19:40:19.193988,6.5160848733744015
EMP01914,Suresh Patel,Male,55,Operations,Team Lead,Bangalore,Full-Time,2024-11-25,Inactive,2025-11-11,Personal Reasons,4,613183,19,2024,November,25,2025-11-11 00:00:00.000000,0.9609856262833676
EMP01915,Shreya Yadav,Female,54,Marketing,Content Specialist,Noida,Full-Time,2025-11-06,Inactive,2026-06-09,Personal Reasons,4,562806,1,2025,November,6,2026-06-09 00:00:00.000000,0.5886379192334018
EMP01916,Arun Nair,Male,52,Marketing,Content Specialist,Mumbai,Full-Time,2025-10-17,Active,,,3,496750,16,2025,October,17,2026-09-03 19:40:19.193988,0.8788501026694046
EMP01917,Ashok Reddy,Male,41,IT,QA Analyst,Pune,Full-Time,2020-08-21,Active,,,4,513820,14,2020,August,21,2026-09-03 19:40:19.193988,6.034223134839151
EMP01918,Kavita Kumar,Female,29,IT,Software Engineer,Delhi,Full-Time,2018-08-29,Inactive,2023-11-09,Personal Reasons,3,636811,2,2018,August,29,2023-11-09 00:00:00.000000,5.196440793976728
EMP01919,Ritu Nair,Female,37,Finance,Financial Analyst,Bangalore,Full-Time,2024-06-30,Active,,,3,665687,3,2024,June,30,2026-09-03 19:40:19.193988,2.1765913757700206
EMP01920,Snehal Chopra,Female,52,Admin,Office Manager,Chennai,Full-Time,2020-05-09,Active,,,2,597410,12,2020,May,9,2026-09-03 19:40:19.193988,6.31895961670089
EMP01921,Meena Iyer,Female,38,Finance,Accountant,Delhi,Full-Time,2018-05-09,Active,,,3,587503,14,2018,May,9,2026-09-03 19:40:19.193988,8.320328542094456
EMP01922,Arun Nair,Male,49,Operations,Operations Manager,Mumbai,Full-Time,2021-09-01,Active,,,3,1109903,24,2021,September,1,2026-09-03 19:40:19.193988,5.004791238877481
EMP01923,Nikhil Yadav,Male,38,Customer Support,Support Executive,Noida,Full-Time,2019-11-04,Active,,,4,365665,10,2019,November,4,2026-09-03 19:40:19.193988,6.830937713894593
EMP01924,Ravi Verma,Male,53,Marketing,Marketing Executive,Mumbai,Contract,2023-10-02,Active,,,4,545815,23,2023,October,2,2026-09-03 19:40:19.193988,2.921286789869952
EMP01925,Anil Rathore,Male,45,Operations,Operations Executive,Noida,Full-Time,2018-02-07,Active,,,3,491435,11,2018,February,7,2026-09-03 19:40:19.193988,8.569472963723477
EMP01926,Anita Sharma,Female,54,Operations,Operations Executive,Pune,Full-Time,2026-08-27,Active,,,3,381831,21,2026,August,27,2026-09-03 19:40:19.193988,0.019164955509924708
EMP01927,Rohit Patel,Male,34,Sales,Regional Sales Head,Pune,Full-Time,2023-12-06,Active,,,4,2213868,1,2023,December,6,2026-09-03 19:40:19.193988,2.7433264887063653
EMP01928,Sunil Chopra,Male,51,Customer Support,Support Team Lead,Hyderabad,Full-Time,2026-06-23,Inactive,2026-08-27,Better Opportunity,3,607760,20,2026,June,23,2026-08-27 00:00:00.000000,0.17796030116358658
EMP01929,Vijay Kapoor,Male,58,HR,HR Manager,Pune,Full-Time,2024-10-29,Active,,,5,878464,18,2024,October,29,2026-09-03 19:40:19.193988,1.8453114305270362
EMP01930,Deepak Malhotra,Male,24,Customer Support,Support Team Lead,Bangalore,Full-Time,2025-04-24,Active,,,5,670423,18,2025,April,24,2026-09-03 19:40:19.193988,1.3607118412046544
EMP01931,Manoj Chauhan,Male,36,Customer Support,Support Team Lead,Delhi,Full-Time,2023-12-14,Inactive,2026-06-02,Performance Issue,4,567355,0,2023,December,14,2026-06-02 00:00:00.000000,2.4668035592060233
EMP01932,Swati Verma,Female,56,Sales,Sales Executive,Noida,Full-Time,2021-01-25,Active,,,3,427447,13,2021,January,25,2026-09-03 19:40:19.193988,5.604380561259411
EMP01933,Priya Agarwal,Female,41,Finance,Financial Analyst,Noida,Full-Time,2026-08-07,Active,,,2,724961,15,2026,August,7,2026-09-03 19:40:19.193988,0.07392197125256673
EMP01934,Nikhil Mishra,Male,40,Operations,Team Lead,Chennai,Full-Time,2024-03-12,Active,,,4,834465,12,2024,March,12,2026-09-03 19:40:19.193988,2.4777549623545516
EMP01935,Snehal Nair,Female,34,IT,Senior Engineer,Hyderabad,Full-Time,2025-05-11,Inactive,2026-02-14,Better Opportunity,2,1275962,7,2025,May,11,2026-02-14 00:00:00.000000,0.7638603696098563
EMP01936,Praveen Sharma,Male,38,Sales,Sales Executive,Mumbai,Full-Time,2026-05-28,Inactive,2026-08-14,Higher Studies,3,381134,5,2026,May,28,2026-08-14 00:00:00.000000,0.2135523613963039
EMP01937,Naveen Mishra,Male,28,Marketing,Content Specialist,Mumbai,Full-Time,2022-01-20,Active,,,4,482755,17,2022,January,20,2026-09-03 19:40:19.193988,4.618754277891855
EMP01938,Karan Gupta,Male,22,Marketing,Marketing Executive,Mumbai,Full-Time,2019-05-13,Active,,,4,394376,24,2019,May,13,2026-09-03 19:40:19.193988,7.310061601642711
EMP01939,Manoj Yadav,Male,43,HR,HR Executive,Noida,Full-Time,2023-01-23,Inactive,2026-03-22,Performance Issue,4,421724,15,2023,January,23,2026-03-22 00:00:00.000000,3.159479808350445
EMP01940,Gaurav Patel,Male,44,Customer Support,Support Executive,Bangalore,Contract,2019-01-12,Inactive,2021-04-26,Retirement,2,429791,23,2019,January,12,2021-04-26 00:00:00.000000,2.2861054072553046
EMP01941,Amit Desai,Male,31,Sales,Sales Executive,Delhi,Full-Time,2019-10-27,Active,,,4,423533,22,2019,October,27,2026-09-03 19:40:19.193988,6.852840520191649
EMP01942,Snehal Mishra,Female,44,Marketing,Marketing Manager,Noida,Full-Time,2025-01-30,Inactive,2026-05-03,Health Issues,3,1095067,3,2025,January,30,2026-05-03 00:00:00.000000,1.2539356605065024
EMP01943,Rohit Chauhan,Male,52,Operations,Operations Executive,Mumbai,Full-Time,2020-02-18,Active,,,4,482619,2,2020,February,18,2026-09-03 19:40:19.193988,6.54072553045859
EMP01944,Deepak Kapoor,Male,45,IT,QA Analyst,Pune,Full-Time,2021-08-12,Active,,,1,476732,14,2021,August,12,2026-09-03 19:40:19.193988,5.059548254620124
EMP01945,Sanjay Sharma,Male,45,Operations,Team Lead,Bangalore,Contract,2018-03-12,Active,,,3,711349,0,2018,March,12,2026-09-03 19:40:19.193988,8.479123887748118
EMP01946,Rajesh Malhotra,Male,55,Sales,Sales Executive,Mumbai,Contract,2019-01-29,Active,,,1,358639,4,2019,January,29,2026-09-03 19:40:19.193988,7.594798083504449
EMP01947,Kiran Kapoor,Female,43,Finance,Financial Analyst,Hyderabad,Full-Time,2026-02-21,Inactive,2026-04-30,Health Issues,5,769658,10,2026,February,21,2026-04-30 00:00:00.000000,0.1861738535249829
EMP01948,Deepak Reddy,Male,40,Marketing,Content Specialist,Noida,Full-Time,2022-10-10,Inactive,2023-07-15,Better Opportunity,3,612809,21,2022,October,10,2023-07-15 00:00:00.000000,0.7611225188227242
EMP01949,Ravi Patel,Male,43,Marketing,Marketing Manager,Mumbai,Full-Time,2021-02-23,Active,,,1,1180397,16,2021,February,23,2026-09-03 19:40:19.193988,5.5249828884325805
EMP01950,Suman Gupta,Female,41,Sales,Sales Manager,Bangalore,Full-Time,2026-04-14,Active,,,3,774413,9,2026,April,14,2026-09-03 19:40:19.193988,0.3887748117727584
EMP01951,Rajesh Yadav,Male,55,Sales,Regional Sales Head,Delhi,Intern,2019-07-17,Active,,,3,2143130,11,2019,July,17,2026-09-03 19:40:19.193988,7.132101300479124
EMP01952,Suresh Singh,Male,42,Sales,Sales Manager,Noida,Full-Time,2021-09-29,Active,,,4,830742,6,2021,September,29,2026-09-03 19:40:19.193988,4.9281314168377826
EMP01953,Nikhil Gupta,Male,41,Sales,Sales Executive,Delhi,Full-Time,2021-02-06,Active,,,2,428033,17,2021,February,6,2026-09-03 19:40:19.193988,5.5715263518138265
EMP01954,Vijay Bansal,Male,56,HR,Recruiter,Noida,Full-Time,2025-09-29,Active,,,3,481926,9,2025,September,29,2026-09-03 19:40:19.193988,0.9281314168377823
EMP01955,Suresh Chauhan,Male,27,Customer Support,Support Executive,Bangalore,Contract,2022-09-18,Active,,,3,335166,1,2022,September,18,2026-09-03 19:40:19.193988,3.9589322381930185
EMP01956,Ravi Gupta,Male,28,HR,HR Executive,Hyderabad,Full-Time,2018-01-17,Active,,,4,346803,11,2018,January,17,2026-09-03 19:40:19.193988,8.626967830253252
EMP01957,Arun Bansal,Male,57,Customer Support,Support Executive,Bangalore,Contract,2019-10-13,Active,,,3,332160,10,2019,October,13,2026-09-03 19:40:19.193988,6.891170431211499
EMP01958,Anil Yadav,Male,28,Sales,Regional Sales Head,Hyderabad,Full-Time,2025-11-10,Active,,,3,1542128,6,2025,November,10,2026-09-03 19:40:19.193988,0.813141683778234
EMP01959,Ravi Yadav,Male,55,Customer Support,Support Executive,Pune,Full-Time,2018-01-22,Active,,,3,378236,23,2018,January,22,2026-09-03 19:40:19.193988,8.61327857631759
EMP01960,Sanjay Kapoor,Male,49,Operations,Team Lead,Mumbai,Full-Time,2018-09-01,Active,,,4,781727,6,2018,September,1,2026-09-03 19:40:19.193988,8.005475701574264
EMP01961,Rohit Reddy,Male,48,HR,HR Manager,Mumbai,Full-Time,2022-07-15,Active,,,3,868558,7,2022,July,15,2026-09-03 19:40:19.193988,4.136892539356605
EMP01962,Aarti Singh,Female,53,Marketing,Content Specialist,Pune,Full-Time,2020-11-10,Inactive,2022-04-23,Performance Issue,3,543147,23,2020,November,10,2022-04-23 00:00:00.000000,1.4483230663928817
EMP01963,Manoj Kumar,Male,29,Sales,Regional Sales Head,Mumbai,Full-Time,2025-03-09,Active,,,4,1709121,22,2025,March,9,2026-09-03 19:40:19.193988,1.486652977412731
EMP01964,Neha Joshi,Female,26,IT,Senior Engineer,Chennai,Full-Time,2018-07-10,Active,,,3,1174140,6,2018,July,10,2026-09-03 19:40:19.193988,8.150581793292266
EMP01965,Manoj Singh,Male,29,IT,Software Engineer,Chennai,Full-Time,2020-05-10,Active,,,2,598852,3,2020,May,10,2026-09-03 19:40:19.193988,6.316221765913758
EMP01966,Rajesh Mishra,Male,29,Sales,Sales Manager,Mumbai,Full-Time,2019-08-26,Active,,,4,882040,13,2019,August,26,2026-09-03 19:40:19.193988,7.02258726899384
EMP01967,Arun Agarwal,Male,34,Admin,Office Manager,Pune,Full-Time,2025-06-09,Active,,,3,545019,12,2025,June,9,2026-09-03 19:40:19.193988,1.2347707049965777
EMP01968,Vikas Mishra,Male,37,Sales,Regional Sales Head,Noida,Full-Time,2025-06-05,Active,,,1,2213382,13,2025,June,5,2026-09-03 19:40:19.193988,1.2457221081451062
EMP01969,Neha Patel,Female,32,Customer Support,Support Executive,Pune,Full-Time,2023-03-14,Inactive,2023-09-12,Higher Studies,3,361724,9,2023,March,14,2023-09-12 00:00:00.000000,0.49828884325804246
EMP01970,Meena Rathore,Female,40,HR,HR Executive,Bangalore,Full-Time,2019-07-31,Active,,,1,408184,0,2019,July,31,2026-09-03 19:40:19.193988,7.093771389459275
EMP01971,Praveen Agarwal,Male,44,HR,HR Executive,Hyderabad,Full-Time,2023-02-05,Active,,,4,375890,6,2023,February,5,2026-09-03 19:40:19.193988,3.575633127994524
EMP01972,Manoj Kapoor,Male,52,Operations,Operations Manager,Bangalore,Full-Time,2019-10-20,Active,,,3,1090730,0,2019,October,20,2026-09-03 19:40:19.193988,6.872005475701574
EMP01973,Deepak Kapoor,Male,54,HR,HR Manager,Mumbai,Full-Time,2024-03-09,Active,,,3,817089,8,2024,March,9,2026-09-03 19:40:19.193988,2.485968514715948
EMP01974,Suman Agarwal,Female,39,HR,HR Manager,Chennai,Full-Time,2019-02-09,Active,,,4,950932,9,2019,February,9,2026-09-03 19:40:19.193988,7.564681724845996
EMP01975,Divya Sharma,Female,37,Finance,Accountant,Hyderabad,Full-Time,2019-03-15,Active,,,4,475419,7,2019,March,15,2026-09-03 19:40:19.193988,7.471594798083505
EMP01976,Karan Desai,Male,55,IT,Senior Engineer,Chennai,Full-Time,2023-07-29,Inactive,2023-11-06,Relocation,4,1504616,24,2023,July,29,2023-11-06 00:00:00.000000,0.2737850787132101
EMP01977,Karan Rathore,Male,34,Admin,Office Manager,Delhi,Full-Time,2023-05-25,Active,,,4,685828,23,2023,May,25,2026-09-03 19:40:19.193988,3.277207392197125
EMP01978,Naveen Patel,Male,34,Finance,Financial Analyst,Noida,Contract,2021-01-18,Active,,,3,726657,19,2021,January,18,2026-09-03 19:40:19.193988,5.623545516769336
EMP01979,Nikhil Chopra,Male,52,Sales,Sales Manager,Delhi,Full-Time,2022-04-06,Active,,,3,1085492,10,2022,April,6,2026-09-03 19:40:19.193988,4.4106776180698155
EMP01980,Neha Nair,Female,37,Sales,Sales Manager,Pune,Full-Time,2026-07-06,Active,,,3,942534,13,2026,July,6,2026-09-03 19:40:19.193988,0.16153319644079397
EMP01981,Snehal Sharma,Female,58,Operations,Team Lead,Delhi,Full-Time,2019-02-27,Active,,,2,659765,1,2019,February,27,2026-09-03 19:40:19.193988,7.515400410677618
EMP01982,Meena Malhotra,Female,26,IT,QA Analyst,Hyderabad,Contract,2026-04-14,Inactive,2026-08-22,Performance Issue,4,625554,7,2026,April,14,2026-08-22 00:00:00.000000,0.35592060232717315
EMP01983,Meena Mishra,Female,38,Sales,Sales Manager,Delhi,Full-Time,2018-05-30,Inactive,2025-02-28,Performance Issue,4,808299,8,2018,May,30,2025-02-28 00:00:00.000000,6.751540041067762
EMP01984,Nikhil Malhotra,Male,37,IT,Senior Engineer,Delhi,Full-Time,2021-10-27,Active,,,2,1153625,8,2021,October,27,2026-09-03 19:40:19.193988,4.851471594798084
EMP01985,Gaurav Bansal,Male,37,Marketing,Content Specialist,Chennai,Full-Time,2026-07-14,Active,,,3,562799,17,2026,July,14,2026-09-03 19:40:19.193988,0.13963039014373715
EMP01986,Anil Sharma,Male,48,Marketing,Marketing Manager,Noida,Contract,2020-06-05,Active,,,2,845535,16,2020,June,5,2026-09-03 19:40:19.193988,6.245037645448323
EMP01987,Nikhil Joshi,Male,49,Sales,Regional Sales Head,Bangalore,Full-Time,2018-01-01,Active,,,4,2202951,24,2018,January,1,2026-09-03 19:40:19.193988,8.670773442847365
EMP01988,Nisha Bansal,Female,28,IT,Senior Engineer,Delhi,Intern,2026-04-15,Active,,,2,1402286,21,2026,April,15,2026-09-03 19:40:19.193988,0.3860369609856263
EMP01989,Manoj Mishra,Male,36,Sales,Sales Executive,Noida,Contract,2019-10-05,Active,,,3,457190,6,2019,October,5,2026-09-03 19:40:19.193988,6.913073237508556
EMP01990,Meena Mishra,Female,25,Customer Support,Support Executive,Bangalore,Full-Time,2023-03-03,Active,,,1,329087,4,2023,March,3,2026-09-03 19:40:19.193988,3.5044490075290895
EMP01991,Neha Singh,Female,41,IT,Senior Engineer,Bangalore,Full-Time,2025-01-12,Active,,,3,1329547,22,2025,January,12,2026-09-03 19:40:19.193988,1.6399726214921286
EMP01992,Vijay Yadav,Male,32,Sales,Sales Manager,Pune,Full-Time,2018-02-01,Active,,,1,956890,21,2018,February,1,2026-09-03 19:40:19.193988,8.58590006844627
EMP01993,Naveen Singh,Male,35,Customer Support,Support Executive,Noida,Intern,2019-10-08,Inactive,2024-08-02,Better Opportunity,4,358346,22,2019,October,8,2024-08-02 00:00:00.000000,4.818617385352498
EMP01994,Anil Patel,Male,56,Customer Support,Support Team Lead,Pune,Full-Time,2019-10-07,Active,,,2,561741,14,2019,October,7,2026-09-03 19:40:19.193988,6.907597535934292
EMP01995,Swati Yadav,Female,39,Operations,Team Lead,Noida,Full-Time,2022-12-29,Active,,,4,764758,23,2022,December,29,2026-09-03 19:40:19.193988,3.679671457905544
EMP01996,Amit Mishra,Male,56,IT,QA Analyst,Bangalore,Full-Time,2022-03-19,Active,,,3,487525,18,2022,March,19,2026-09-03 19:40:19.193988,4.459958932238193
EMP01997,Suresh Kumar,Male,56,Operations,Operations Executive,Mumbai,Full-Time,2026-04-07,Active,,,3,376011,15,2026,April,7,2026-09-03 19:40:19.193988,0.4079397672826831
EMP01998,Divya Chopra,Female,33,Customer Support,Support Executive,Delhi,Full-Time,2023-10-23,Active,,,3,329952,4,2023,October,23,2026-09-03 19:40:19.193988,2.863791923340178
EMP01999,Deepak Verma,Male,57,IT,Software Engineer,Mumbai,Full-Time,2024-01-17,Inactive,2025-09-05,Retirement,3,621190,8,2024,January,17,2025-09-05 00:00:00.000000,1.6344969199178645
EMP02000,Rajesh Bansal,Male,24,HR,HR Executive,Noida,Contract,2020-01-01,Active,,,2,476039,6,2020,January,1,2026-09-03 19:40:19.193988,6.672142368240931
